dataset,image,sigma,method,mean_psnr,std_psnr,mean_ssim,std_ssim,num_samples
BSD68,test001.png,10,adaptive,21.6360337035974,0,0.475918823414627,0,1
BSD68,test001.png,10,bilateral,28.4804911029148,0,0.812937208237184,0,1
BSD68,test001.png,10,guided,27.5870746804116,0,0.795782142970745,0,1
BSD68,test001.png,10,l0,20.336213841306,0,0.377274942846199,0,1
BSD68,test001.png,10,lgss,24.0980097071,0,0.5770137607,0,1
BSD68,test001.png,10,original,18.490928314644,0,0.290988510909037,0,1
BSD68,test001.png,10,tv,17.873494933,0,0.3977735896,0,1
BSD68,test001.png,20,adaptive,23.1456075241938,0,0.577862640687196,0,1
BSD68,test001.png,20,bilateral,25.4404769463229,0,0.719327525644325,0,1
BSD68,test001.png,20,guided,25.0993684165315,0,0.705154759637714,0,1
BSD68,test001.png,20,l0,20.5082634556368,0,0.39549219108159,0,1
BSD68,test001.png,20,lgss,23.816184593,0,0.6053774124,0,1
BSD68,test001.png,20,original,19.1595999410735,0,0.3217288138937,0,1
BSD68,test001.png,20,tv,17.215163711,0,0.3676478886,0,1
BSD68,test001.png,25,adaptive,22.187308485241,0,0.581718362771769,0,1
BSD68,test001.png,25,bilateral,23.4711373808216,0,0.631150789752857,0,1
BSD68,test001.png,25,guided,23.4137568294431,0,0.624734325842202,0,1
BSD68,test001.png,25,l0,20.6196682377344,0,0.412310153409021,0,1
BSD68,test001.png,25,lgss,22.8080497406,0,0.585202483,0,1
BSD68,test001.png,25,original,19.437947712886,0,0.342832215019348,0,1
BSD68,test001.png,25,tv,16.5448805287,0,0.3367787029,0,1
BSD68,test001.png,50,adaptive,15.2133920652624,0,0.279480559795774,0,1
BSD68,test001.png,50,bilateral,16.4665737470227,0,0.307498971186075,0,1
BSD68,test001.png,50,guided,16.9063075141802,0,0.317015615529691,0,1
BSD68,test001.png,50,l0,17.2393451415076,0,0.320510916486908,0,1
BSD68,test001.png,50,lgss,15.9818831574,0,0.3189966757,0,1
BSD68,test001.png,50,original,17.5715252408887,0,0.360590767991965,0,1
BSD68,test001.png,50,tv,13.371984527,0,0.2053234898,0,1
BSD68,test002.png,10,adaptive,23.4945865576414,0,0.720712017139802,0,1
BSD68,test002.png,10,bilateral,31.2829261548387,0,0.892263251749857,0,1
BSD68,test002.png,10,guided,30.2486303072499,0,0.87915101692431,0,1
BSD68,test002.png,10,l0,22.2656488835221,0,0.678352418170304,0,1
BSD68,test002.png,10,lgss,26.531842911,0,0.8033571264,0,1
BSD68,test002.png,10,original,19.5160518091444,0,0.625946787821129,0,1
BSD68,test002.png,10,tv,17.8224970814,0,0.2347127108,0,1
BSD68,test002.png,20,adaptive,25.3786242632803,0,0.771794550593916,0,1
BSD68,test002.png,20,bilateral,27.3301689583022,0,0.713998761190024,0,1
BSD68,test002.png,20,guided,26.9269007540659,0,0.711553215929526,0,1
BSD68,test002.png,20,l0,22.5759219435914,0,0.688554910554525,0,1
BSD68,test002.png,20,lgss,26.4215025045,0,0.8232936379,0,1
BSD68,test002.png,20,original,19.9583542021918,0,0.641242911003235,0,1
BSD68,test002.png,20,tv,17.166543626,0,0.2126688142,0,1
BSD68,test002.png,25,adaptive,23.914222586094,0,0.65740109498775,0,1
BSD68,test002.png,25,bilateral,24.8935827400716,0,0.57709010930897,0,1
BSD68,test002.png,25,guided,24.7729930860456,0,0.587950823290978,0,1
BSD68,test002.png,25,l0,22.5732449707577,0,0.692565143945185,0,1
BSD68,test002.png,25,lgss,24.8141764574,0,0.7831917598,0,1
BSD68,test002.png,25,original,20.2027571905138,0,0.651395962590235,0,1
BSD68,test002.png,25,tv,16.518157325,0,0.1934110106,0,1
BSD68,test002.png,50,adaptive,15.3925753434584,0,0.196509606918192,0,1
BSD68,test002.png,50,bilateral,16.7131727795343,0,0.195451501043191,0,1
BSD68,test002.png,50,guided,17.0828632713541,0,0.212950175759595,0,1
BSD68,test002.png,50,l0,17.5322189292446,0,0.331593195759822,0,1
BSD68,test002.png,50,lgss,16.3924170001,0,0.399462774,0,1
BSD68,test002.png,50,original,17.6760878676008,0,0.437589932825231,0,1
BSD68,test002.png,50,tv,13.2411430028,0,0.1134395943,0,1
BSD68,test003.png,10,adaptive,23.9055021338935,0,0.739326875543045,0,1
BSD68,test003.png,10,bilateral,31.7640721549655,0,0.882897927194336,0,1
BSD68,test003.png,10,guided,30.5187064964401,0,0.869176762589248,0,1
BSD68,test003.png,10,l0,21.7188585277018,0,0.69757074009072,0,1
BSD68,test003.png,10,lgss,24.1519440208,0,0.7834555364,0,1
BSD68,test003.png,10,original,19.7224516765233,0,0.653273365518736,0,1
BSD68,test003.png,10,tv,17.3532369332,0,0.2352170645,0,1
BSD68,test003.png,20,adaptive,25.3647007220484,0,0.743531258389429,0,1
BSD68,test003.png,20,bilateral,27.0404547941655,0,0.625110848388875,0,1
BSD68,test003.png,20,guided,26.7629991882452,0,0.622486993493474,0,1
BSD68,test003.png,20,l0,21.8846540678176,0,0.703742075607034,0,1
BSD68,test003.png,20,lgss,24.8775202399,0,0.803200907,0,1
BSD68,test003.png,20,original,20.5785699695473,0,0.666319378364488,0,1
BSD68,test003.png,20,tv,16.8278158478,0,0.2190389373,0,1
BSD68,test003.png,25,adaptive,23.5787196651487,0,0.525914331952581,0,1
BSD68,test003.png,25,bilateral,24.366301694126,0,0.476017384766372,0,1
BSD68,test003.png,25,guided,24.4026113722681,0,0.477589679454697,0,1
BSD68,test003.png,25,l0,21.7240646743764,0,0.70485356948314,0,1
BSD68,test003.png,25,lgss,24.3318608889,0,0.7726144724,0,1
BSD68,test003.png,25,original,21.0317926603096,0,0.675037949723429,0,1
BSD68,test003.png,25,tv,16.1983710104,0,0.2024962699,0,1
BSD68,test003.png,50,adaptive,14.8052714556601,0,0.16942013954257,0,1
BSD68,test003.png,50,bilateral,16.2338259979089,0,0.19029503025055,0,1
BSD68,test003.png,50,guided,16.6396140731652,0,0.195568453902126,0,1
BSD68,test003.png,50,l0,17.2639393713966,0,0.234015269137964,0,1
BSD68,test003.png,50,lgss,16.1641831531,0,0.2330788325,0,1
BSD68,test003.png,50,original,17.3510049905912,0,0.275631570896099,0,1
BSD68,test003.png,50,tv,12.9766532098,0,0.1287856415,0,1
BSD68,test004.png,10,adaptive,20.5648670307727,0,0.559570654326139,0,1
BSD68,test004.png,10,bilateral,31.5850736321002,0,0.86219090238754,0,1
BSD68,test004.png,10,guided,30.2399841214648,0,0.835688412930364,0,1
BSD68,test004.png,10,l0,20.3791830701584,0,0.543181714050813,0,1
BSD68,test004.png,10,lgss,24.134873517,0,0.660985858,0,1
BSD68,test004.png,10,original,18.9863985605043,0,0.508526376867058,0,1
BSD68,test004.png,10,tv,17.1120115618,0,0.1886210723,0,1
BSD68,test004.png,20,adaptive,23.4158407469914,0,0.620108944655574,0,1
BSD68,test004.png,20,bilateral,27.1539149922168,0,0.621497095164787,0,1
BSD68,test004.png,20,guided,27.0213306215,0,0.614530648597835,0,1
BSD68,test004.png,20,l0,20.8774556861788,0,0.554761175557084,0,1
BSD68,test004.png,20,lgss,25.3129123105,0,0.7140341791,0,1
BSD68,test004.png,20,original,18.9492958540373,0,0.513461376124084,0,1
BSD68,test004.png,20,tv,16.7139240999,0,0.1756225864,0,1
BSD68,test004.png,25,adaptive,23.7051333990753,0,0.509443133131943,0,1
BSD68,test004.png,25,bilateral,24.4773730613663,0,0.471817192879676,0,1
BSD68,test004.png,25,guided,24.6344391606808,0,0.472872977398291,0,1
BSD68,test004.png,25,l0,21.3460560921978,0,0.563544637684267,0,1
BSD68,test004.png,25,lgss,24.2743447778,0,0.6506796933,0,1
BSD68,test004.png,25,original,19.2106431566174,0,0.520665125082353,0,1
BSD68,test004.png,25,tv,16.0978468199,0,0.1579692337,0,1
BSD68,test004.png,50,adaptive,14.7623083801532,0,0.127257891316163,0,1
BSD68,test004.png,50,bilateral,16.2615238392967,0,0.153490167682811,0,1
BSD68,test004.png,50,guided,16.6912134561673,0,0.159934760464629,0,1
BSD68,test004.png,50,l0,17.356404691635,0,0.200627469414658,0,1
BSD68,test004.png,50,lgss,15.5225276686,0,0.1658632857,0,1
BSD68,test004.png,50,original,17.5474156999167,0,0.254597904585575,0,1
BSD68,test004.png,50,tv,12.9337047415,0,0.0873642161,0,1
BSD68,test005.png,10,adaptive,20.5401037997329,0,0.544733093550855,0,1
BSD68,test005.png,10,bilateral,29.4453225986473,0,0.858086307390419,0,1
BSD68,test005.png,10,guided,28.4478069770547,0,0.840739760031387,0,1
BSD68,test005.png,10,l0,19.7421214074495,0,0.480503196798079,0,1
BSD68,test005.png,10,lgss,24.2464454395,0,0.6734281191,0,1
BSD68,test005.png,10,original,18.0611659411461,0,0.415601745363446,0,1
BSD68,test005.png,10,tv,17.9298386897,0,0.3244780366,0,1
BSD68,test005.png,20,adaptive,22.7372421683291,0,0.651692307281526,0,1
BSD68,test005.png,20,bilateral,26.1009312923067,0,0.735771400725968,0,1
BSD68,test005.png,20,guided,25.8313057546371,0,0.731394864031373,0,1
BSD68,test005.png,20,l0,19.9282232003166,0,0.496311112612014,0,1
BSD68,test005.png,20,lgss,24.1198023339,0,0.7083669718,0,1
BSD68,test005.png,20,original,18.1119811319825,0,0.423956956713847,0,1
BSD68,test005.png,20,tv,17.2576184658,0,0.2963203042,0,1
BSD68,test005.png,25,adaptive,22.5114037852639,0,0.636376336816597,0,1
BSD68,test005.png,25,bilateral,24.0562788571196,0,0.629456582254749,0,1
BSD68,test005.png,25,guided,24.0594816813373,0,0.63716617434974,0,1
BSD68,test005.png,25,l0,20.1546494650719,0,0.50713049420051,0,1
BSD68,test005.png,25,lgss,23.003192871,0,0.6761408257,0,1
BSD68,test005.png,25,original,18.1904824990076,0,0.433593066032698,0,1
BSD68,test005.png,25,tv,16.6339397959,0,0.2710326777,0,1
BSD68,test005.png,50,adaptive,15.4423529585082,0,0.2484823334443,0,1
BSD68,test005.png,50,bilateral,16.6825578900234,0,0.262581275389778,0,1
BSD68,test005.png,50,guided,17.1098700050559,0,0.280087986271524,0,1
BSD68,test005.png,50,l0,17.1889274775186,0,0.340917714012788,0,1
BSD68,test005.png,50,lgss,16.0479198292,0,0.3779577245,0,1
BSD68,test005.png,50,original,17.418792689808,0,0.427036190241778,0,1
BSD68,test005.png,50,tv,13.3766629807,0,0.1602267212,0,1
BSD68,test006.png,10,adaptive,20.2064782071792,0,0.732704095913323,0,1
BSD68,test006.png,10,bilateral,33.9832768229983,0,0.90154377404242,0,1
BSD68,test006.png,10,guided,32.8673945099779,0,0.891693381006328,0,1
BSD68,test006.png,10,l0,21.3516734005944,0,0.735146140666165,0,1
BSD68,test006.png,10,lgss,22.9363254083,0,0.7811801113,0,1
BSD68,test006.png,10,original,18.9216777329552,0,0.707804283313428,0,1
BSD68,test006.png,10,tv,17.5648376414,0,0.1377395111,0,1
BSD68,test006.png,20,adaptive,21.7772923216764,0,0.74929363090145,0,1
BSD68,test006.png,20,bilateral,28.5954304864552,0,0.634096482979033,0,1
BSD68,test006.png,20,guided,28.4823140897442,0,0.644262943468599,0,1
BSD68,test006.png,20,l0,21.4034547974219,0,0.735719432748669,0,1
BSD68,test006.png,20,lgss,23.2958931597,0,0.801904928,0,1
BSD68,test006.png,20,original,18.472447122695,0,0.708673052601252,0,1
BSD68,test006.png,20,tv,17.1125568127,0,0.1277812328,0,1
BSD68,test006.png,25,adaptive,23.2378863717653,0,0.589688299353748,0,1
BSD68,test006.png,25,bilateral,25.5930129198189,0,0.465357424568359,0,1
BSD68,test006.png,25,guided,25.7589909137692,0,0.485341993050111,0,1
BSD68,test006.png,25,l0,21.4879068195114,0,0.734178890568803,0,1
BSD68,test006.png,25,lgss,23.4058302795,0,0.7594520777,0,1
BSD68,test006.png,25,original,18.8306947810035,0,0.71215425404994,0,1
BSD68,test006.png,25,tv,16.5313593386,0,0.1154488963,0,1
BSD68,test006.png,50,adaptive,15.3767050959124,0,0.108435598849999,0,1
BSD68,test006.png,50,bilateral,16.850389599139,0,0.123348957492933,0,1
BSD68,test006.png,50,guided,17.3411404295424,0,0.136811934580414,0,1
BSD68,test006.png,50,l0,17.7365575399929,0,0.251804371034822,0,1
BSD68,test006.png,50,lgss,16.7262280323,0,0.2923709822,0,1
BSD68,test006.png,50,original,17.9431438421774,0,0.383307465705013,0,1
BSD68,test006.png,50,tv,13.3545071236,0,0.0639322921,0,1
BSD68,test007.png,10,adaptive,21.1181610199759,0,0.493635036857866,0,1
BSD68,test007.png,10,bilateral,29.6785049649454,0,0.844900213273166,0,1
BSD68,test007.png,10,guided,28.2371845782677,0,0.815462380857781,0,1
BSD68,test007.png,10,l0,20.4367996192084,0,0.443894915401764,0,1
BSD68,test007.png,10,lgss,24.7144776129,0,0.6571878894,0,1
BSD68,test007.png,10,original,19.3155892532932,0,0.392967838282321,0,1
BSD68,test007.png,10,tv,17.3606526488,0,0.3190399121,0,1
BSD68,test007.png,20,adaptive,23.7289193148378,0,0.628757722898168,0,1
BSD68,test007.png,20,bilateral,25.9075819672446,0,0.690468116168273,0,1
BSD68,test007.png,20,guided,25.5283540823541,0,0.674304443105331,0,1
BSD68,test007.png,20,l0,20.9159821066451,0,0.475004811590037,0,1
BSD68,test007.png,20,lgss,24.9233899702,0,0.6877867499,0,1
BSD68,test007.png,20,original,19.5399360657987,0,0.405305035845737,0,1
BSD68,test007.png,20,tv,16.874002428,0,0.2977151815,0,1
BSD68,test007.png,25,adaptive,22.866386621343,0,0.579048067745387,0,1
BSD68,test007.png,25,bilateral,23.6698444509349,0,0.578297625455391,0,1
BSD68,test007.png,25,guided,23.6288594685652,0,0.571538696923501,0,1
BSD68,test007.png,25,l0,21.2215583799527,0,0.495209800108743,0,1
BSD68,test007.png,25,lgss,23.5289335222,0,0.6442896994,0,1
BSD68,test007.png,25,original,19.8190533505057,0,0.421471323966483,0,1
BSD68,test007.png,25,tv,16.2516411759,0,0.2733194303,0,1
BSD68,test007.png,50,adaptive,14.9419887889996,0,0.229846606295582,0,1
BSD68,test007.png,50,bilateral,16.2847105895649,0,0.259480666426018,0,1
BSD68,test007.png,50,guided,16.7058535540212,0,0.266701237881339,0,1
BSD68,test007.png,50,l0,17.3106036815716,0,0.300208138307108,0,1
BSD68,test007.png,50,lgss,15.6955677957,0,0.2676448768,0,1
BSD68,test007.png,50,original,17.6330417945869,0,0.351862739246761,0,1
BSD68,test007.png,50,tv,13.1331935068,0,0.1676522039,0,1
BSD68,test008.png,10,adaptive,22.4347696293122,0,0.517987552889994,0,1
BSD68,test008.png,10,bilateral,28.629643474501,0,0.824410129969993,0,1
BSD68,test008.png,10,guided,27.7050148635259,0,0.804859853172175,0,1
BSD68,test008.png,10,l0,20.0589311672407,0,0.415910428639189,0,1
BSD68,test008.png,10,lgss,25.0207678678,0,0.6387093431,0,1
BSD68,test008.png,10,original,19.5929219764869,0,0.375216441177762,0,1
BSD68,test008.png,10,tv,17.7318486562,0,0.3897588246,0,1
BSD68,test008.png,20,adaptive,23.6463931897715,0,0.621332540331455,0,1
BSD68,test008.png,20,bilateral,25.411035018509,0,0.709240623719518,0,1
BSD68,test008.png,20,guided,25.1512189853586,0,0.699779611186126,0,1
BSD68,test008.png,20,l0,20.4087876411623,0,0.434089250404176,0,1
BSD68,test008.png,20,lgss,24.2887949945,0,0.6703287035,0,1
BSD68,test008.png,20,original,19.9390444806917,0,0.397051738351325,0,1
BSD68,test008.png,20,tv,17.1259941921,0,0.3605690049,0,1
BSD68,test008.png,25,adaptive,22.3527131516233,0,0.598210420910036,0,1
BSD68,test008.png,25,bilateral,23.3939310723756,0,0.615197996342036,0,1
BSD68,test008.png,25,guided,23.4059870881116,0,0.612922591542884,0,1
BSD68,test008.png,25,l0,20.5576536410772,0,0.449001184361247,0,1
BSD68,test008.png,25,lgss,22.7974173701,0,0.6346344647,0,1
BSD68,test008.png,25,original,20.2892202834978,0,0.41524107725787,0,1
BSD68,test008.png,25,tv,16.4789232448,0,0.3330988012,0,1
BSD68,test008.png,50,adaptive,15.135085780819,0,0.280450609445712,0,1
BSD68,test008.png,50,bilateral,16.4080337112243,0,0.309012985005103,0,1
BSD68,test008.png,50,guided,16.8707923590256,0,0.318186988529928,0,1
BSD68,test008.png,50,l0,17.3044202804407,0,0.332532988974122,0,1
BSD68,test008.png,50,lgss,15.8432331999,0,0.3250360317,0,1
BSD68,test008.png,50,original,17.7007994135899,0,0.389965692881201,0,1
BSD68,test008.png,50,tv,13.3693272064,0,0.2125336567,0,1
BSD68,test009.png,10,adaptive,20.8758638770081,0,0.544982324247997,0,1
BSD68,test009.png,10,bilateral,30.4135397789045,0,0.859014483876406,0,1
BSD68,test009.png,10,guided,29.1891938846085,0,0.837089699903691,0,1
BSD68,test009.png,10,l0,20.1738534548867,0,0.505089010346516,0,1
BSD68,test009.png,10,lgss,24.2822310323,0,0.6655788032,0,1
BSD68,test009.png,10,original,19.246758236725,0,0.473629052546705,0,1
BSD68,test009.png,10,tv,17.6572526592,0,0.2721535406,0,1
BSD68,test009.png,20,adaptive,23.197077866107,0,0.641986871610594,0,1
BSD68,test009.png,20,bilateral,26.5236521511079,0,0.66935099767874,0,1
BSD68,test009.png,20,guided,26.2756450063513,0,0.66543825408974,0,1
BSD68,test009.png,20,l0,20.5757876977763,0,0.520954317793496,0,1
BSD68,test009.png,20,lgss,25.1472972712,0,0.7221443805,0,1
BSD68,test009.png,20,original,19.5427666135855,0,0.482890229795277,0,1
BSD68,test009.png,20,tv,17.2744939647,0,0.25615633,0,1
BSD68,test009.png,25,adaptive,23.7357188685547,0,0.626581742032142,0,1
BSD68,test009.png,25,bilateral,24.2655094654509,0,0.546941574811667,0,1
BSD68,test009.png,25,guided,24.3527893614531,0,0.552815791957322,0,1
BSD68,test009.png,25,l0,20.7580250031775,0,0.531322923707457,0,1
BSD68,test009.png,25,lgss,24.0480591031,0,0.6895339641,0,1
BSD68,test009.png,25,original,19.547384983274,0,0.487133185381432,0,1
BSD68,test009.png,25,tv,16.7153844109,0,0.2359127544,0,1
BSD68,test009.png,50,adaptive,15.5106344457681,0,0.201035335532371,0,1
BSD68,test009.png,50,bilateral,16.8580870400966,0,0.229101890943103,0,1
BSD68,test009.png,50,guided,17.4024437853729,0,0.240606032200217,0,1
BSD68,test009.png,50,l0,18.0441573667935,0,0.316596657912688,0,1
BSD68,test009.png,50,lgss,16.7966077028,0,0.359340099,0,1
BSD68,test009.png,50,original,18.8691072223019,0,0.442616283905938,0,1
BSD68,test009.png,50,tv,13.6401148334,0,0.143589716,0,1
BSD68,test010.png,10,adaptive,21.0297757683299,0,0.580886234391387,0,1
BSD68,test010.png,10,bilateral,31.1831013906471,0,0.851352066967731,0,1
BSD68,test010.png,10,guided,29.9011775570822,0,0.829273525308763,0,1
BSD68,test010.png,10,l0,19.8189024421373,0,0.552212473502555,0,1
BSD68,test010.png,10,lgss,24.7657169823,0,0.6886148582,0,1
BSD68,test010.png,10,original,19.1872474597846,0,0.514845521497473,0,1
BSD68,test010.png,10,tv,17.1685180948,0,0.2049494661,0,1
BSD68,test010.png,20,adaptive,23.9206124629482,0,0.63521058659619,0,1
BSD68,test010.png,20,bilateral,27.0104949110639,0,0.620964192660417,0,1
BSD68,test010.png,20,guided,26.8126330348576,0,0.613625741489578,0,1
BSD68,test010.png,20,l0,20.4515513438485,0,0.563980328015829,0,1
BSD68,test010.png,20,lgss,25.4022739367,0,0.7238390501,0,1
BSD68,test010.png,20,original,19.5582085897146,0,0.520808142611591,0,1
BSD68,test010.png,20,tv,16.6611209935,0,0.1886434881,0,1
BSD68,test010.png,25,adaptive,23.4584542682464,0,0.498763529280599,0,1
BSD68,test010.png,25,bilateral,24.367974432246,0,0.474789433740484,0,1
BSD68,test010.png,25,guided,24.4710590174123,0,0.474223090809194,0,1
BSD68,test010.png,25,l0,21.4318996989222,0,0.573728875878609,0,1
BSD68,test010.png,25,lgss,24.1338932857,0,0.6601563642,0,1
BSD68,test010.png,25,original,19.7397808279198,0,0.528344165579759,0,1
BSD68,test010.png,25,tv,16.011712823,0,0.1696317141,0,1
BSD68,test010.png,50,adaptive,14.6204161874195,0,0.135726836592833,0,1
BSD68,test010.png,50,bilateral,16.1179047615517,0,0.161096498848056,0,1
BSD68,test010.png,50,guided,16.5000978537853,0,0.166102120218592,0,1
BSD68,test010.png,50,l0,17.1072898459373,0,0.197344261339348,0,1
BSD68,test010.png,50,lgss,15.4043337666,0,0.1697813338,0,1
BSD68,test010.png,50,original,17.0705129026551,0,0.231411091029646,0,1
BSD68,test010.png,50,tv,12.7788334491,0,0.0947780288,0,1
BSD68,test011.png,10,adaptive,22.7258715338195,0,0.622136073599636,0,1
BSD68,test011.png,10,bilateral,29.7962946357521,0,0.884542760326574,0,1
BSD68,test011.png,10,guided,28.224184174816,0,0.850132809738274,0,1
BSD68,test011.png,10,l0,21.1642855781567,0,0.54475097227574,0,1
BSD68,test011.png,10,lgss,25.1999699178,0,0.7366181706,0,1
BSD68,test011.png,10,original,19.2568723290093,0,0.472937124978408,0,1
BSD68,test011.png,10,tv,17.9209554733,0,0.391444148,0,1
BSD68,test011.png,20,adaptive,24.6045373155909,0,0.734297597203592,0,1
BSD68,test011.png,20,bilateral,26.0242049267802,0,0.736016623853401,0,1
BSD68,test011.png,20,guided,25.2127678476442,0,0.704757735163964,0,1
BSD68,test011.png,20,l0,21.4219788432843,0,0.562197325052076,0,1
BSD68,test011.png,20,lgss,25.0494972731,0,0.7493457959,0,1
BSD68,test011.png,20,original,19.876061552612,0,0.48774394910174,0,1
BSD68,test011.png,20,tv,17.3249418677,0,0.3663761069,0,1
BSD68,test011.png,25,adaptive,23.1236774189361,0,0.663724990737183,0,1
BSD68,test011.png,25,bilateral,23.8687452595927,0,0.633214619723327,0,1
BSD68,test011.png,25,guided,23.4566432075876,0,0.613128450323775,0,1
BSD68,test011.png,25,l0,21.6161213583475,0,0.579432763056647,0,1
BSD68,test011.png,25,lgss,24.0255635837,0,0.7240932108,0,1
BSD68,test011.png,25,original,20.1465928218442,0,0.500180593160206,0,1
BSD68,test011.png,25,tv,16.6808007631,0,0.3411778899,0,1
BSD68,test011.png,50,adaptive,15.4208621149854,0,0.299166732907565,0,1
BSD68,test011.png,50,bilateral,16.6083060332821,0,0.324087087628274,0,1
BSD68,test011.png,50,guided,16.9761839868091,0,0.329229790436731,0,1
BSD68,test011.png,50,l0,17.5644223233969,0,0.371477250116525,0,1
BSD68,test011.png,50,lgss,16.4821639451,0,0.3790382464,0,1
BSD68,test011.png,50,original,17.9948986331608,0,0.429954470800288,0,1
BSD68,test011.png,50,tv,13.5138651503,0,0.2253741245,0,1
BSD68,test012.png,10,adaptive,21.4718725393841,0,0.46842853293848,0,1
BSD68,test012.png,10,bilateral,29.5831307054216,0,0.821668206419811,0,1
BSD68,test012.png,10,guided,28.1841541074196,0,0.790689381072871,0,1
BSD68,test012.png,10,l0,20.5301848032705,0,0.416432180190581,0,1
BSD68,test012.png,10,lgss,25.5077509713,0,0.654785691,0,1
BSD68,test012.png,10,original,19.161126956275,0,0.352911856627041,0,1
BSD68,test012.png,10,tv,17.1993058892,0,0.2821042307,0,1
BSD68,test012.png,20,adaptive,24.3395307211857,0,0.601805859537369,0,1
BSD68,test012.png,20,bilateral,26.0861732305317,0,0.666652898589065,0,1
BSD68,test012.png,20,guided,25.7572112717939,0,0.649971135995221,0,1
BSD68,test012.png,20,l0,21.126140584059,0,0.447088059003008,0,1
BSD68,test012.png,20,lgss,25.4338107843,0,0.6818196829,0,1
BSD68,test012.png,20,original,19.4026619214915,0,0.365857202417699,0,1
BSD68,test012.png,20,tv,16.7094803209,0,0.2628645994,0,1
BSD68,test012.png,25,adaptive,22.8845869838614,0,0.548170977914966,0,1
BSD68,test012.png,25,bilateral,23.7836678443176,0,0.549285644747987,0,1
BSD68,test012.png,25,guided,23.8000359899003,0,0.542771241945002,0,1
BSD68,test012.png,25,l0,21.5192291867617,0,0.465303200111914,0,1
BSD68,test012.png,25,lgss,23.7232610464,0,0.6270031296,0,1
BSD68,test012.png,25,original,19.7942303347695,0,0.380697794909235,0,1
BSD68,test012.png,25,tv,16.0498567006,0,0.2383773433,0,1
BSD68,test012.png,50,adaptive,14.6338546465786,0,0.194681711998242,0,1
BSD68,test012.png,50,bilateral,16.0463820279406,0,0.223838352058183,0,1
BSD68,test012.png,50,guided,16.4122286173689,0,0.229317140445087,0,1
BSD68,test012.png,50,l0,16.8559257144702,0,0.251938225503161,0,1
BSD68,test012.png,50,lgss,15.1999837411,0,0.2211698191,0,1
BSD68,test012.png,50,original,16.9282015782434,0,0.296552898431035,0,1
BSD68,test012.png,50,tv,12.7968056126,0,0.1365490668,0,1
BSD68,test013.png,10,adaptive,19.5731361841329,0,0.478341375478224,0,1
BSD68,test013.png,10,bilateral,30.6360196142068,0,0.841193021313892,0,1
BSD68,test013.png,10,guided,29.4476324919037,0,0.815131867371362,0,1
BSD68,test013.png,10,l0,20.4397920071258,0,0.486623473069529,0,1
BSD68,test013.png,10,lgss,23.5597605198,0,0.6082519264,0,1
BSD68,test013.png,10,original,17.3292139191362,0,0.434005706499596,0,1
BSD68,test013.png,10,tv,17.1077049252,0,0.2119326707,0,1
BSD68,test013.png,20,adaptive,23.2058552539406,0,0.573575830235509,0,1
BSD68,test013.png,20,bilateral,26.7579826340011,0,0.633818930978745,0,1
BSD68,test013.png,20,guided,26.6275157553172,0,0.626496579944576,0,1
BSD68,test013.png,20,l0,20.81166923716,0,0.499306341956051,0,1
BSD68,test013.png,20,lgss,24.973300432,0,0.6845456102,0,1
BSD68,test013.png,20,original,18.0047687133618,0,0.442394740197928,0,1
BSD68,test013.png,20,tv,16.6516347962,0,0.1967044332,0,1
BSD68,test013.png,25,adaptive,23.389474368468,0,0.512122669075134,0,1
BSD68,test013.png,25,bilateral,24.228705004156,0,0.494780783654934,0,1
BSD68,test013.png,25,guided,24.375666337741,0,0.494884603659533,0,1
BSD68,test013.png,25,l0,21.024735042946,0,0.508457564359177,0,1
BSD68,test013.png,25,lgss,23.9319365084,0,0.6288423336,0,1
BSD68,test013.png,25,original,18.0727473259155,0,0.445288070816081,0,1
BSD68,test013.png,25,tv,16.0124536455,0,0.1765283536,0,1
BSD68,test013.png,50,adaptive,14.5867880665389,0,0.140729591743439,0,1
BSD68,test013.png,50,bilateral,16.0714513627547,0,0.168104722216806,0,1
BSD68,test013.png,50,guided,16.4464752559403,0,0.173664046466872,0,1
BSD68,test013.png,50,l0,16.9730105514331,0,0.196033574023536,0,1
BSD68,test013.png,50,lgss,15.1949664538,0,0.1620541978,0,1
BSD68,test013.png,50,original,16.9786216444178,0,0.235560428907043,0,1
BSD68,test013.png,50,tv,12.7335844409,0,0.0954882944,0,1
BSD68,test014.png,10,adaptive,21.9099023047104,0,0.68280065328781,0,1
BSD68,test014.png,10,bilateral,32.181532317756,0,0.874796553700567,0,1
BSD68,test014.png,10,guided,30.79440939956,0,0.857357236538975,0,1
BSD68,test014.png,10,l0,21.7884899126566,0,0.665839834378151,0,1
BSD68,test014.png,10,lgss,27.1759034038,0,0.8006322862,0,1
BSD68,test014.png,10,original,19.9031461949888,0,0.62933677820382,0,1
BSD68,test014.png,10,tv,17.270597799,0,0.1964343707,0,1
BSD68,test014.png,20,adaptive,26.0296774028278,0,0.735941141946695,0,1
BSD68,test014.png,20,bilateral,27.5083304374822,0,0.60688611972403,0,1
BSD68,test014.png,20,guided,27.187371257822,0,0.601833774296757,0,1
BSD68,test014.png,20,l0,23.1385772428912,0,0.688940781587597,0,1
BSD68,test014.png,20,lgss,27.1681418269,0,0.8137473628,0,1
BSD68,test014.png,20,original,20.3368914219229,0,0.638636075682616,0,1
BSD68,test014.png,20,tv,16.7861433847,0,0.182244274,0,1
BSD68,test014.png,25,adaptive,23.8825969559503,0,0.509353483208653,0,1
BSD68,test014.png,25,bilateral,24.6967149860525,0,0.452729476796599,0,1
BSD68,test014.png,25,guided,24.7228395916746,0,0.453464371445707,0,1
BSD68,test014.png,25,l0,23.5198730977861,0,0.697976249018825,0,1
BSD68,test014.png,25,lgss,25.5776757782,0,0.7735578439,0,1
BSD68,test014.png,25,original,20.4792426960648,0,0.643311439033906,0,1
BSD68,test014.png,25,tv,16.153104267,0,0.1663317658,0,1
BSD68,test014.png,50,adaptive,14.7829173393503,0,0.139446763874918,0,1
BSD68,test014.png,50,bilateral,16.273616448213,0,0.16117268111593,0,1
BSD68,test014.png,50,guided,16.6688005530189,0,0.16665397094072,0,1
BSD68,test014.png,50,l0,17.3629947034374,0,0.209840819116953,0,1
BSD68,test014.png,50,lgss,16.0358383746,0,0.1940956395,0,1
BSD68,test014.png,50,original,17.3657684029815,0,0.249219890646578,0,1
BSD68,test014.png,50,tv,12.9248179352,0,0.0996489511,0,1
BSD68,test015.png,10,adaptive,22.0844860061556,0,0.584575488224912,0,1
BSD68,test015.png,10,bilateral,29.3630545812966,0,0.836727837181932,0,1
BSD68,test015.png,10,guided,28.4142606815926,0,0.821704476264526,0,1
BSD68,test015.png,10,l0,20.1936251810731,0,0.480838819888132,0,1
BSD68,test015.png,10,lgss,24.2568966287,0,0.6789128489,0,1
BSD68,test015.png,10,original,18.5951845008941,0,0.418856775438287,0,1
BSD68,test015.png,10,tv,17.6321071425,0,0.3317387021,0,1
BSD68,test015.png,20,adaptive,23.8855650352534,0,0.663126426910709,0,1
BSD68,test015.png,20,bilateral,25.8992292455457,0,0.686169310700223,0,1
BSD68,test015.png,20,guided,25.6363438222429,0,0.679708151574968,0,1
BSD68,test015.png,20,l0,20.5311737270815,0,0.500489923279746,0,1
BSD68,test015.png,20,lgss,24.1645161357,0,0.6950095092,0,1
BSD68,test015.png,20,original,19.2096380808732,0,0.443036954280566,0,1
BSD68,test015.png,20,tv,17.1292080864,0,0.3089965588,0,1
BSD68,test015.png,25,adaptive,22.9246103549815,0,0.601425508408664,0,1
BSD68,test015.png,25,bilateral,23.7652835174897,0,0.57632041027434,0,1
BSD68,test015.png,25,guided,23.7901826064263,0,0.577474407938525,0,1
BSD68,test015.png,25,l0,20.7644571716138,0,0.516005705989815,0,1
BSD68,test015.png,25,lgss,23.0622266537,0,0.6625117552,0,1
BSD68,test015.png,25,original,19.5710680841104,0,0.461463214468791,0,1
BSD68,test015.png,25,tv,16.4947498099,0,0.2839737483,0,1
BSD68,test015.png,50,adaptive,15.1570010660733,0,0.235741305625601,0,1
BSD68,test015.png,50,bilateral,16.4792661010231,0,0.263214167999849,0,1
BSD68,test015.png,50,guided,16.9313776979269,0,0.272567229231458,0,1
BSD68,test015.png,50,l0,17.3420357754552,0,0.316473445880044,0,1
BSD68,test015.png,50,lgss,16.1783036706,0,0.3422231732,0,1
BSD68,test015.png,50,original,17.8064072952084,0,0.40677858005481,0,1
BSD68,test015.png,50,tv,13.3136755997,0,0.1736865771,0,1
BSD68,test016.png,10,adaptive,22.8913604660569,0,0.671087169894783,0,1
BSD68,test016.png,10,bilateral,29.4732689952449,0,0.883413746716083,0,1
BSD68,test016.png,10,guided,27.7842362581795,0,0.85526313223834,0,1
BSD68,test016.png,10,l0,20.8788346303184,0,0.585308838906086,0,1
BSD68,test016.png,10,lgss,25.0984573016,0,0.7428341954,0,1
BSD68,test016.png,10,original,18.4768212920637,0,0.45626911466397,0,1
BSD68,test016.png,10,tv,17.5852380723,0,0.4279147548,0,1
BSD68,test016.png,20,adaptive,24.1925059341276,0,0.731259969127066,0,1
BSD68,test016.png,20,bilateral,25.4033706051278,0,0.749198081458836,0,1
BSD68,test016.png,20,guided,24.6455763471025,0,0.720142282007811,0,1
BSD68,test016.png,20,l0,21.1763206194357,0,0.60730800036127,0,1
BSD68,test016.png,20,lgss,24.1388242568,0,0.7385299171,0,1
BSD68,test016.png,20,original,19.2084105646166,0,0.500323878716642,0,1
BSD68,test016.png,20,tv,16.9436345068,0,0.4008381038,0,1
BSD68,test016.png,25,adaptive,22.417096228145,0,0.655232927923535,0,1
BSD68,test016.png,25,bilateral,23.2058763450501,0,0.652632857216331,0,1
BSD68,test016.png,25,guided,22.850725583323,0,0.634123381183843,0,1
BSD68,test016.png,25,l0,21.2370444922484,0,0.620421406922985,0,1
BSD68,test016.png,25,lgss,22.922311779,0,0.7091993227,0,1
BSD68,test016.png,25,original,19.7030592184218,0,0.533931165235845,0,1
BSD68,test016.png,25,tv,16.2752887484,0,0.3734680967,0,1
BSD68,test016.png,50,adaptive,14.8999683972099,0,0.324577000740008,0,1
BSD68,test016.png,50,bilateral,16.0867635359309,0,0.353464235451303,0,1
BSD68,test016.png,50,guided,16.4179034916748,0,0.358280106670643,0,1
BSD68,test016.png,50,l0,16.9509668637336,0,0.393952539225888,0,1
BSD68,test016.png,50,lgss,15.7567000114,0,0.3654294196,0,1
BSD68,test016.png,50,original,17.2345828792229,0,0.440943467218602,0,1
BSD68,test016.png,50,tv,13.1026657041,0,0.2486274877,0,1
BSD68,test017.png,10,adaptive,21.8308201987453,0,0.64418749693475,0,1
BSD68,test017.png,10,bilateral,34.1678025781505,0,0.880922823066787,0,1
BSD68,test017.png,10,guided,32.8726545591974,0,0.863687236119613,0,1
BSD68,test017.png,10,l0,21.3736339591707,0,0.660863570407644,0,1
BSD68,test017.png,10,lgss,26.6080331988,0,0.7478594731,0,1
BSD68,test017.png,10,original,19.389480453579,0,0.596533472373754,0,1
BSD68,test017.png,10,tv,17.6842525742,0,0.1222643518,0,1
BSD68,test017.png,20,adaptive,24.5821951760478,0,0.681608477549762,0,1
BSD68,test017.png,20,bilateral,28.8458130948725,0,0.610346790960772,0,1
BSD68,test017.png,20,guided,28.7849399778319,0,0.61501560101068,0,1
BSD68,test017.png,20,l0,21.410298577091,0,0.66147436627528,0,1
BSD68,test017.png,20,lgss,27.1639330604,0,0.7660522641,0,1
BSD68,test017.png,20,original,18.7101810246737,0,0.582420581180081,0,1
BSD68,test017.png,20,tv,17.2334725952,0,0.1146846926,0,1
BSD68,test017.png,25,adaptive,24.8873233699156,0,0.540099963187541,0,1
BSD68,test017.png,25,bilateral,25.8117694962551,0,0.440310492234224,0,1
BSD68,test017.png,25,guided,26.0583970537317,0,0.454897514396463,0,1
BSD68,test017.png,25,l0,21.0999377434158,0,0.648410010792957,0,1
BSD68,test017.png,25,lgss,25.9110110937,0,0.7025055254,0,1
BSD68,test017.png,25,original,18.6609035822004,0,0.581086385220019,0,1
BSD68,test017.png,25,tv,16.6403412699,0,0.1025872782,0,1
BSD68,test017.png,50,adaptive,15.4555434397345,0,0.0939092581908108,0,1
BSD68,test017.png,50,bilateral,16.9472709430688,0,0.110749306344696,0,1
BSD68,test017.png,50,guided,17.4512052730864,0,0.121271044834873,0,1
BSD68,test017.png,50,l0,18.0476429038504,0,0.196421043432311,0,1
BSD68,test017.png,50,lgss,16.6211313287,0,0.2294027055,0,1
BSD68,test017.png,50,original,18.1969813464753,0,0.273637519330455,0,1
BSD68,test017.png,50,tv,13.4023986472,0,0.0541686735,0,1
BSD68,test018.png,10,adaptive,22.5818486664882,0,0.74273388604473,0,1
BSD68,test018.png,10,bilateral,34.0028181111433,0,0.894939682479827,0,1
BSD68,test018.png,10,guided,32.7816285634752,0,0.882317469322524,0,1
BSD68,test018.png,10,l0,23.1228419518282,0,0.73820462996812,0,1
BSD68,test018.png,10,lgss,26.1841567062,0,0.8096444226,0,1
BSD68,test018.png,10,original,19.4162619345293,0,0.681862091942265,0,1
BSD68,test018.png,10,tv,17.2015272542,0,0.1271187539,0,1
BSD68,test018.png,20,adaptive,24.9518801043318,0,0.745382484545858,0,1
BSD68,test018.png,20,bilateral,28.3040176137763,0,0.572280018340373,0,1
BSD68,test018.png,20,guided,28.3028195886027,0,0.575217781259278,0,1
BSD68,test018.png,20,l0,23.3828892277006,0,0.745443888479608,0,1
BSD68,test018.png,20,lgss,27.3469466638,0,0.8205738431,0,1
BSD68,test018.png,20,original,19.7661375022421,0,0.684628611200123,0,1
BSD68,test018.png,20,tv,16.8005517809,0,0.1193629507,0,1
BSD68,test018.png,25,adaptive,24.4975316755046,0,0.48172449368275,0,1
BSD68,test018.png,25,bilateral,25.1888906756436,0,0.396890449310377,0,1
BSD68,test018.png,25,guided,25.4530226600134,0,0.404571860196439,0,1
BSD68,test018.png,25,l0,23.5495455187957,0,0.742417935264123,0,1
BSD68,test018.png,25,lgss,26.3963117667,0,0.7558004634,0,1
BSD68,test018.png,25,original,20.0966111170758,0,0.688997930919169,0,1
BSD68,test018.png,25,tv,16.1966449559,0,0.1079723332,0,1
BSD68,test018.png,50,adaptive,14.8780637605043,0,0.0894196829012031,0,1
BSD68,test018.png,50,bilateral,16.4312042565778,0,0.109095244006257,0,1
BSD68,test018.png,50,guided,16.8914158060142,0,0.116061391861775,0,1
BSD68,test018.png,50,l0,17.6729413228114,0,0.157774940333335,0,1
BSD68,test018.png,50,lgss,16.1038077954,0,0.1373599765,0,1
BSD68,test018.png,50,original,17.6872543442244,0,0.196255441231377,0,1
BSD68,test018.png,50,tv,13.0143394818,0,0.0595499644,0,1
BSD68,test019.png,10,adaptive,23.1862128278214,0,0.661929409559281,0,1
BSD68,test019.png,10,bilateral,30.389630552775,0,0.857883062605152,0,1
BSD68,test019.png,10,guided,29.5166012241969,0,0.840079727321834,0,1
BSD68,test019.png,10,l0,21.8511117673206,0,0.594338943267459,0,1
BSD68,test019.png,10,lgss,25.7572630038,0,0.7221189703,0,1
BSD68,test019.png,10,original,19.7681961561392,0,0.529026534888161,0,1
BSD68,test019.png,10,tv,17.8061053179,0,0.2975549179,0,1
BSD68,test019.png,20,adaptive,24.3383320196282,0,0.700636349220368,0,1
BSD68,test019.png,20,bilateral,26.7759470278537,0,0.67051385863482,0,1
BSD68,test019.png,20,guided,26.2876871173694,0,0.658517533467709,0,1
BSD68,test019.png,20,l0,22.1863509687711,0,0.606001700298652,0,1
BSD68,test019.png,20,lgss,25.6780738956,0,0.7376503955,0,1
BSD68,test019.png,20,original,20.500012497741,0,0.553758987474312,0,1
BSD68,test019.png,20,tv,17.0996724846,0,0.2717672661,0,1
BSD68,test019.png,25,adaptive,23.2795090913046,0,0.584372288451265,0,1
BSD68,test019.png,25,bilateral,24.3694378362889,0,0.543465955800195,0,1
BSD68,test019.png,25,guided,24.1970960084449,0,0.540081292334938,0,1
BSD68,test019.png,25,l0,22.2653601175444,0,0.610857179986854,0,1
BSD68,test019.png,25,lgss,24.4767634477,0,0.702070112,0,1
BSD68,test019.png,25,original,20.9155614765486,0,0.570295560674509,0,1
BSD68,test019.png,25,tv,16.4301896127,0,0.2500647346,0,1
BSD68,test019.png,50,adaptive,15.0443583248744,0,0.210445574447307,0,1
BSD68,test019.png,50,bilateral,16.4213646140004,0,0.234466371888779,0,1
BSD68,test019.png,50,guided,16.7773123575841,0,0.240733064558502,0,1
BSD68,test019.png,50,l0,17.2530285918976,0,0.287664783289829,0,1
BSD68,test019.png,50,lgss,16.0436702504,0,0.294603207,0,1
BSD68,test019.png,50,original,17.3722601533827,0,0.351995695254978,0,1
BSD68,test019.png,50,tv,13.1352897861,0,0.1584750762,0,1
BSD68,test020.png,10,adaptive,24.0324892554989,0,0.753728319914164,0,1
BSD68,test020.png,10,bilateral,31.6625918834246,0,0.884301731139851,0,1
BSD68,test020.png,10,guided,30.5974307318403,0,0.871841129170586,0,1
BSD68,test020.png,10,l0,22.0279248692707,0,0.703302513439252,0,1
BSD68,test020.png,10,lgss,25.6614332802,0,0.7962803481,0,1
BSD68,test020.png,10,original,19.0331727956895,0,0.642184528183704,0,1
BSD68,test020.png,10,tv,17.7231549627,0,0.2490750262,0,1
BSD68,test020.png,20,adaptive,24.7385435801898,0,0.756257106043328,0,1
BSD68,test020.png,20,bilateral,27.1790808974598,0,0.63732735149275,0,1
BSD68,test020.png,20,guided,26.8408827028442,0,0.634165809806774,0,1
BSD68,test020.png,20,l0,21.8510718771432,0,0.706397461899054,0,1
BSD68,test020.png,20,lgss,25.3051316722,0,0.8038234015,0,1
BSD68,test020.png,20,original,19.4206168770527,0,0.65054074460273,0,1
BSD68,test020.png,20,tv,17.1802274982,0,0.2329900569,0,1
BSD68,test020.png,25,adaptive,23.9315470900242,0,0.561543323770452,0,1
BSD68,test020.png,25,bilateral,24.6074395324324,0,0.492598014120684,0,1
BSD68,test020.png,25,guided,24.5989992629786,0,0.495246374136143,0,1
BSD68,test020.png,25,l0,21.9912545700692,0,0.706001158129067,0,1
BSD68,test020.png,25,lgss,24.56164915,0,0.7735222794,0,1
BSD68,test020.png,25,original,20.1539107749881,0,0.664393793523925,0,1
BSD68,test020.png,25,tv,16.5288129413,0,0.2159510078,0,1
BSD68,test020.png,50,adaptive,15.1445015536146,0,0.184423821020429,0,1
BSD68,test020.png,50,bilateral,16.5449857518991,0,0.205360529711497,0,1
BSD68,test020.png,50,guided,16.9599977968894,0,0.21250950581658,0,1
BSD68,test020.png,50,l0,17.5172347968866,0,0.253332748042655,0,1
BSD68,test020.png,50,lgss,16.4559252306,0,0.2469077438,0,1
BSD68,test020.png,50,original,17.7140585450326,0,0.305594882904956,0,1
BSD68,test020.png,50,tv,13.2483420112,0,0.1404522195,0,1
BSD68,test021.png,10,adaptive,23.845201210657,0,0.76100537594883,0,1
BSD68,test021.png,10,bilateral,29.1544432636382,0,0.909896972273401,0,1
BSD68,test021.png,10,guided,27.639525937479,0,0.883783684705943,0,1
BSD68,test021.png,10,l0,21.0246272074427,0,0.639702912493494,0,1
BSD68,test021.png,10,lgss,25.1740378755,0,0.7864718205,0,1
BSD68,test021.png,10,original,19.28258680041,0,0.534391391069131,0,1
BSD68,test021.png,10,tv,18.4048731264,0,0.4963376435,0,1
BSD68,test021.png,20,adaptive,24.0556741672081,0,0.792135920203583,0,1
BSD68,test021.png,20,bilateral,25.2171205920235,0,0.78814918976989,0,1
BSD68,test021.png,20,guided,24.5118297540002,0,0.759627207944786,0,1
BSD68,test021.png,20,l0,20.9939467173062,0,0.651499587009329,0,1
BSD68,test021.png,20,lgss,23.9180655772,0,0.7755773553,0,1
BSD68,test021.png,20,original,19.7539757052958,0,0.5655054140328,0,1
BSD68,test021.png,20,tv,17.6064705842,0,0.4644711969,0,1
BSD68,test021.png,25,adaptive,22.4893654060731,0,0.733288510611298,0,1
BSD68,test021.png,25,bilateral,23.2387600567138,0,0.701892905952418,0,1
BSD68,test021.png,25,guided,22.9027867777191,0,0.684562686589499,0,1
BSD68,test021.png,25,l0,20.8720918392806,0,0.655788103417132,0,1
BSD68,test021.png,25,lgss,22.7302885255,0,0.7536451784,0,1
BSD68,test021.png,25,original,20.0447518132915,0,0.58971439387267,0,1
BSD68,test021.png,25,tv,16.9208720558,0,0.4363333223,0,1
BSD68,test021.png,50,adaptive,15.5533046285808,0,0.385332972347977,0,1
BSD68,test021.png,50,bilateral,16.5754290865265,0,0.410014946969317,0,1
BSD68,test021.png,50,guided,16.9409193810515,0,0.416569478569459,0,1
BSD68,test021.png,50,l0,17.2507658269908,0,0.465861732950936,0,1
BSD68,test021.png,50,lgss,16.4996817863,0,0.4769538356,0,1
BSD68,test021.png,50,original,17.8357185251503,0,0.546809246721015,0,1
BSD68,test021.png,50,tv,13.6558371099,0,0.3006516022,0,1
BSD68,test022.png,10,adaptive,22.3863389997741,0,0.569572461719064,0,1
BSD68,test022.png,10,bilateral,28.6809373878724,0,0.851203930877458,0,1
BSD68,test022.png,10,guided,27.3872533021022,0,0.829038539907081,0,1
BSD68,test022.png,10,l0,20.4999077547567,0,0.448171621141869,0,1
BSD68,test022.png,10,lgss,24.7245403384,0,0.6750453793,0,1
BSD68,test022.png,10,original,18.1240052235111,0,0.322640722846058,0,1
BSD68,test022.png,10,tv,17.7616532879,0,0.4261965803,0,1
BSD68,test022.png,20,adaptive,23.8051952780679,0,0.673009199970346,0,1
BSD68,test022.png,20,bilateral,25.2753491153862,0,0.744652398832758,0,1
BSD68,test022.png,20,guided,24.7785356457851,0,0.72468608095019,0,1
BSD68,test022.png,20,l0,20.6700512978329,0,0.476045603985068,0,1
BSD68,test022.png,20,lgss,24.1880371662,0,0.6886342424,0,1
BSD68,test022.png,20,original,18.967438971421,0,0.369158915016557,0,1
BSD68,test022.png,20,tv,17.1918399952,0,0.400272317,0,1
BSD68,test022.png,25,adaptive,22.3544573685855,0,0.644038731328902,0,1
BSD68,test022.png,25,bilateral,23.283075600087,0,0.657455959397835,0,1
BSD68,test022.png,25,guided,23.1292202341276,0,0.646343069904939,0,1
BSD68,test022.png,25,l0,20.7820514040027,0,0.492977893704689,0,1
BSD68,test022.png,25,lgss,22.8763100459,0,0.6576732051,0,1
BSD68,test022.png,25,original,19.4858871018911,0,0.400092401283365,0,1
BSD68,test022.png,25,tv,16.5379363923,0,0.3708266219,0,1
BSD68,test022.png,50,adaptive,15.1878863043592,0,0.3146096862179,0,1
BSD68,test022.png,50,bilateral,16.3852880441364,0,0.343676593800979,0,1
BSD68,test022.png,50,guided,16.7936445581558,0,0.35183132234688,0,1
BSD68,test022.png,50,l0,17.1374056895552,0,0.369195297484229,0,1
BSD68,test022.png,50,lgss,15.9077563454,0,0.3595219979,0,1
BSD68,test022.png,50,original,17.546637375921,0,0.423005374380245,0,1
BSD68,test022.png,50,tv,13.3507036647,0,0.235435577,0,1
BSD68,test023.png,10,adaptive,21.8036992379609,0,0.617318771773595,0,1
BSD68,test023.png,10,bilateral,30.5543693362226,0,0.871680334812388,0,1
BSD68,test023.png,10,guided,29.0030852518571,0,0.843068192008903,0,1
BSD68,test023.png,10,l0,21.2986817857785,0,0.583300672258689,0,1
BSD68,test023.png,10,lgss,24.318712173,0,0.7095490054,0,1
BSD68,test023.png,10,original,18.6073669303817,0,0.478233667002738,0,1
BSD68,test023.png,10,tv,17.4716394848,0,0.2939653106,0,1
BSD68,test023.png,20,adaptive,23.9224918844113,0,0.678975787937119,0,1
BSD68,test023.png,20,bilateral,26.3812924266916,0,0.675087668656308,0,1
BSD68,test023.png,20,guided,25.8946350210398,0,0.657768487041752,0,1
BSD68,test023.png,20,l0,21.7180964885571,0,0.601150655178204,0,1
BSD68,test023.png,20,lgss,25.2697241782,0,0.7473013856,0,1
BSD68,test023.png,20,original,19.177102562109,0,0.497432593805004,0,1
BSD68,test023.png,20,tv,16.9604782842,0,0.2740764262,0,1
BSD68,test023.png,25,adaptive,23.2327264168757,0,0.57740627851636,0,1
BSD68,test023.png,25,bilateral,23.991264602733,0,0.54990349250497,0,1
BSD68,test023.png,25,guided,23.8910436856554,0,0.543029787190242,0,1
BSD68,test023.png,25,l0,21.9699949945731,0,0.608055901023849,0,1
BSD68,test023.png,25,lgss,24.1774941834,0,0.7099657355,0,1
BSD68,test023.png,25,original,19.6213500673787,0,0.516021784099482,0,1
BSD68,test023.png,25,tv,16.3229201565,0,0.2518194634,0,1
BSD68,test023.png,50,adaptive,15.0128768096313,0,0.214845586347649,0,1
BSD68,test023.png,50,bilateral,16.3575652828918,0,0.240814540211089,0,1
BSD68,test023.png,50,guided,16.7803038468225,0,0.248482568203364,0,1
BSD68,test023.png,50,l0,17.3620157991745,0,0.289824263808261,0,1
BSD68,test023.png,50,lgss,15.95031764,0,0.2670696655,0,1
BSD68,test023.png,50,original,17.6323183563738,0,0.344444744005642,0,1
BSD68,test023.png,50,tv,13.1689727696,0,0.1568399508,0,1
BSD68,test024.png,10,adaptive,20.8074105021965,0,0.557442068576955,0,1
BSD68,test024.png,10,bilateral,30.4449249343361,0,0.884182336557112,0,1
BSD68,test024.png,10,guided,28.9957456877435,0,0.859894872360667,0,1
BSD68,test024.png,10,l0,20.7329060728002,0,0.528450866302653,0,1
BSD68,test024.png,10,lgss,23.4980636214,0,0.6788751386,0,1
BSD68,test024.png,10,original,18.7564648896208,0,0.435524536144794,0,1
BSD68,test024.png,10,tv,17.8806492278,0,0.3109376752,0,1
BSD68,test024.png,20,adaptive,23.1206400864382,0,0.65850199995832,0,1
BSD68,test024.png,20,bilateral,26.3643680377762,0,0.72170440681029,0,1
BSD68,test024.png,20,guided,25.9266285164489,0,0.707167523369311,0,1
BSD68,test024.png,20,l0,21.010342908497,0,0.5407223866505,0,1
BSD68,test024.png,20,lgss,23.8515122603,0,0.70421728,0,1
BSD68,test024.png,20,original,18.7094969574207,0,0.437443717776998,0,1
BSD68,test024.png,20,tv,17.42206713,0,0.293669529,0,1
BSD68,test024.png,25,adaptive,23.201025115804,0,0.647379060889008,0,1
BSD68,test024.png,25,bilateral,24.1812740337121,0,0.606203444367483,0,1
BSD68,test024.png,25,guided,24.1031161826277,0,0.603728425708997,0,1
BSD68,test024.png,25,l0,21.1094956991172,0,0.548056492029248,0,1
BSD68,test024.png,25,lgss,23.1840483118,0,0.6800592422,0,1
BSD68,test024.png,25,original,18.8383659173411,0,0.447096270743225,0,1
BSD68,test024.png,25,tv,16.8225842078,0,0.2706628357,0,1
BSD68,test024.png,50,adaptive,15.6417260378443,0,0.238246988338911,0,1
BSD68,test024.png,50,bilateral,16.8708484463679,0,0.26595403654539,0,1
BSD68,test024.png,50,guided,17.3412990203266,0,0.276802598584705,0,1
BSD68,test024.png,50,l0,17.7621150223103,0,0.342335346983907,0,1
BSD68,test024.png,50,lgss,16.7857471767,0,0.376193947,0,1
BSD68,test024.png,50,original,18.4019981016607,0,0.439012684283951,0,1
BSD68,test024.png,50,tv,13.6541366883,0,0.1654118963,0,1
BSD68,test025.png,10,adaptive,22.4621262408241,0,0.777136487168807,0,1
BSD68,test025.png,10,bilateral,31.2990777901777,0,0.920430750882546,0,1
BSD68,test025.png,10,guided,30.0307088342065,0,0.910996677693883,0,1
BSD68,test025.png,10,l0,21.4915396345687,0,0.71590112868411,0,1
BSD68,test025.png,10,lgss,24.2060607069,0,0.8468299269,0,1
BSD68,test025.png,10,original,18.9170966559117,0,0.634442407743914,0,1
BSD68,test025.png,10,tv,17.3556279262,0,0.2661312203,0,1
BSD68,test025.png,20,adaptive,25.075224672483,0,0.816016332294241,0,1
BSD68,test025.png,20,bilateral,26.5952430014055,0,0.644213933283812,0,1
BSD68,test025.png,20,guided,26.337658957582,0,0.64390190321603,0,1
BSD68,test025.png,20,l0,22.0426543564381,0,0.734478097276186,0,1
BSD68,test025.png,20,lgss,24.3281515847,0,0.8592313901,0,1
BSD68,test025.png,20,original,19.5359621060621,0,0.658323476696971,0,1
BSD68,test025.png,20,tv,16.8873822922,0,0.2482188999,0,1
BSD68,test025.png,25,adaptive,23.3916552052826,0,0.58375247606034,0,1
BSD68,test025.png,25,bilateral,24.0766437213608,0,0.49902622633495,0,1
BSD68,test025.png,25,guided,24.1263384694426,0,0.502721194192642,0,1
BSD68,test025.png,25,l0,22.3308667720941,0,0.744477761988283,0,1
BSD68,test025.png,25,lgss,23.410508063,0,0.8319824838,0,1
BSD68,test025.png,25,original,19.8845646754598,0,0.680476951657953,0,1
BSD68,test025.png,25,tv,16.2548296942,0,0.2288144475,0,1
BSD68,test025.png,50,adaptive,14.9383321885712,0,0.19239977100553,0,1
BSD68,test025.png,50,bilateral,16.3298577478789,0,0.216220855951158,0,1
BSD68,test025.png,50,guided,16.7699264250822,0,0.222541204578855,0,1
BSD68,test025.png,50,l0,17.4692702653294,0,0.283617587509625,0,1
BSD68,test025.png,50,lgss,16.5406177409,0,0.321933791,0,1
BSD68,test025.png,50,original,17.7896053154338,0,0.367247500994044,0,1
BSD68,test025.png,50,tv,13.1362456677,0,0.1443390934,0,1
BSD68,test026.png,10,adaptive,21.2007574081976,0,0.538416118402147,0,1
BSD68,test026.png,10,bilateral,30.1393753646843,0,0.838749686247868,0,1
BSD68,test026.png,10,guided,28.9325321440473,0,0.816722503701761,0,1
BSD68,test026.png,10,l0,21.3600910352535,0,0.515883148763598,0,1
BSD68,test026.png,10,lgss,24.5019987019,0,0.6508808748,0,1
BSD68,test026.png,10,original,18.038365253956,0,0.416793614465481,0,1
BSD68,test026.png,10,tv,17.4114053862,0,0.2810646259,0,1
BSD68,test026.png,20,adaptive,23.9689805401731,0,0.633994007235753,0,1
BSD68,test026.png,20,bilateral,26.3338865500784,0,0.669553716613235,0,1
BSD68,test026.png,20,guided,26.0403260351071,0,0.658004792723139,0,1
BSD68,test026.png,20,l0,21.5899647012417,0,0.5277861978142,0,1
BSD68,test026.png,20,lgss,25.0405304457,0,0.6879276316,0,1
BSD68,test026.png,20,original,18.3238325475801,0,0.431034556103901,0,1
BSD68,test026.png,20,tv,16.9321360226,0,0.2615996393,0,1
BSD68,test026.png,25,adaptive,23.0689331357205,0,0.560186869328505,0,1
BSD68,test026.png,25,bilateral,23.9994814908783,0,0.549156969427858,0,1
BSD68,test026.png,25,guided,24.0271774528561,0,0.547056659245136,0,1
BSD68,test026.png,25,l0,21.8074373554689,0,0.537797219023777,0,1
BSD68,test026.png,25,lgss,23.8999449825,0,0.6547799082,0,1
BSD68,test026.png,25,original,19.0992614546005,0,0.451116546117163,0,1
BSD68,test026.png,25,tv,16.2990074085,0,0.2380856777,0,1
BSD68,test026.png,50,adaptive,14.9977103149252,0,0.198640581616269,0,1
BSD68,test026.png,50,bilateral,16.3730219118567,0,0.226145452566607,0,1
BSD68,test026.png,50,guided,16.8063638030806,0,0.234987117370096,0,1
BSD68,test026.png,50,l0,17.3834045638987,0,0.27838888316823,0,1
BSD68,test026.png,50,lgss,16.0337789633,0,0.2718952047,0,1
BSD68,test026.png,50,original,17.6483797571631,0,0.342399825725393,0,1
BSD68,test026.png,50,tv,13.1449957221,0,0.1399001884,0,1
BSD68,test027.png,10,adaptive,19.9973192997945,0,0.539851463026287,0,1
BSD68,test027.png,10,bilateral,31.1543845935967,0,0.850249886637395,0,1
BSD68,test027.png,10,guided,29.9874695072445,0,0.829888291738998,0,1
BSD68,test027.png,10,l0,20.4778429481621,0,0.524471765663431,0,1
BSD68,test027.png,10,lgss,24.608540659,0,0.6913597319,0,1
BSD68,test027.png,10,original,18.892260920426,0,0.484294768624269,0,1
BSD68,test027.png,10,tv,17.1435556014,0,0.2000813566,0,1
BSD68,test027.png,20,adaptive,23.8235034271949,0,0.642930850870117,0,1
BSD68,test027.png,20,bilateral,26.9981648026869,0,0.620049799693543,0,1
BSD68,test027.png,20,guided,26.9269334008119,0,0.617787383238473,0,1
BSD68,test027.png,20,l0,21.052206993291,0,0.543735729645096,0,1
BSD68,test027.png,20,lgss,25.1964093379,0,0.7139125236,0,1
BSD68,test027.png,20,original,18.9569604360485,0,0.487026206482323,0,1
BSD68,test027.png,20,tv,16.7078240806,0,0.1869441118,0,1
BSD68,test027.png,25,adaptive,23.5066754830701,0,0.505326773084949,0,1
BSD68,test027.png,25,bilateral,24.3921728516817,0,0.474179300676441,0,1
BSD68,test027.png,25,guided,24.5897293290126,0,0.477894948333472,0,1
BSD68,test027.png,25,l0,21.2382605183523,0,0.552633665287447,0,1
BSD68,test027.png,25,lgss,24.1500007331,0,0.6562044345,0,1
BSD68,test027.png,25,original,19.1462351681214,0,0.49565503536354,0,1
BSD68,test027.png,25,tv,16.0922523337,0,0.1685296061,0,1
BSD68,test027.png,50,adaptive,14.7452093885295,0,0.136256411539495,0,1
BSD68,test027.png,50,bilateral,16.2352303939767,0,0.161694078172209,0,1
BSD68,test027.png,50,guided,16.6666653669724,0,0.168152048632206,0,1
BSD68,test027.png,50,l0,17.2640784157397,0,0.201557288528522,0,1
BSD68,test027.png,50,lgss,15.5761213575,0,0.1786695127,0,1
BSD68,test027.png,50,original,17.3591857600498,0,0.247505273071561,0,1
BSD68,test027.png,50,tv,12.9150205301,0,0.0937835018,0,1
BSD68,test028.png,10,adaptive,27.9905591242599,0,0.807647309583655,0,1
BSD68,test028.png,10,bilateral,33.776420181526,0,0.905785746385083,0,1
BSD68,test028.png,10,guided,32.5725571822512,0,0.890491403848194,0,1
BSD68,test028.png,10,l0,27.4650329076403,0,0.794007492470225,0,1
BSD68,test028.png,10,lgss,30.383104355,0,0.8629941518,0,1
BSD68,test028.png,10,original,26.7528960849587,0,0.78495140004028,0,1
BSD68,test028.png,10,tv,19.2269882612,0,0.1736108411,0,1
BSD68,test028.png,20,adaptive,27.3543589435558,0,0.809425036907097,0,1
BSD68,test028.png,20,bilateral,29.8101136727866,0,0.760097365374525,0,1
BSD68,test028.png,20,guided,28.9714951038671,0,0.762397523780255,0,1
BSD68,test028.png,20,l0,26.4500358381745,0,0.779574408716627,0,1
BSD68,test028.png,20,lgss,28.535089792,0,0.8572894043,0,1
BSD68,test028.png,20,original,25.8183814737056,0,0.770978088161097,0,1
BSD68,test028.png,20,tv,18.4998178734,0,0.1561686787,0,1
BSD68,test028.png,25,adaptive,26.9132547418759,0,0.801583026924805,0,1
BSD68,test028.png,25,bilateral,27.4092755186185,0,0.616416310035452,0,1
BSD68,test028.png,25,guided,26.9716500447199,0,0.642182486481542,0,1
BSD68,test028.png,25,l0,25.8495640420582,0,0.77024470582966,0,1
BSD68,test028.png,25,lgss,27.1419142313,0,0.8339847421,0,1
BSD68,test028.png,25,original,25.2751599297909,0,0.761157112143409,0,1
BSD68,test028.png,25,tv,17.9774845938,0,0.1438973266,0,1
BSD68,test028.png,50,adaptive,17.7600733972115,0,0.185857573692145,0,1
BSD68,test028.png,50,bilateral,18.7554594356119,0,0.171388392353871,0,1
BSD68,test028.png,50,guided,19.3765123324872,0,0.199264681105672,0,1
BSD68,test028.png,50,l0,20.2323336640944,0,0.446289020123162,0,1
BSD68,test028.png,50,lgss,20.1972176949,0,0.5821741914,0,1
BSD68,test028.png,50,original,22.5459494841545,0,0.685586520761423,0,1
BSD68,test028.png,50,tv,14.8180615533,0,0.0850802457,0,1
BSD68,test029.png,10,adaptive,24.6900369076612,0,0.759761673445361,0,1
BSD68,test029.png,10,bilateral,27.9550993339764,0,0.899334251394201,0,1
BSD68,test029.png,10,guided,27.1959339907869,0,0.889416516148887,0,1
BSD68,test029.png,10,l0,20.0090350943579,0,0.562350891915182,0,1
BSD68,test029.png,10,lgss,24.6432727182,0,0.7486247928,0,1
BSD68,test029.png,10,original,19.4433159720082,0,0.510630765640512,0,1
BSD68,test029.png,10,tv,18.5870351163,0,0.5711990582,0,1
BSD68,test029.png,20,adaptive,23.6185486966847,0,0.797700691674347,0,1
BSD68,test029.png,20,bilateral,24.5188146386193,0,0.785762819683538,0,1
BSD68,test029.png,20,guided,24.1795047489033,0,0.776126279559664,0,1
BSD68,test029.png,20,l0,20.0300146336031,0,0.58216099248886,0,1
BSD68,test029.png,20,lgss,23.2439378407,0,0.7444951298,0,1
BSD68,test029.png,20,original,19.7777802896294,0,0.540322411981817,0,1
BSD68,test029.png,20,tv,17.4717347531,0,0.5254845104,0,1
BSD68,test029.png,25,adaptive,21.7144131895377,0,0.718631261221062,0,1
BSD68,test029.png,25,bilateral,22.6724513795414,0,0.710022330358736,0,1
BSD68,test029.png,25,guided,22.5491198735445,0,0.704113922948213,0,1
BSD68,test029.png,25,l0,19.9198102676597,0,0.59539673272611,0,1
BSD68,test029.png,25,lgss,22.1153173859,0,0.7312097409,0,1
BSD68,test029.png,25,original,19.9028855076498,0,0.562614848486721,0,1
BSD68,test029.png,25,tv,16.6888283567,0,0.492006523,0,1
BSD68,test029.png,50,adaptive,15.1024288595649,0,0.418319963623382,0,1
BSD68,test029.png,50,bilateral,16.1456237828353,0,0.441462932118205,0,1
BSD68,test029.png,50,guided,16.4794234654775,0,0.446863414370078,0,1
BSD68,test029.png,50,l0,16.4709586716301,0,0.449088686088341,0,1
BSD68,test029.png,50,lgss,15.9094921144,0,0.4745292987,0,1
BSD68,test029.png,50,original,16.7060064191885,0,0.498006821256828,0,1
BSD68,test029.png,50,tv,13.3188783932,0,0.3406908509,0,1
BSD68,test030.png,10,adaptive,21.8259572492217,0,0.545737386762995,0,1
BSD68,test030.png,10,bilateral,31.0881955816673,0,0.833301709499409,0,1
BSD68,test030.png,10,guided,29.828693793433,0,0.804687564295458,0,1
BSD68,test030.png,10,l0,20.8011314256923,0,0.525337406216782,0,1
BSD68,test030.png,10,lgss,25.3115344946,0,0.6372721776,0,1
BSD68,test030.png,10,original,19.9516453601472,0,0.48854288681663,0,1
BSD68,test030.png,10,tv,17.1291142973,0,0.1964748838,0,1
BSD68,test030.png,20,adaptive,23.8948809179698,0,0.591612093956767,0,1
BSD68,test030.png,20,bilateral,27.0148573718757,0,0.618662230476881,0,1
BSD68,test030.png,20,guided,26.8535980494614,0,0.610107649121297,0,1
BSD68,test030.png,20,l0,21.3438347107911,0,0.536557043225294,0,1
BSD68,test030.png,20,lgss,26.2682423881,0,0.6819232501,0,1
BSD68,test030.png,20,original,20.2770146213517,0,0.497128462657773,0,1
BSD68,test030.png,20,tv,16.6258244786,0,0.1810168346,0,1
BSD68,test030.png,25,adaptive,23.5113577592685,0,0.485137086395768,0,1
BSD68,test030.png,25,bilateral,24.3704825511086,0,0.473386269588026,0,1
BSD68,test030.png,25,guided,24.5046191327057,0,0.472532210347928,0,1
BSD68,test030.png,25,l0,21.5291982952344,0,0.537496349035637,0,1
BSD68,test030.png,25,lgss,24.4436989975,0,0.6102200555,0,1
BSD68,test030.png,25,original,20.4810658873517,0,0.502108613165614,0,1
BSD68,test030.png,25,tv,15.974893877,0,0.1630047885,0,1
BSD68,test030.png,50,adaptive,14.5103752090479,0,0.129301174969252,0,1
BSD68,test030.png,50,bilateral,16.0106154448264,0,0.154179978200661,0,1
BSD68,test030.png,50,guided,16.3639403662284,0,0.158752845704634,0,1
BSD68,test030.png,50,l0,16.8277034513487,0,0.177909869762677,0,1
BSD68,test030.png,50,lgss,15.060099475,0,0.1462183932,0,1
BSD68,test030.png,50,original,16.7906633450289,0,0.211307828176285,0,1
BSD68,test030.png,50,tv,12.6388155755,0,0.0889441022,0,1
BSD68,test031.png,10,adaptive,23.5009907194901,0,0.707605059389664,0,1
BSD68,test031.png,10,bilateral,27.3959362895868,0,0.885121404461818,0,1
BSD68,test031.png,10,guided,26.3392537789571,0,0.866585952969555,0,1
BSD68,test031.png,10,l0,18.6370823022822,0,0.329968988080429,0,1
BSD68,test031.png,10,lgss,24.7881348535,0,0.7617312953,0,1
BSD68,test031.png,10,original,17.2486855639129,0,0.212005719869935,0,1
BSD68,test031.png,10,tv,18.3691056426,0,0.5947958563,0,1
BSD68,test031.png,20,adaptive,23.0015737038358,0,0.764908482361262,0,1
BSD68,test031.png,20,bilateral,24.1249232862399,0,0.804769260377661,0,1
BSD68,test031.png,20,guided,23.8888157121326,0,0.792711666398215,0,1
BSD68,test031.png,20,l0,19.0474950721462,0,0.401359216359283,0,1
BSD68,test031.png,20,lgss,22.9343180238,0,0.7452538084,0,1
BSD68,test031.png,20,original,18.0387691698268,0,0.284410849901083,0,1
BSD68,test031.png,20,tv,17.1895246748,0,0.5379486746,0,1
BSD68,test031.png,25,adaptive,21.1375864407445,0,0.718517960183093,0,1
BSD68,test031.png,25,bilateral,22.3469719713584,0,0.739764081029666,0,1
BSD68,test031.png,25,guided,22.3556296882053,0,0.733360567310003,0,1
BSD68,test031.png,25,l0,19.4246400810345,0,0.451345351746916,0,1
BSD68,test031.png,25,lgss,21.3554145003,0,0.7053318152,0,1
BSD68,test031.png,25,original,18.7594263275002,0,0.352938169983163,0,1
BSD68,test031.png,25,tv,16.3762717695,0,0.496612836,0,1
BSD68,test031.png,50,adaptive,14.6986267768903,0,0.409317769022689,0,1
BSD68,test031.png,50,bilateral,15.8260702125723,0,0.43891421051866,0,1
BSD68,test031.png,50,guided,16.1525557778798,0,0.445827269147145,0,1
BSD68,test031.png,50,l0,15.932337989185,0,0.422651022532831,0,1
BSD68,test031.png,50,lgss,14.8911027261,0,0.4173679926,0,1
BSD68,test031.png,50,original,16.0135181335677,0,0.460401360478152,0,1
BSD68,test031.png,50,tv,12.899627553,0,0.3166914304,0,1
BSD68,test032.png,10,adaptive,20.6467418132687,0,0.449821578012751,0,1
BSD68,test032.png,10,bilateral,28.3273440463607,0,0.856556710727141,0,1
BSD68,test032.png,10,guided,27.0508106327811,0,0.83319000279163,0,1
BSD68,test032.png,10,l0,19.4756543715751,0,0.335333830307428,0,1
BSD68,test032.png,10,lgss,24.7414609917,0,0.6797394149,0,1
BSD68,test032.png,10,original,17.4167001577925,0,0.214841273270483,0,1
BSD68,test032.png,10,tv,17.4087745498,0,0.411547844,0,1
BSD68,test032.png,20,adaptive,23.5264977217805,0,0.663753631857712,0,1
BSD68,test032.png,20,bilateral,24.9843749654996,0,0.742617629352542,0,1
BSD68,test032.png,20,guided,24.6397486445383,0,0.726397576758395,0,1
BSD68,test032.png,20,l0,19.9662994867321,0,0.380453387143916,0,1
BSD68,test032.png,20,lgss,24.1383764207,0,0.7025395247,0,1
BSD68,test032.png,20,original,18.0356195544205,0,0.245577090588498,0,1
BSD68,test032.png,20,tv,16.766056964,0,0.3809646389,0,1
BSD68,test032.png,25,adaptive,22.0196222735703,0,0.6400000978917,0,1
BSD68,test032.png,25,bilateral,22.9836567507197,0,0.653562229311941,0,1
BSD68,test032.png,25,guided,22.9408513100248,0,0.644839828816936,0,1
BSD68,test032.png,25,l0,20.4063716922051,0,0.420776804041929,0,1
BSD68,test032.png,25,lgss,22.5073188525,0,0.6560846187,0,1
BSD68,test032.png,25,original,18.4254304574706,0,0.274255853211214,0,1
BSD68,test032.png,25,tv,16.0766586744,0,0.3488273495,0,1
BSD68,test032.png,50,adaptive,14.5773146136345,0,0.287135368602192,0,1
BSD68,test032.png,50,bilateral,15.8533654052214,0,0.320567481585614,0,1
BSD68,test032.png,50,guided,16.168459198204,0,0.326088959281948,0,1
BSD68,test032.png,50,l0,16.3379620000929,0,0.329135969614617,0,1
BSD68,test032.png,50,lgss,14.8378692927,0,0.2977182689,0,1
BSD68,test032.png,50,original,16.4461121257266,0,0.372076127206315,0,1
BSD68,test032.png,50,tv,12.7231233538,0,0.206866375,0,1
BSD68,test033.png,10,adaptive,24.0216950890187,0,0.794986685746378,0,1
BSD68,test033.png,10,bilateral,30.5156526971697,0,0.916652392046593,0,1
BSD68,test033.png,10,guided,29.1150884730294,0,0.902387656936996,0,1
BSD68,test033.png,10,l0,21.8447317217001,0,0.709209916510423,0,1
BSD68,test033.png,10,lgss,26.2022353712,0,0.8482378863,0,1
BSD68,test033.png,10,original,18.8042157659058,0,0.572286145895419,0,1
BSD68,test033.png,10,tv,17.7178474436,0,0.3372017319,0,1
BSD68,test033.png,20,adaptive,25.3263936163082,0,0.814695798398909,0,1
BSD68,test033.png,20,bilateral,26.2120546730043,0,0.682688182869973,0,1
BSD68,test033.png,20,guided,25.7475312060147,0,0.672640639147706,0,1
BSD68,test033.png,20,l0,21.9744120320237,0,0.720460717225951,0,1
BSD68,test033.png,20,lgss,25.8733351688,0,0.8516966951,0,1
BSD68,test033.png,20,original,19.3769304841519,0,0.602944409055041,0,1
BSD68,test033.png,20,tv,17.0157609009,0,0.3111333868,0,1
BSD68,test033.png,25,adaptive,23.0819834397328,0,0.616669915175195,0,1
BSD68,test033.png,25,bilateral,23.8440549162996,0,0.552259388407657,0,1
BSD68,test033.png,25,guided,23.7438666696266,0,0.547326252803742,0,1
BSD68,test033.png,25,l0,21.9104959134617,0,0.720593655504829,0,1
BSD68,test033.png,25,lgss,24.4868826693,0,0.829262939,0,1
BSD68,test033.png,25,original,19.9177508203,0,0.628410606573867,0,1
BSD68,test033.png,25,tv,16.3106913524,0,0.2880017046,0,1
BSD68,test033.png,50,adaptive,14.8060027634679,0,0.243570736344607,0,1
BSD68,test033.png,50,bilateral,16.1167467294618,0,0.265313817413799,0,1
BSD68,test033.png,50,guided,16.4567002829354,0,0.270382294052298,0,1
BSD68,test033.png,50,l0,16.7409470667278,0,0.295838610159525,0,1
BSD68,test033.png,50,lgss,15.815617624,0,0.2857800066,0,1
BSD68,test033.png,50,original,16.7572363753352,0,0.330572138746826,0,1
BSD68,test033.png,50,tv,12.9068315472,0,0.1848673863,0,1
BSD68,test034.png,10,adaptive,21.2028570525834,0,0.709758097180384,0,1
BSD68,test034.png,10,bilateral,33.8655421562367,0,0.874052130077147,0,1
BSD68,test034.png,10,guided,32.7453306868924,0,0.861401286877808,0,1
BSD68,test034.png,10,l0,22.6559254744339,0,0.72154764886153,0,1
BSD68,test034.png,10,lgss,24.9363175733,0,0.7688558893,0,1
BSD68,test034.png,10,original,18.9063414530908,0,0.65090788205462,0,1
BSD68,test034.png,10,tv,17.419755059,0,0.1465570604,0,1
BSD68,test034.png,20,adaptive,24.7412049683749,0,0.737886851330965,0,1
BSD68,test034.png,20,bilateral,28.3011660720356,0,0.60526883717637,0,1
BSD68,test034.png,20,guided,28.1720292504034,0,0.60831219372592,0,1
BSD68,test034.png,20,l0,22.5678249720548,0,0.722835003110231,0,1
BSD68,test034.png,20,lgss,26.3394332484,0,0.7832953867,0,1
BSD68,test034.png,20,original,19.222776916286,0,0.666100491018298,0,1
BSD68,test034.png,20,tv,17.0355856028,0,0.1379710758,0,1
BSD68,test034.png,25,adaptive,24.7551240543924,0,0.566259730772729,0,1
BSD68,test034.png,25,bilateral,25.2984025487932,0,0.440300296523103,0,1
BSD68,test034.png,25,guided,25.4634929936892,0,0.451421730941292,0,1
BSD68,test034.png,25,l0,22.6645597343215,0,0.723229185439861,0,1
BSD68,test034.png,25,lgss,25.8580979863,0,0.7374927973,0,1
BSD68,test034.png,25,original,19.502053601228,0,0.674413088147819,0,1
BSD68,test034.png,25,tv,16.4579047547,0,0.1254946897,0,1
BSD68,test034.png,50,adaptive,15.2576297834894,0,0.107879236759606,0,1
BSD68,test034.png,50,bilateral,16.7536964160353,0,0.129874366859042,0,1
BSD68,test034.png,50,guided,17.2625529348507,0,0.139662925723853,0,1
BSD68,test034.png,50,l0,18.1706714454366,0,0.242004843370728,0,1
BSD68,test034.png,50,lgss,16.977222314,0,0.29610882,0,1
BSD68,test034.png,50,original,18.6151965625995,0,0.370118292613099,0,1
BSD68,test034.png,50,tv,13.354695522,0,0.0728889122,0,1
BSD68,test035.png,10,adaptive,21.1903714631319,0,0.556922783752785,0,1
BSD68,test035.png,10,bilateral,30.1507415618591,0,0.852133108080849,0,1
BSD68,test035.png,10,guided,28.886199926953,0,0.828012512154064,0,1
BSD68,test035.png,10,l0,21.4293661217616,0,0.539552761991988,0,1
BSD68,test035.png,10,lgss,24.9303850618,0,0.6853770855,0,1
BSD68,test035.png,10,original,18.6769286589232,0,0.444833852289666,0,1
BSD68,test035.png,10,tv,17.4613425744,0,0.2903476288,0,1
BSD68,test035.png,20,adaptive,24.0071110274526,0,0.659971093049819,0,1
BSD68,test035.png,20,bilateral,26.3294389510529,0,0.669739761633321,0,1
BSD68,test035.png,20,guided,25.9713812048449,0,0.658297940426123,0,1
BSD68,test035.png,20,l0,21.7555221588077,0,0.549147034912842,0,1
BSD68,test035.png,20,lgss,25.2852053394,0,0.7238959881,0,1
BSD68,test035.png,20,original,18.9862092844663,0,0.45910349980589,0,1
BSD68,test035.png,20,tv,16.9647914434,0,0.2704861541,0,1
BSD68,test035.png,25,adaptive,23.1947156069267,0,0.585744248469614,0,1
BSD68,test035.png,25,bilateral,24.0118594093997,0,0.548685581512513,0,1
BSD68,test035.png,25,guided,23.9889135572784,0,0.546546646719542,0,1
BSD68,test035.png,25,l0,21.92810264939,0,0.560358463071364,0,1
BSD68,test035.png,25,lgss,23.9864584787,0,0.6889548328,0,1
BSD68,test035.png,25,original,19.2917580901759,0,0.47559315071396,0,1
BSD68,test035.png,25,tv,16.3469799488,0,0.2485210052,0,1
BSD68,test035.png,50,adaptive,15.0441433571714,0,0.208141237344705,0,1
BSD68,test035.png,50,bilateral,16.4136273573106,0,0.23546935895766,0,1
BSD68,test035.png,50,guided,16.8441269236533,0,0.243150542768126,0,1
BSD68,test035.png,50,l0,17.4382268119412,0,0.286881535260456,0,1
BSD68,test035.png,50,lgss,15.985427456,0,0.291303397,0,1
BSD68,test035.png,50,original,17.7253597682457,0,0.36276880557675,0,1
BSD68,test035.png,50,tv,13.1954512552,0,0.1510953483,0,1
BSD68,test036.png,10,adaptive,25.9116710389185,0,0.401914658856094,0,1
BSD68,test036.png,10,bilateral,29.3906045468038,0,0.690862967943757,0,1
BSD68,test036.png,10,guided,29.0882612927334,0,0.681870985634104,0,1
BSD68,test036.png,10,l0,25.078383706813,0,0.379687974143605,0,1
BSD68,test036.png,10,lgss,27.0295551343,0,0.4758680383,0,1
BSD68,test036.png,10,original,23.8148083930053,0,0.358083924618529,0,1
BSD68,test036.png,10,tv,17.261087545,0,0.2294335582,0,1
BSD68,test036.png,20,adaptive,25.7513367338721,0,0.470120354642006,0,1
BSD68,test036.png,20,bilateral,26.773096295856,0,0.603452691238382,0,1
BSD68,test036.png,20,guided,26.851590608775,0,0.604252376957477,0,1
BSD68,test036.png,20,l0,25.1376251302018,0,0.384365095545996,0,1
BSD68,test036.png,20,lgss,25.4759137008,0,0.5277059333,0,1
BSD68,test036.png,20,original,24.5380394940925,0,0.36661177585002,0,1
BSD68,test036.png,20,tv,16.6689686807,0,0.2111104726,0,1
BSD68,test036.png,25,adaptive,22.674496681447,0,0.421118988728644,0,1
BSD68,test036.png,25,bilateral,24.3221925161126,0,0.488269189654764,0,1
BSD68,test036.png,25,guided,24.5735665853262,0,0.494242039860179,0,1
BSD68,test036.png,25,l0,24.9817013011224,0,0.38739703191562,0,1
BSD68,test036.png,25,lgss,22.654992241,0,0.4378375964,0,1
BSD68,test036.png,25,original,24.8863736305627,0,0.374366492234093,0,1
BSD68,test036.png,25,tv,15.9545628032,0,0.1873180413,0,1
BSD68,test036.png,50,adaptive,14.3246769000105,0,0.135176439919631,0,1
BSD68,test036.png,50,bilateral,15.8541511359464,0,0.160233438832738,0,1
BSD68,test036.png,50,guided,16.1652341461077,0,0.165021656208192,0,1
BSD68,test036.png,50,l0,16.4152982910348,0,0.157399336298427,0,1
BSD68,test036.png,50,lgss,14.4479300523,0,0.1374963041,0,1
BSD68,test036.png,50,original,16.116257057453,0,0.173268564341763,0,1
BSD68,test036.png,50,tv,12.4212142352,0,0.095445164,0,1
BSD68,test037.png,10,adaptive,22.6286644451723,0,0.568389992853938,0,1
BSD68,test037.png,10,bilateral,30.4467437546013,0,0.833784466008097,0,1
BSD68,test037.png,10,guided,29.5816871267667,0,0.818002297882065,0,1
BSD68,test037.png,10,l0,21.882295444177,0,0.550767490171348,0,1
BSD68,test037.png,10,lgss,25.3600232675,0,0.6719670086,0,1
BSD68,test037.png,10,original,18.8918806278356,0,0.47150302257269,0,1
BSD68,test037.png,10,tv,17.4539432575,0,0.2437639892,0,1
BSD68,test037.png,20,adaptive,23.8965356958642,0,0.652125173906861,0,1
BSD68,test037.png,20,bilateral,26.9031421428212,0,0.638993227123822,0,1
BSD68,test037.png,20,guided,26.6821030469064,0,0.633076872691878,0,1
BSD68,test037.png,20,l0,22.0531067669111,0,0.560002477361049,0,1
BSD68,test037.png,20,lgss,25.383078583,0,0.7026160567,0,1
BSD68,test037.png,20,original,19.6888277095392,0,0.483083882384848,0,1
BSD68,test037.png,20,tv,16.9864903181,0,0.226734324,0,1
BSD68,test037.png,25,adaptive,23.3238267591264,0,0.541262318778953,0,1
BSD68,test037.png,25,bilateral,24.4424332468258,0,0.507302661440379,0,1
BSD68,test037.png,25,guided,24.5274222862006,0,0.509288761052048,0,1
BSD68,test037.png,25,l0,22.0159609486428,0,0.562659019185998,0,1
BSD68,test037.png,25,lgss,24.073588949,0,0.6586626535,0,1
BSD68,test037.png,25,original,20.0772085771988,0,0.491186611440881,0,1
BSD68,test037.png,25,tv,16.3719261287,0,0.2060560695,0,1
BSD68,test037.png,50,adaptive,15.0690598597736,0,0.166639125059665,0,1
BSD68,test037.png,50,bilateral,16.5114496033671,0,0.193091358967541,0,1
BSD68,test037.png,50,guided,16.9803686956097,0,0.201383449656406,0,1
BSD68,test037.png,50,l0,17.5555371458377,0,0.248954247790235,0,1
BSD68,test037.png,50,lgss,16.0760641725,0,0.2474293189,0,1
BSD68,test037.png,50,original,17.8417603739615,0,0.325849740877681,0,1
BSD68,test037.png,50,tv,13.2231752551,0,0.1188674703,0,1
BSD68,test038.png,10,adaptive,22.0957084599328,0,0.511732216862219,0,1
BSD68,test038.png,10,bilateral,30.2584255941006,0,0.82249444329483,0,1
BSD68,test038.png,10,guided,29.154857114856,0,0.794173217775544,0,1
BSD68,test038.png,10,l0,20.7905287486376,0,0.471893225735671,0,1
BSD68,test038.png,10,lgss,25.3420962916,0,0.6429787739,0,1
BSD68,test038.png,10,original,18.7190563971343,0,0.413382445343779,0,1
BSD68,test038.png,10,tv,17.3365276946,0,0.2402568069,0,1
BSD68,test038.png,20,adaptive,24.2440819304527,0,0.596240976913388,0,1
BSD68,test038.png,20,bilateral,26.6802196820526,0,0.642330018011684,0,1
BSD68,test038.png,20,guided,26.4857507193308,0,0.631681727103982,0,1
BSD68,test038.png,20,l0,20.9821730368762,0,0.483510445362457,0,1
BSD68,test038.png,20,lgss,25.742138285,0,0.6890887022,0,1
BSD68,test038.png,20,original,19.0628582459285,0,0.421913320689753,0,1
BSD68,test038.png,20,tv,16.9352861549,0,0.2248365737,0,1
BSD68,test038.png,25,adaptive,23.3946626946482,0,0.530759612972205,0,1
BSD68,test038.png,25,bilateral,24.2875957950628,0,0.515660723238962,0,1
BSD68,test038.png,25,guided,24.4010166706795,0,0.514938862542163,0,1
BSD68,test038.png,25,l0,21.343021121237,0,0.494478054465469,0,1
BSD68,test038.png,25,lgss,24.1148460424,0,0.6353009998,0,1
BSD68,test038.png,25,original,19.4230721870416,0,0.429821181529073,0,1
BSD68,test038.png,25,tv,16.3365543853,0,0.2040519772,0,1
BSD68,test038.png,50,adaptive,15.0460597112386,0,0.170042857721844,0,1
BSD68,test038.png,50,bilateral,16.4855191644388,0,0.197207117595049,0,1
BSD68,test038.png,50,guided,16.9619775494114,0,0.206273307938573,0,1
BSD68,test038.png,50,l0,17.6256605735368,0,0.244912021797675,0,1
BSD68,test038.png,50,lgss,15.8625665564,0,0.2230102588,0,1
BSD68,test038.png,50,original,17.9483033075912,0,0.311023124401278,0,1
BSD68,test038.png,50,tv,13.2085227061,0,0.1172824575,0,1
BSD68,test039.png,10,adaptive,22.7602793301967,0,0.73261276713982,0,1
BSD68,test039.png,10,bilateral,33.2613097720856,0,0.902765580432068,0,1
BSD68,test039.png,10,guided,31.1944506235263,0,0.869759579022371,0,1
BSD68,test039.png,10,l0,23.1608184764643,0,0.722500238697383,0,1
BSD68,test039.png,10,lgss,26.2145126379,0,0.8082773676,0,1
BSD68,test039.png,10,original,19.1982467982552,0,0.642234331672389,0,1
BSD68,test039.png,10,tv,17.1316165552,0,0.1824137107,0,1
BSD68,test039.png,20,adaptive,25.1995805023494,0,0.747766791548882,0,1
BSD68,test039.png,20,bilateral,27.5693700733625,0,0.617392611421041,0,1
BSD68,test039.png,20,guided,27.0706261552292,0,0.599625920793219,0,1
BSD68,test039.png,20,l0,23.5168281259219,0,0.728893084205325,0,1
BSD68,test039.png,20,lgss,27.4588991267,0,0.8300059691,0,1
BSD68,test039.png,20,original,19.7798924583435,0,0.659020559462496,0,1
BSD68,test039.png,20,tv,16.6560834057,0,0.1706796975,0,1
BSD68,test039.png,25,adaptive,24.0487500117353,0,0.519892568463457,0,1
BSD68,test039.png,25,bilateral,24.6198101329818,0,0.456260299472513,0,1
BSD68,test039.png,25,guided,24.5363817827368,0,0.449008018087429,0,1
BSD68,test039.png,25,l0,23.6642698571775,0,0.72572209712876,0,1
BSD68,test039.png,25,lgss,25.9175752769,0,0.7563222027,0,1
BSD68,test039.png,25,original,20.6018383496215,0,0.676660575261732,0,1
BSD68,test039.png,25,tv,16.0276457958,0,0.1558991767,0,1
BSD68,test039.png,50,adaptive,14.650265695986,0,0.129669399618021,0,1
BSD68,test039.png,50,bilateral,16.1313064695662,0,0.153752148168163,0,1
BSD68,test039.png,50,guided,16.4994888177614,0,0.157915606331571,0,1
BSD68,test039.png,50,l0,17.2446338633299,0,0.203342044124612,0,1
BSD68,test039.png,50,lgss,15.4295058605,0,0.150546591,0,1
BSD68,test039.png,50,original,17.2524532285187,0,0.233766818167827,0,1
BSD68,test039.png,50,tv,12.8044050681,0,0.092943724,0,1
BSD68,test040.png,10,adaptive,22.784647691837,0,0.608439537775194,0,1
BSD68,test040.png,10,bilateral,30.8667996885618,0,0.830977480064553,0,1
BSD68,test040.png,10,guided,29.3976555175249,0,0.809198786628853,0,1
BSD68,test040.png,10,l0,22.3751037028442,0,0.597739871814482,0,1
BSD68,test040.png,10,lgss,26.3011029236,0,0.6992352726,0,1
BSD68,test040.png,10,original,19.9397512262351,0,0.506501051968661,0,1
BSD68,test040.png,10,tv,17.4044497188,0,0.2784997098,0,1
BSD68,test040.png,20,adaptive,25.348967837176,0,0.670973699336167,0,1
BSD68,test040.png,20,bilateral,26.7653606616739,0,0.664973832757585,0,1
BSD68,test040.png,20,guided,26.1725056090469,0,0.650157610501252,0,1
BSD68,test040.png,20,l0,22.5722114015127,0,0.610500174078223,0,1
BSD68,test040.png,20,lgss,26.1525668533,0,0.7152022122,0,1
BSD68,test040.png,20,original,20.4212462177838,0,0.524679483430707,0,1
BSD68,test040.png,20,tv,16.8618090117,0,0.261060699,0,1
BSD68,test040.png,25,adaptive,23.3228548502981,0,0.552705060923505,0,1
BSD68,test040.png,25,bilateral,24.230457455387,0,0.538247397094432,0,1
BSD68,test040.png,25,guided,24.0327675763488,0,0.531953388848587,0,1
BSD68,test040.png,25,l0,22.5863533696875,0,0.611646313352191,0,1
BSD68,test040.png,25,lgss,24.7675127478,0,0.6803247758,0,1
BSD68,test040.png,25,original,20.7200557336346,0,0.537384161635406,0,1
BSD68,test040.png,25,tv,16.1777668332,0,0.2395429757,0,1
BSD68,test040.png,50,adaptive,14.737593226959,0,0.201944086387686,0,1
BSD68,test040.png,50,bilateral,16.1188273826277,0,0.224720448187711,0,1
BSD68,test040.png,50,guided,16.4352118280366,0,0.229608659745639,0,1
BSD68,test040.png,50,l0,16.8970339482058,0,0.266814976208732,0,1
BSD68,test040.png,50,lgss,15.7199451945,0,0.2591754729,0,1
BSD68,test040.png,50,original,16.8872474811322,0,0.310569239022962,0,1
BSD68,test040.png,50,tv,12.8303037809,0,0.1489034568,0,1
BSD68,test041.png,10,adaptive,22.260445869089,0,0.602325733496307,0,1
BSD68,test041.png,10,bilateral,30.0027756589682,0,0.866971536063629,0,1
BSD68,test041.png,10,guided,28.685491242097,0,0.845013792975219,0,1
BSD68,test041.png,10,l0,20.9856192811113,0,0.547555941199666,0,1
BSD68,test041.png,10,lgss,25.1927413955,0,0.704840472,0,1
BSD68,test041.png,10,original,18.2855543868248,0,0.422677246273593,0,1
BSD68,test041.png,10,tv,17.9877849916,0,0.334460363,0,1
BSD68,test041.png,20,adaptive,24.1234774502105,0,0.689837626501903,0,1
BSD68,test041.png,20,bilateral,26.3441609396015,0,0.705266387373778,0,1
BSD68,test041.png,20,guided,25.8504386279628,0,0.691997901122442,0,1
BSD68,test041.png,20,l0,21.6282556861736,0,0.557469045984113,0,1
BSD68,test041.png,20,lgss,24.8997377887,0,0.722893499,0,1
BSD68,test041.png,20,original,18.5992825549561,0,0.439884981670656,0,1
BSD68,test041.png,20,tv,17.3231508267,0,0.3084016028,0,1
BSD68,test041.png,25,adaptive,23.0183888588395,0,0.618116404136848,0,1
BSD68,test041.png,25,bilateral,24.129978672082,0,0.590954937598516,0,1
BSD68,test041.png,25,guided,24.011037802789,0,0.588080424106955,0,1
BSD68,test041.png,25,l0,21.5347719046075,0,0.561541487688599,0,1
BSD68,test041.png,25,lgss,23.8034002617,0,0.6995149374,0,1
BSD68,test041.png,25,original,18.8876888902164,0,0.454938268245842,0,1
BSD68,test041.png,25,tv,16.6679008202,0,0.2836261177,0,1
BSD68,test041.png,50,adaptive,15.3689104209148,0,0.241556987092432,0,1
BSD68,test041.png,50,bilateral,16.6444004078886,0,0.266763751670965,0,1
BSD68,test041.png,50,guided,17.0807965002798,0,0.276324864865254,0,1
BSD68,test041.png,50,l0,17.4475068874364,0,0.316489245009847,0,1
BSD68,test041.png,50,lgss,16.363738519,0,0.3365205971,0,1
BSD68,test041.png,50,original,17.7583149614392,0,0.380747223963798,0,1
BSD68,test041.png,50,tv,13.4306070274,0,0.1753903234,0,1
BSD68,test042.png,10,adaptive,24.6622936024753,0,0.698974073164815,0,1
BSD68,test042.png,10,bilateral,31.4739315447166,0,0.84817282911404,0,1
BSD68,test042.png,10,guided,30.2391667024472,0,0.834058884624326,0,1
BSD68,test042.png,10,l0,22.8558835638467,0,0.665709135870947,0,1
BSD68,test042.png,10,lgss,25.4873874235,0,0.7335118616,0,1
BSD68,test042.png,10,original,19.3293702573398,0,0.581867325197178,0,1
BSD68,test042.png,10,tv,17.3832460114,0,0.2437655825,0,1
BSD68,test042.png,20,adaptive,25.6737516517848,0,0.701828652531946,0,1
BSD68,test042.png,20,bilateral,27.0481263657079,0,0.630035177980744,0,1
BSD68,test042.png,20,guided,26.6579575569736,0,0.622309344783761,0,1
BSD68,test042.png,20,l0,23.0903704585237,0,0.670674548527064,0,1
BSD68,test042.png,20,lgss,26.097995782,0,0.7505099606,0,1
BSD68,test042.png,20,original,20.3567495624706,0,0.60777136458694,0,1
BSD68,test042.png,20,tv,16.8301339195,0,0.2278305169,0,1
BSD68,test042.png,25,adaptive,23.4554545149847,0,0.518056127859122,0,1
BSD68,test042.png,25,bilateral,24.3711237337089,0,0.488483000786356,0,1
BSD68,test042.png,25,guided,24.335311090836,0,0.486882719246781,0,1
BSD68,test042.png,25,l0,23.1378518430799,0,0.669192696449651,0,1
BSD68,test042.png,25,lgss,25.1950292834,0,0.7158586937,0,1
BSD68,test042.png,25,original,21.3829772639147,0,0.627092676828241,0,1
BSD68,test042.png,25,tv,16.1654414485,0,0.2090287427,0,1
BSD68,test042.png,50,adaptive,14.8126612071542,0,0.173619648722006,0,1
BSD68,test042.png,50,bilateral,16.2419224236288,0,0.196183743757184,0,1
BSD68,test042.png,50,guided,16.6458235884952,0,0.201822124731704,0,1
BSD68,test042.png,50,l0,17.3281817593008,0,0.23561969215309,0,1
BSD68,test042.png,50,lgss,15.9372789993,0,0.2178945906,0,1
BSD68,test042.png,50,original,17.3196980244876,0,0.265856061928542,0,1
BSD68,test042.png,50,tv,12.9946358449,0,0.1315902865,0,1
BSD68,test043.png,10,adaptive,22.315020290084,0,0.68026440849483,0,1
BSD68,test043.png,10,bilateral,31.4581155141484,0,0.896062474127432,0,1
BSD68,test043.png,10,guided,29.7789116406918,0,0.871934501450223,0,1
BSD68,test043.png,10,l0,21.1706115716639,0,0.65771222138665,0,1
BSD68,test043.png,10,lgss,24.4732643699,0,0.7393853247,0,1
BSD68,test043.png,10,original,20.2950718532916,0,0.607469765418299,0,1
BSD68,test043.png,10,tv,17.5194870419,0,0.2782717188,0,1
BSD68,test043.png,20,adaptive,23.9603764390816,0,0.7155621503586,0,1
BSD68,test043.png,20,bilateral,26.7148314074058,0,0.676717677600208,0,1
BSD68,test043.png,20,guided,26.1251219810957,0,0.662659882007916,0,1
BSD68,test043.png,20,l0,21.2529907144003,0,0.662786389611567,0,1
BSD68,test043.png,20,lgss,25.0181272373,0,0.7647523783,0,1
BSD68,test043.png,20,original,20.335783148182,0,0.613624930330329,0,1
BSD68,test043.png,20,tv,17.0608509404,0,0.2625849024,0,1
BSD68,test043.png,25,adaptive,23.5976001833436,0,0.598171162600435,0,1
BSD68,test043.png,25,bilateral,24.219347176115,0,0.543159844054537,0,1
BSD68,test043.png,25,guided,24.0394767877578,0,0.538389799062765,0,1
BSD68,test043.png,25,l0,21.1540764390358,0,0.66037224414245,0,1
BSD68,test043.png,25,lgss,24.3012200424,0,0.7393923474,0,1
BSD68,test043.png,25,original,20.6051503540652,0,0.621465422128117,0,1
BSD68,test043.png,25,tv,16.441077198,0,0.2432315602,0,1
BSD68,test043.png,50,adaptive,15.1412663357905,0,0.211354014346459,0,1
BSD68,test043.png,50,bilateral,16.4665786013414,0,0.236792422686963,0,1
BSD68,test043.png,50,guided,16.8658739814754,0,0.243261435044487,0,1
BSD68,test043.png,50,l0,17.4681134709117,0,0.302269938867472,0,1
BSD68,test043.png,50,lgss,16.348991505,0,0.297331067,0,1
BSD68,test043.png,50,original,17.8828108377281,0,0.376651849050633,0,1
BSD68,test043.png,50,tv,13.259065415,0,0.1567886648,0,1
BSD68,test044.png,10,adaptive,23.0245419535179,0,0.642937416273409,0,1
BSD68,test044.png,10,bilateral,29.3286248449325,0,0.8781837668354,0,1
BSD68,test044.png,10,guided,27.9855247436372,0,0.852523756546698,0,1
BSD68,test044.png,10,l0,20.8289938879021,0,0.48058108563279,0,1
BSD68,test044.png,10,lgss,25.4962698949,0,0.7595715757,0,1
BSD68,test044.png,10,original,19.1188771179386,0,0.402914045212417,0,1
BSD68,test044.png,10,tv,17.7486456566,0,0.3598028832,0,1
BSD68,test044.png,20,adaptive,23.9579251451982,0,0.72083034963621,0,1
BSD68,test044.png,20,bilateral,25.7203314335977,0,0.693082401621361,0,1
BSD68,test044.png,20,guided,25.4130045277117,0,0.682045817928356,0,1
BSD68,test044.png,20,l0,21.2470830875391,0,0.516515654844895,0,1
BSD68,test044.png,20,lgss,24.4959292476,0,0.7701883414,0,1
BSD68,test044.png,20,original,19.5884043755561,0,0.429239699391298,0,1
BSD68,test044.png,20,tv,17.0101636052,0,0.3269033109,0,1
BSD68,test044.png,25,adaptive,22.4239374253829,0,0.596421108164213,0,1
BSD68,test044.png,25,bilateral,23.5604544514338,0,0.578539886924496,0,1
BSD68,test044.png,25,guided,23.5847693472525,0,0.575125188047698,0,1
BSD68,test044.png,25,l0,21.3722617195029,0,0.53638623884769,0,1
BSD68,test044.png,25,lgss,22.9258490126,0,0.7263094935,0,1
BSD68,test044.png,25,original,20.0507252135827,0,0.459823474410026,0,1
BSD68,test044.png,25,tv,16.3329600077,0,0.2993039904,0,1
BSD68,test044.png,50,adaptive,14.9183479686798,0,0.245446241234725,0,1
BSD68,test044.png,50,bilateral,16.2456683423069,0,0.272471021106443,0,1
BSD68,test044.png,50,guided,16.6764520158544,0,0.279997621332218,0,1
BSD68,test044.png,50,l0,17.0057159393371,0,0.293413509491573,0,1
BSD68,test044.png,50,lgss,15.7474675563,0,0.3034037416,0,1
BSD68,test044.png,50,original,17.1444689254082,0,0.347156634222091,0,1
BSD68,test044.png,50,tv,13.1160797926,0,0.181836,0,1
BSD68,test045.png,10,adaptive,20.6131440387291,0,0.707005936978744,0,1
BSD68,test045.png,10,bilateral,33.6228726547134,0,0.861828522551795,0,1
BSD68,test045.png,10,guided,32.6125004443679,0,0.847289895694379,0,1
BSD68,test045.png,10,l0,19.8568835335135,0,0.698068528588257,0,1
BSD68,test045.png,10,lgss,27.2871491612,0,0.7811885929,0,1
BSD68,test045.png,10,original,20.6269890382005,0,0.686097338498387,0,1
BSD68,test045.png,10,tv,17.0146712446,0,0.113932359,0,1
BSD68,test045.png,20,adaptive,25.1349922029134,0,0.714157345489082,0,1
BSD68,test045.png,20,bilateral,28.2762187464261,0,0.554875558603683,0,1
BSD68,test045.png,20,guided,28.3789849638794,0,0.558671554301942,0,1
BSD68,test045.png,20,l0,20.7626084546691,0,0.708346603567099,0,1
BSD68,test045.png,20,lgss,27.7879322295,0,0.7942839695,0,1
BSD68,test045.png,20,original,20.6262689747427,0,0.686084242452682,0,1
BSD68,test045.png,20,tv,16.5935435773,0,0.1063470785,0,1
BSD68,test045.png,25,adaptive,24.3076541050604,0,0.444253254011479,0,1
BSD68,test045.png,25,bilateral,25.0957699947819,0,0.380005656632898,0,1
BSD68,test045.png,25,guided,25.3948357599011,0,0.387538411151236,0,1
BSD68,test045.png,25,l0,22.0233233774684,0,0.713663456717899,0,1
BSD68,test045.png,25,lgss,25.5200890023,0,0.7087397928,0,1
BSD68,test045.png,25,original,20.6424534509982,0,0.686722188780183,0,1
BSD68,test045.png,25,tv,15.9528558001,0,0.0942588991,0,1
BSD68,test045.png,50,adaptive,14.4663034705766,0,0.0712704853643118,0,1
BSD68,test045.png,50,bilateral,16.0568656248363,0,0.0905463620518196,0,1
BSD68,test045.png,50,guided,16.4228759070935,0,0.0946300034050046,0,1
BSD68,test045.png,50,l0,17.0063992891067,0,0.127711012090638,0,1
BSD68,test045.png,50,lgss,15.4327265538,0,0.1051161424,0,1
BSD68,test045.png,50,original,16.831902262168,0,0.15248817419535,0,1
BSD68,test045.png,50,tv,12.5800664356,0,0.0474222751,0,1
BSD68,test046.png,10,adaptive,23.1336739220774,0,0.592444981857485,0,1
BSD68,test046.png,10,bilateral,28.7069981138352,0,0.845222478470425,0,1
BSD68,test046.png,10,guided,27.5444252336517,0,0.826247657830633,0,1
BSD68,test046.png,10,l0,20.9004319481459,0,0.487942587787799,0,1
BSD68,test046.png,10,lgss,25.0210933342,0,0.6743037817,0,1
BSD68,test046.png,10,original,19.2597929417306,0,0.401279531965999,0,1
BSD68,test046.png,10,tv,17.8058740396,0,0.4285851731,0,1
BSD68,test046.png,20,adaptive,24.0839825502121,0,0.686256956767192,0,1
BSD68,test046.png,20,bilateral,25.3527686995923,0,0.739920084704005,0,1
BSD68,test046.png,20,guided,24.7902006962241,0,0.719827457138241,0,1
BSD68,test046.png,20,l0,21.0439108356888,0,0.51096833746689,0,1
BSD68,test046.png,20,lgss,24.0868711779,0,0.6768712323,0,1
BSD68,test046.png,20,original,19.9273747737324,0,0.429006105687709,0,1
BSD68,test046.png,20,tv,17.0506587633,0,0.3967530117,0,1
BSD68,test046.png,25,adaptive,22.2479140530598,0,0.634814853140748,0,1
BSD68,test046.png,25,bilateral,23.2968661729127,0,0.649342307760192,0,1
BSD68,test046.png,25,guided,23.051686209083,0,0.636942480526554,0,1
BSD68,test046.png,25,l0,21.065376179993,0,0.524778479396052,0,1
BSD68,test046.png,25,lgss,22.8989092719,0,0.6519259882,0,1
BSD68,test046.png,25,original,20.3662349276261,0,0.45727269190114,0,1
BSD68,test046.png,25,tv,16.3454094943,0,0.3676475155,0,1
BSD68,test046.png,50,adaptive,14.9202802516097,0,0.314431799697689,0,1
BSD68,test046.png,50,bilateral,16.1413242243848,0,0.341120255792432,0,1
BSD68,test046.png,50,guided,16.4623962751182,0,0.346555319634892,0,1
BSD68,test046.png,50,l0,16.7856423121657,0,0.365612466929589,0,1
BSD68,test046.png,50,lgss,15.6813369304,0,0.3570431264,0,1
BSD68,test046.png,50,original,16.9312329388747,0,0.408725613642152,0,1
BSD68,test046.png,50,tv,13.0731517055,0,0.2408011171,0,1
BSD68,test047.png,10,adaptive,21.0743415189191,0,0.450200143565684,0,1
BSD68,test047.png,10,bilateral,28.5670878364948,0,0.833928528811883,0,1
BSD68,test047.png,10,guided,27.4778513247978,0,0.808683920767446,0,1
BSD68,test047.png,10,l0,19.5815159146162,0,0.341221059238006,0,1
BSD68,test047.png,10,lgss,24.1375694488,0,0.6035574488,0,1
BSD68,test047.png,10,original,18.1476205825758,0,0.26261375066982,0,1
BSD68,test047.png,10,tv,17.4465167706,0,0.3701820465,0,1
BSD68,test047.png,20,adaptive,23.1190257337693,0,0.594425592885657,0,1
BSD68,test047.png,20,bilateral,25.3652436511281,0,0.710613323263966,0,1
BSD68,test047.png,20,guided,25.1279901762559,0,0.698247598284883,0,1
BSD68,test047.png,20,l0,19.9025274570139,0,0.371754343590835,0,1
BSD68,test047.png,20,lgss,24.2220407685,0,0.6620345326,0,1
BSD68,test047.png,20,original,18.656215831958,0,0.292468686855853,0,1
BSD68,test047.png,20,tv,16.7812828606,0,0.3386628577,0,1
BSD68,test047.png,25,adaptive,22.1256136095604,0,0.587989942299593,0,1
BSD68,test047.png,25,bilateral,23.2896665905578,0,0.611927139842467,0,1
BSD68,test047.png,25,guided,23.3242112335009,0,0.607112892733102,0,1
BSD68,test047.png,25,l0,20.2983623638196,0,0.398639203284867,0,1
BSD68,test047.png,25,lgss,22.5565784903,0,0.6089495873,0,1
BSD68,test047.png,25,original,19.0496367695932,0,0.315959358782897,0,1
BSD68,test047.png,25,tv,16.0616888128,0,0.3072932414,0,1
BSD68,test047.png,50,adaptive,14.543555763355,0,0.248366895919317,0,1
BSD68,test047.png,50,bilateral,15.8928772231919,0,0.279705610474224,0,1
BSD68,test047.png,50,guided,16.2211640680619,0,0.2856637696878,0,1
BSD68,test047.png,50,l0,16.399502389198,0,0.285479437723473,0,1
BSD68,test047.png,50,lgss,14.8043576741,0,0.2579944909,0,1
BSD68,test047.png,50,original,16.3853040035414,0,0.320937338174647,0,1
BSD68,test047.png,50,tv,12.6984358818,0,0.179690472,0,1
BSD68,test048.png,10,adaptive,22.6812278856388,0,0.736592957906497,0,1
BSD68,test048.png,10,bilateral,30.8333774361623,0,0.914784837748787,0,1
BSD68,test048.png,10,guided,29.0249343010408,0,0.891702743890672,0,1
BSD68,test048.png,10,l0,21.8757536299714,0,0.698340622680089,0,1
BSD68,test048.png,10,lgss,24.8452536925,0,0.8013122915,0,1
BSD68,test048.png,10,original,19.7372185446834,0,0.620600497896771,0,1
BSD68,test048.png,10,tv,17.8355185815,0,0.3466903543,0,1
BSD68,test048.png,20,adaptive,24.2791281304016,0,0.776713889959707,0,1
BSD68,test048.png,20,bilateral,26.393902024449,0,0.71907333211486,0,1
BSD68,test048.png,20,guided,25.5799214148883,0,0.697164545082532,0,1
BSD68,test048.png,20,l0,21.910382167577,0,0.703560534702564,0,1
BSD68,test048.png,20,lgss,25.3351573303,0,0.8212477212,0,1
BSD68,test048.png,20,original,20.0817255378906,0,0.634391635559476,0,1
BSD68,test048.png,20,tv,17.2489337117,0,0.3250090643,0,1
BSD68,test048.png,25,adaptive,23.3824707227368,0,0.659670452296195,0,1
BSD68,test048.png,25,bilateral,24.0813385638532,0,0.601483462124823,0,1
BSD68,test048.png,25,guided,23.6957806165188,0,0.588329568222556,0,1
BSD68,test048.png,25,l0,21.9534568610992,0,0.706558430303363,0,1
BSD68,test048.png,25,lgss,24.4784912529,0,0.7981345393,0,1
BSD68,test048.png,25,original,20.1503751370594,0,0.640441721085692,0,1
BSD68,test048.png,25,tv,16.6279904179,0,0.304242091,0,1
BSD68,test048.png,50,adaptive,15.4282920440816,0,0.279677527992308,0,1
BSD68,test048.png,50,bilateral,16.6104915521934,0,0.29847562088568,0,1
BSD68,test048.png,50,guided,16.9607086106712,0,0.304982012963015,0,1
BSD68,test048.png,50,l0,17.4753646756125,0,0.3759887182624,0,1
BSD68,test048.png,50,lgss,16.6334212807,0,0.3923228273,0,1
BSD68,test048.png,50,original,18.0290496837234,0,0.46435404243591,0,1
BSD68,test048.png,50,tv,13.4414198492,0,0.2055738142,0,1
BSD68,test049.png,10,adaptive,21.2540374231214,0,0.688940271325137,0,1
BSD68,test049.png,10,bilateral,33.0212076541883,0,0.85775353228105,0,1
BSD68,test049.png,10,guided,31.9324688729662,0,0.843640978245601,0,1
BSD68,test049.png,10,l0,22.5243627388615,0,0.699146179340427,0,1
BSD68,test049.png,10,lgss,26.2933073844,0,0.7601035495,0,1
BSD68,test049.png,10,original,19.2177706253517,0,0.64921608066522,0,1
BSD68,test049.png,10,tv,17.4374916361,0,0.1516360882,0,1
BSD68,test049.png,20,adaptive,24.142394683062,0,0.714531056604815,0,1
BSD68,test049.png,20,bilateral,28.1243108021044,0,0.628212492679923,0,1
BSD68,test049.png,20,guided,27.9859250482266,0,0.631126354549269,0,1
BSD68,test049.png,20,l0,24.1210412814562,0,0.713746107626773,0,1
BSD68,test049.png,20,lgss,26.833865621,0,0.7676266984,0,1
BSD68,test049.png,20,original,19.1992007934604,0,0.652178052771541,0,1
BSD68,test049.png,20,tv,16.9604024996,0,0.1381254889,0,1
BSD68,test049.png,25,adaptive,23.983108872488,0,0.541158094745734,0,1
BSD68,test049.png,25,bilateral,25.2515725001585,0,0.47028102693489,0,1
BSD68,test049.png,25,guided,25.3916529629784,0,0.484058953655559,0,1
BSD68,test049.png,25,l0,24.5179572919642,0,0.715469290814242,0,1
BSD68,test049.png,25,lgss,25.3980353787,0,0.7105288465,0,1
BSD68,test049.png,25,original,19.0719222842982,0,0.655538327581268,0,1
BSD68,test049.png,25,tv,16.3747233139,0,0.1241159728,0,1
BSD68,test049.png,50,adaptive,15.2445513254301,0,0.121128587357475,0,1
BSD68,test049.png,50,bilateral,16.7160011697147,0,0.129099349279962,0,1
BSD68,test049.png,50,guided,17.1935071684156,0,0.14309747866601,0,1
BSD68,test049.png,50,l0,17.9433451473508,0,0.243459293430026,0,1
BSD68,test049.png,50,lgss,16.4166242987,0,0.2585743757,0,1
BSD68,test049.png,50,original,18.0556227827007,0,0.33703143461068,0,1
BSD68,test049.png,50,tv,13.2550233394,0,0.0676099155,0,1
BSD68,test050.png,10,adaptive,21.5157906206347,0,0.545345997764817,0,1
BSD68,test050.png,10,bilateral,28.926534328503,0,0.834306546116086,0,1
BSD68,test050.png,10,guided,27.9589778636152,0,0.817258083075556,0,1
BSD68,test050.png,10,l0,20.3240935924204,0,0.451004783164336,0,1
BSD68,test050.png,10,lgss,24.0672382099,0,0.6448795016,0,1
BSD68,test050.png,10,original,17.7322806244455,0,0.347153601499148,0,1
BSD68,test050.png,10,tv,17.7509325824,0,0.3670784823,0,1
BSD68,test050.png,20,adaptive,23.4701450856782,0,0.651801718549415,0,1
BSD68,test050.png,20,bilateral,25.6814716487334,0,0.718254662879391,0,1
BSD68,test050.png,20,guided,25.396741136063,0,0.709561759269431,0,1
BSD68,test050.png,20,l0,20.5395210356858,0,0.472752831497026,0,1
BSD68,test050.png,20,lgss,23.9510005087,0,0.6704428579,0,1
BSD68,test050.png,20,original,18.2964367575526,0,0.376130367201177,0,1
BSD68,test050.png,20,tv,17.0480217282,0,0.33652866,0,1
BSD68,test050.png,25,adaptive,22.2580773816725,0,0.604268054177496,0,1
BSD68,test050.png,25,bilateral,23.6084717667381,0,0.618326448114343,0,1
BSD68,test050.png,25,guided,23.6016206288007,0,0.618925569288728,0,1
BSD68,test050.png,25,l0,20.7018190714251,0,0.4861143769161,0,1
BSD68,test050.png,25,lgss,22.7824794572,0,0.6404781958,0,1
BSD68,test050.png,25,original,18.6463132196053,0,0.401568069413532,0,1
BSD68,test050.png,25,tv,16.3735886422,0,0.3077601836,0,1
BSD68,test050.png,50,adaptive,14.9899680476921,0,0.259581055596755,0,1
BSD68,test050.png,50,bilateral,16.2751280099483,0,0.282564593261216,0,1
BSD68,test050.png,50,guided,16.6657205360812,0,0.2938675060762,0,1
BSD68,test050.png,50,l0,16.8932511664426,0,0.317000761067298,0,1
BSD68,test050.png,50,lgss,15.6307437973,0,0.3207479122,0,1
BSD68,test050.png,50,original,16.9804981461625,0,0.370523386315493,0,1
BSD68,test050.png,50,tv,13.0889557563,0,0.1843488829,0,1
BSD68,test051.png,10,adaptive,22.631764226647,0,0.651433169070147,0,1
BSD68,test051.png,10,bilateral,30.2041796002531,0,0.8600078262785,0,1
BSD68,test051.png,10,guided,28.8068911886132,0,0.840885637777752,0,1
BSD68,test051.png,10,l0,20.7294576203594,0,0.589317733810378,0,1
BSD68,test051.png,10,lgss,24.7566445232,0,0.702137434,0,1
BSD68,test051.png,10,original,20.9333638064797,0,0.572077460600029,0,1
BSD68,test051.png,10,tv,17.5808144244,0,0.3506616089,0,1
BSD68,test051.png,20,adaptive,23.6684746664536,0,0.673946074445312,0,1
BSD68,test051.png,20,bilateral,26.151147051868,0,0.692002150776563,0,1
BSD68,test051.png,20,guided,25.5060084015626,0,0.681915529882467,0,1
BSD68,test051.png,20,l0,20.8817543250616,0,0.600404449586755,0,1
BSD68,test051.png,20,lgss,24.4692254064,0,0.7098010114,0,1
BSD68,test051.png,20,original,21.0568518148991,0,0.584759809701767,0,1
BSD68,test051.png,20,tv,16.8682072489,0,0.3278201264,0,1
BSD68,test051.png,25,adaptive,22.7098673783463,0,0.577085000257213,0,1
BSD68,test051.png,25,bilateral,23.7453619241242,0,0.574711736788038,0,1
BSD68,test051.png,25,guided,23.4666222331031,0,0.569621132738824,0,1
BSD68,test051.png,25,l0,20.9049254743346,0,0.602458679501203,0,1
BSD68,test051.png,25,lgss,23.316384072,0,0.6645355774,0,1
BSD68,test051.png,25,original,21.1179902550085,0,0.594008745954097,0,1
BSD68,test051.png,25,tv,16.1483092757,0,0.3057835767,0,1
BSD68,test051.png,50,adaptive,14.5877548254058,0,0.261947671388564,0,1
BSD68,test051.png,50,bilateral,15.9070434714271,0,0.28498713116354,0,1
BSD68,test051.png,50,guided,16.1736883078981,0,0.287105019077992,0,1
BSD68,test051.png,50,l0,16.4643767738785,0,0.301087147469509,0,1
BSD68,test051.png,50,lgss,15.1176839296,0,0.2794946996,0,1
BSD68,test051.png,50,original,16.4156954621533,0,0.327837363090785,0,1
BSD68,test051.png,50,tv,12.7283944962,0,0.2095507759,0,1
BSD68,test052.png,10,adaptive,22.1758230512431,0,0.717199359817434,0,1
BSD68,test052.png,10,bilateral,33.0774598586354,0,0.863018793612391,0,1
BSD68,test052.png,10,guided,31.9843110636069,0,0.850067462910436,0,1
BSD68,test052.png,10,l0,23.6479556897516,0,0.699158140125286,0,1
BSD68,test052.png,10,lgss,27.1160552844,0,0.7713484696,0,1
BSD68,test052.png,10,original,19.6388162291523,0,0.666759006436343,0,1
BSD68,test052.png,10,tv,17.6763191141,0,0.1496256496,0,1
BSD68,test052.png,20,adaptive,23.3956319968604,0,0.723728466790772,0,1
BSD68,test052.png,20,bilateral,28.3973646701058,0,0.651262946183615,0,1
BSD68,test052.png,20,guided,28.2711735597197,0,0.65954261950632,0,1
BSD68,test052.png,20,l0,23.7590806854423,0,0.706370919913424,0,1
BSD68,test052.png,20,lgss,26.7757488806,0,0.7663222586,0,1
BSD68,test052.png,20,original,20.1921166546145,0,0.674044903078148,0,1
BSD68,test052.png,20,tv,17.1682431827,0,0.1373079566,0,1
BSD68,test052.png,25,adaptive,23.835477628225,0,0.593842337980895,0,1
BSD68,test052.png,25,bilateral,25.5564230898218,0,0.494932244848879,0,1
BSD68,test052.png,25,guided,25.7144297939707,0,0.516173297081011,0,1
BSD68,test052.png,25,l0,23.6225180289584,0,0.707781325448424,0,1
BSD68,test052.png,25,lgss,25.1968164625,0,0.6921452035,0,1
BSD68,test052.png,25,original,20.4057504131828,0,0.679519886414604,0,1
BSD68,test052.png,25,tv,16.569861005,0,0.1238278253,0,1
BSD68,test052.png,50,adaptive,15.39858419272,0,0.125958335960294,0,1
BSD68,test052.png,50,bilateral,16.8452199163747,0,0.131493518234491,0,1
BSD68,test052.png,50,guided,17.2950735583714,0,0.148324367162644,0,1
BSD68,test052.png,50,l0,17.6388645288048,0,0.269431691634853,0,1
BSD68,test052.png,50,lgss,16.2107040022,0,0.2792103794,0,1
BSD68,test052.png,50,original,17.7982590249949,0,0.397853504716766,0,1
BSD68,test052.png,50,tv,13.2833438769,0,0.0666313325,0,1
BSD68,test053.png,10,adaptive,22.5147492368567,0,0.609010841407574,0,1
BSD68,test053.png,10,bilateral,32.3827514797953,0,0.812991679225614,0,1
BSD68,test053.png,10,guided,31.629661568987,0,0.797580715683082,0,1
BSD68,test053.png,10,l0,22.4923894795648,0,0.612634953409299,0,1
BSD68,test053.png,10,lgss,26.4028786225,0,0.6715464101,0,1
BSD68,test053.png,10,original,21.0111552530756,0,0.59574360391372,0,1
BSD68,test053.png,10,tv,17.0606546421,0,0.1306664629,0,1
BSD68,test053.png,20,adaptive,24.9708058715922,0,0.619406206596166,0,1
BSD68,test053.png,20,bilateral,27.9585676339472,0,0.56856247077995,0,1
BSD68,test053.png,20,guided,28.0894255538252,0,0.571429038230166,0,1
BSD68,test053.png,20,l0,22.9188502961712,0,0.617002298096234,0,1
BSD68,test053.png,20,lgss,27.3371894232,0,0.6981694446,0,1
BSD68,test053.png,20,original,21.5294543724049,0,0.597904794783065,0,1
BSD68,test053.png,20,tv,16.638850609,0,0.1223345228,0,1
BSD68,test053.png,25,adaptive,24.0048422141117,0,0.43573634628075,0,1
BSD68,test053.png,25,bilateral,24.9785400777874,0,0.407600186354227,0,1
BSD68,test053.png,25,guided,25.2952887772229,0,0.415118733681854,0,1
BSD68,test053.png,25,l0,22.9553744365185,0,0.613401010622004,0,1
BSD68,test053.png,25,lgss,25.2844442316,0,0.6096257982,0,1
BSD68,test053.png,25,original,21.5949073764423,0,0.599325884178244,0,1
BSD68,test053.png,25,tv,16.0242057854,0,0.1086873189,0,1
BSD68,test053.png,50,adaptive,14.6644009047104,0,0.0835594327014097,0,1
BSD68,test053.png,50,bilateral,16.2431054922145,0,0.105265725050622,0,1
BSD68,test053.png,50,guided,16.6744674804232,0,0.111085367669082,0,1
BSD68,test053.png,50,l0,17.3875304950174,0,0.142335033432791,0,1
BSD68,test053.png,50,lgss,15.500895843,0,0.1134461651,0,1
BSD68,test053.png,50,original,17.3401687448869,0,0.175692773274311,0,1
BSD68,test053.png,50,tv,12.8221565106,0,0.0555826457,0,1
BSD68,test054.png,10,adaptive,21.5201231100575,0,0.579469180989256,0,1
BSD68,test054.png,10,bilateral,30.4000836551967,0,0.853178627880048,0,1
BSD68,test054.png,10,guided,28.7578164477395,0,0.824634629697249,0,1
BSD68,test054.png,10,l0,21.7583381621029,0,0.560111268216579,0,1
BSD68,test054.png,10,lgss,25.1449336657,0,0.7026931908,0,1
BSD68,test054.png,10,original,17.4002834879915,0,0.422394288087705,0,1
BSD68,test054.png,10,tv,17.3804184769,0,0.2962257722,0,1
BSD68,test054.png,20,adaptive,24.1557728476562,0,0.667550339010437,0,1
BSD68,test054.png,20,bilateral,26.2900288202497,0,0.677149631546287,0,1
BSD68,test054.png,20,guided,25.8016277270686,0,0.658795451451127,0,1
BSD68,test054.png,20,l0,22.2525048181032,0,0.580895679460346,0,1
BSD68,test054.png,20,lgss,25.5312574955,0,0.7285198281,0,1
BSD68,test054.png,20,original,17.9381026140529,0,0.44478666722095,0,1
BSD68,test054.png,20,tv,16.8282569767,0,0.2741840821,0,1
BSD68,test054.png,25,adaptive,22.9684404844756,0,0.564400314682044,0,1
BSD68,test054.png,25,bilateral,23.8802864528535,0,0.555660671289263,0,1
BSD68,test054.png,25,guided,23.7882576722188,0,0.54808486451212,0,1
BSD68,test054.png,25,l0,22.4330745129535,0,0.591029720868517,0,1
BSD68,test054.png,25,lgss,24.1622883059,0,0.6875251041,0,1
BSD68,test054.png,25,original,18.6843877028978,0,0.469569964441979,0,1
BSD68,test054.png,25,tv,16.1622022903,0,0.2506504715,0,1
BSD68,test054.png,50,adaptive,14.7643785669453,0,0.210119467794288,0,1
BSD68,test054.png,50,bilateral,16.128313825349,0,0.23770598223515,0,1
BSD68,test054.png,50,guided,16.4951772198683,0,0.244226742264747,0,1
BSD68,test054.png,50,l0,16.9706189441237,0,0.274767252909998,0,1
BSD68,test054.png,50,lgss,15.5393833495,0,0.2469916262,0,1
BSD68,test054.png,50,original,17.0510647696595,0,0.315005686860841,0,1
BSD68,test054.png,50,tv,12.9014734075,0,0.1505678659,0,1
BSD68,test055.png,10,adaptive,22.699181105703,0,0.558883721300649,0,1
BSD68,test055.png,10,bilateral,29.4433266914014,0,0.838211153240699,0,1
BSD68,test055.png,10,guided,28.182763293849,0,0.813375428402852,0,1
BSD68,test055.png,10,l0,21.374964270269,0,0.496852965608732,0,1
BSD68,test055.png,10,lgss,25.1654133579,0,0.668302666,0,1
BSD68,test055.png,10,original,19.8575526734593,0,0.42654078790088,0,1
BSD68,test055.png,10,tv,17.4975608766,0,0.346180435,0,1
BSD68,test055.png,20,adaptive,24.3163417543088,0,0.651816837863928,0,1
BSD68,test055.png,20,bilateral,25.9356468184779,0,0.698467503337766,0,1
BSD68,test055.png,20,guided,25.3798114635772,0,0.677516288531879,0,1
BSD68,test055.png,20,l0,21.5753743009371,0,0.512361939102262,0,1
BSD68,test055.png,20,lgss,24.812919351,0,0.6875802526,0,1
BSD68,test055.png,20,original,20.2998520240654,0,0.448973959582869,0,1
BSD68,test055.png,20,tv,16.9704421448,0,0.3229394618,0,1
BSD68,test055.png,25,adaptive,22.7574023424731,0,0.586902779433088,0,1
BSD68,test055.png,25,bilateral,23.7064418533838,0,0.592582681781271,0,1
BSD68,test055.png,25,guided,23.5092568572996,0,0.581153922743394,0,1
BSD68,test055.png,25,l0,21.6961843130758,0,0.523596490063894,0,1
BSD68,test055.png,25,lgss,23.5475740788,0,0.651207395,0,1
BSD68,test055.png,25,original,20.6879185716857,0,0.467323334459287,0,1
BSD68,test055.png,25,tv,16.3404805014,0,0.2980660657,0,1
BSD68,test055.png,50,adaptive,15.0348643917317,0,0.252117515983763,0,1
BSD68,test055.png,50,bilateral,16.3509949352067,0,0.281643475588343,0,1
BSD68,test055.png,50,guided,16.7604171422301,0,0.288286431663369,0,1
BSD68,test055.png,50,l0,17.4284208026918,0,0.323702131564636,0,1
BSD68,test055.png,50,lgss,15.8792545693,0,0.2922409233,0,1
BSD68,test055.png,50,original,17.7583944678251,0,0.372839144576098,0,1
BSD68,test055.png,50,tv,13.2391203162,0,0.1882648161,0,1
BSD68,test056.png,10,adaptive,22.4665821310104,0,0.619317495175752,0,1
BSD68,test056.png,10,bilateral,27.3070528210571,0,0.87100780410718,0,1
BSD68,test056.png,10,guided,26.4842205470648,0,0.856333592892474,0,1
BSD68,test056.png,10,l0,18.9764421343215,0,0.336159758068748,0,1
BSD68,test056.png,10,lgss,24.0906620864,0,0.6956877102,0,1
BSD68,test056.png,10,original,17.7072551138657,0,0.237148056031767,0,1
BSD68,test056.png,10,tv,18.2795446107,0,0.5674747643,0,1
BSD68,test056.png,20,adaptive,22.9168807712238,0,0.740465293402623,0,1
BSD68,test056.png,20,bilateral,24.3438972585159,0,0.789492881964204,0,1
BSD68,test056.png,20,guided,24.0824550573282,0,0.778633999659542,0,1
BSD68,test056.png,20,l0,19.3167776058428,0,0.374610081674466,0,1
BSD68,test056.png,20,lgss,22.8786982648,0,0.7064360367,0,1
BSD68,test056.png,20,original,18.1402753872669,0,0.282001932962319,0,1
BSD68,test056.png,20,tv,17.1517137067,0,0.5118214565,0,1
BSD68,test056.png,25,adaptive,21.1797766249447,0,0.696353587070715,0,1
BSD68,test056.png,25,bilateral,22.55218912574,0,0.721466410827607,0,1
BSD68,test056.png,25,guided,22.5192119571689,0,0.71543717354255,0,1
BSD68,test056.png,25,l0,19.4972018179953,0,0.407733205043911,0,1
BSD68,test056.png,25,lgss,21.4369613561,0,0.6744847301,0,1
BSD68,test056.png,25,original,18.5556723919118,0,0.326762872635006,0,1
BSD68,test056.png,25,tv,16.3418701036,0,0.4698854805,0,1
BSD68,test056.png,50,adaptive,14.7176416313605,0,0.380855383627241,0,1
BSD68,test056.png,50,bilateral,15.8854225579018,0,0.411619160231293,0,1
BSD68,test056.png,50,guided,16.2211654324136,0,0.418915013868944,0,1
BSD68,test056.png,50,l0,16.0891031034946,0,0.390232424568152,0,1
BSD68,test056.png,50,lgss,14.9354106218,0,0.3898385676,0,1
BSD68,test056.png,50,original,16.1355887487521,0,0.427192098857172,0,1
BSD68,test056.png,50,tv,12.9285589429,0,0.2943385939,0,1
BSD68,test057.png,10,adaptive,22.0932156024373,0,0.598410329934673,0,1
BSD68,test057.png,10,bilateral,30.2758242786553,0,0.863517783818079,0,1
BSD68,test057.png,10,guided,29.2872380707294,0,0.84533266666142,0,1
BSD68,test057.png,10,l0,21.2702685925026,0,0.540060412873639,0,1
BSD68,test057.png,10,lgss,26.0467595696,0,0.7583324941,0,1
BSD68,test057.png,10,original,19.1177468689024,0,0.495987648001029,0,1
BSD68,test057.png,10,tv,17.3921499026,0,0.2499945564,0,1
BSD68,test057.png,20,adaptive,25.0750793416931,0,0.707669726193219,0,1
BSD68,test057.png,20,bilateral,26.6600451127075,0,0.632436419968521,0,1
BSD68,test057.png,20,guided,26.5543659465973,0,0.628770735378952,0,1
BSD68,test057.png,20,l0,21.6253068304897,0,0.561799751630606,0,1
BSD68,test057.png,20,lgss,25.7027735707,0,0.7888571067,0,1
BSD68,test057.png,20,original,19.763403758555,0,0.509916594648026,0,1
BSD68,test057.png,20,tv,16.8628970928,0,0.2300250555,0,1
BSD68,test057.png,25,adaptive,23.2042518722312,0,0.541181186277725,0,1
BSD68,test057.png,25,bilateral,24.2367525971223,0,0.496035105078207,0,1
BSD68,test057.png,25,guided,24.4071860899435,0,0.498604906017732,0,1
BSD68,test057.png,25,l0,21.9425722703372,0,0.577106703515499,0,1
BSD68,test057.png,25,lgss,23.9247304389,0,0.7471181732,0,1
BSD68,test057.png,25,original,20.1663296855629,0,0.522757359591461,0,1
BSD68,test057.png,25,tv,16.2117234231,0,0.2082015683,0,1
BSD68,test057.png,50,adaptive,14.8278400433386,0,0.16632162095133,0,1
BSD68,test057.png,50,bilateral,16.2992409961381,0,0.192170235662535,0,1
BSD68,test057.png,50,guided,16.7361319189584,0,0.199717406686399,0,1
BSD68,test057.png,50,l0,17.2523911268544,0,0.224697249687869,0,1
BSD68,test057.png,50,lgss,15.8512991452,0,0.221412162,0,1
BSD68,test057.png,50,original,17.3562998894843,0,0.273682345603633,0,1
BSD68,test057.png,50,tv,12.9986117643,0,0.1188931033,0,1
BSD68,test058.png,10,adaptive,20.7518752063957,0,0.621952780386836,0,1
BSD68,test058.png,10,bilateral,32.3689566642158,0,0.826693495060375,0,1
BSD68,test058.png,10,guided,31.7087859899702,0,0.815535033481073,0,1
BSD68,test058.png,10,l0,21.6047464745729,0,0.629213303839914,0,1
BSD68,test058.png,10,lgss,25.5782193871,0,0.69099287,0,1
BSD68,test058.png,10,original,19.9601798990156,0,0.610833899707074,0,1
BSD68,test058.png,10,tv,17.0637965889,0,0.1353612577,0,1
BSD68,test058.png,20,adaptive,24.8945426230909,0,0.647480188360436,0,1
BSD68,test058.png,20,bilateral,27.9082946365369,0,0.567270651687031,0,1
BSD68,test058.png,20,guided,28.0547533162913,0,0.572356704008341,0,1
BSD68,test058.png,20,l0,23.0977326119757,0,0.637200055329129,0,1
BSD68,test058.png,20,lgss,27.2925447877,0,0.7336487818,0,1
BSD68,test058.png,20,original,19.9647978095292,0,0.611000771710914,0,1
BSD68,test058.png,20,tv,16.5770308405,0,0.1254487161,0,1
BSD68,test058.png,25,adaptive,23.9009976718407,0,0.437321986870852,0,1
BSD68,test058.png,25,bilateral,24.9125362175691,0,0.403946564932131,0,1
BSD68,test058.png,25,guided,25.2236480981951,0,0.412067669711538,0,1
BSD68,test058.png,25,l0,23.4833972449025,0,0.636905156580535,0,1
BSD68,test058.png,25,lgss,25.4035591258,0,0.6761101713,0,1
BSD68,test058.png,25,original,19.9825176228441,0,0.611412153042431,0,1
BSD68,test058.png,25,tv,15.9055655161,0,0.1106180147,0,1
BSD68,test058.png,50,adaptive,14.4084638853605,0,0.0833029197794139,0,1
BSD68,test058.png,50,bilateral,15.985465982804,0,0.104193804303773,0,1
BSD68,test058.png,50,guided,16.335841859618,0,0.108465265492021,0,1
BSD68,test058.png,50,l0,16.7914549710079,0,0.12476959422313,0,1
BSD68,test058.png,50,lgss,15.3543859777,0,0.1063561142,0,1
BSD68,test058.png,50,original,16.5734630990436,0,0.14090217077911,0,1
BSD68,test058.png,50,tv,12.5209102712,0,0.0553743328,0,1
BSD68,test059.png,10,adaptive,23.1691741273284,0,0.6247297591298,0,1
BSD68,test059.png,10,bilateral,32.1064390921803,0,0.830413761483794,0,1
BSD68,test059.png,10,guided,31.0035555912028,0,0.812066420135996,0,1
BSD68,test059.png,10,l0,22.5404940230119,0,0.625129048205676,0,1
BSD68,test059.png,10,lgss,26.1909492112,0,0.6925663117,0,1
BSD68,test059.png,10,original,17.7468132090846,0,0.539122435475123,0,1
BSD68,test059.png,10,tv,17.1943496672,0,0.1724880369,0,1
BSD68,test059.png,20,adaptive,25.2515971507029,0,0.65382881040773,0,1
BSD68,test059.png,20,bilateral,27.6569819263377,0,0.592759033089327,0,1
BSD68,test059.png,20,guided,27.488376430079,0,0.58863227710813,0,1
BSD68,test059.png,20,l0,23.3517756928257,0,0.632067497269046,0,1
BSD68,test059.png,20,lgss,26.9021205686,0,0.7214206255,0,1
BSD68,test059.png,20,original,18.8649242841076,0,0.554537465189018,0,1
BSD68,test059.png,20,tv,16.7518982041,0,0.1611894001,0,1
BSD68,test059.png,25,adaptive,23.8444577880414,0,0.476315428689966,0,1
BSD68,test059.png,25,bilateral,24.793213717006,0,0.440628272299121,0,1
BSD68,test059.png,25,guided,24.9360026720046,0,0.443887138722655,0,1
BSD68,test059.png,25,l0,23.3012296141773,0,0.632603236626014,0,1
BSD68,test059.png,25,lgss,25.2938955774,0,0.6705901825,0,1
BSD68,test059.png,25,original,19.2183619417401,0,0.562058136011917,0,1
BSD68,test059.png,25,tv,16.1311281137,0,0.1449184866,0,1
BSD68,test059.png,50,adaptive,14.7756815093176,0,0.114489654577476,0,1
BSD68,test059.png,50,bilateral,16.307489140221,0,0.138370858620896,0,1
BSD68,test059.png,50,guided,16.7392135082341,0,0.144884351389105,0,1
BSD68,test059.png,50,l0,17.4488317999436,0,0.184241938730116,0,1
BSD68,test059.png,50,lgss,15.7946957837,0,0.1590381619,0,1
BSD68,test059.png,50,original,17.4541652829072,0,0.226567081244349,0,1
BSD68,test059.png,50,tv,12.9316537976,0,0.0799077547,0,1
BSD68,test060.png,10,adaptive,23.347628223476,0,0.659058613624118,0,1
BSD68,test060.png,10,bilateral,32.4960534994389,0,0.840481514257074,0,1
BSD68,test060.png,10,guided,31.5061792054725,0,0.824870859425494,0,1
BSD68,test060.png,10,l0,22.0991277803257,0,0.643028741938744,0,1
BSD68,test060.png,10,lgss,27.6375571345,0,0.747571956,0,1
BSD68,test060.png,10,original,22.1434782793896,0,0.628085551920436,0,1
BSD68,test060.png,10,tv,17.0883397379,0,0.1425978767,0,1
BSD68,test060.png,20,adaptive,25.7781279160552,0,0.680272307938759,0,1
BSD68,test060.png,20,bilateral,27.8526326643824,0,0.568723576087429,0,1
BSD68,test060.png,20,guided,27.8956937024297,0,0.570207194678085,0,1
BSD68,test060.png,20,l0,22.4715561726314,0,0.650381897530716,0,1
BSD68,test060.png,20,lgss,27.9162767826,0,0.7471444143,0,1
BSD68,test060.png,20,original,22.299696954017,0,0.630394142663041,0,1
BSD68,test060.png,20,tv,16.5894975862,0,0.131695849,0,1
BSD68,test060.png,25,adaptive,23.8887011773445,0,0.44603345194646,0,1
BSD68,test060.png,25,bilateral,24.8710002547947,0,0.404543190962433,0,1
BSD68,test060.png,25,guided,25.1301604488859,0,0.410182089996934,0,1
BSD68,test060.png,25,l0,22.7296605652235,0,0.652604055660299,0,1
BSD68,test060.png,25,lgss,25.4731030697,0,0.6519132682,0,1
BSD68,test060.png,25,original,22.4509186876581,0,0.633118101980083,0,1
BSD68,test060.png,25,tv,15.930659671,0,0.1172906901,0,1
BSD68,test060.png,50,adaptive,14.4382905208773,0,0.0893225119421013,0,1
BSD68,test060.png,50,bilateral,16.0096992589649,0,0.109894434708889,0,1
BSD68,test060.png,50,guided,16.3620766535686,0,0.114091871876297,0,1
BSD68,test060.png,50,l0,16.86588434056,0,0.133645748000618,0,1
BSD68,test060.png,50,lgss,15.1266322565,0,0.1060733111,0,1
BSD68,test060.png,50,original,16.6406494574757,0,0.150110651983462,0,1
BSD68,test060.png,50,tv,12.5591459981,0,0.0607155282,0,1
BSD68,test061.png,10,adaptive,24.1470593482931,0,0.688875202992713,0,1
BSD68,test061.png,10,bilateral,32.0872691410808,0,0.842694707400068,0,1
BSD68,test061.png,10,guided,31.0346243271898,0,0.826575670861918,0,1
BSD68,test061.png,10,l0,22.2945024232467,0,0.659868728682696,0,1
BSD68,test061.png,10,lgss,26.677513402,0,0.7516454017,0,1
BSD68,test061.png,10,original,22.061685142596,0,0.637446724967722,0,1
BSD68,test061.png,10,tv,17.2321250872,0,0.1801334372,0,1
BSD68,test061.png,20,adaptive,26.5166796686849,0,0.705070708123298,0,1
BSD68,test061.png,20,bilateral,27.6217717227776,0,0.591759488585109,0,1
BSD68,test061.png,20,guided,27.4295460850994,0,0.587840271863153,0,1
BSD68,test061.png,20,l0,22.6420691397557,0,0.666496271891435,0,1
BSD68,test061.png,20,lgss,26.666047381,0,0.7586147366,0,1
BSD68,test061.png,20,original,22.313499802042,0,0.643803633497112,0,1
BSD68,test061.png,20,tv,16.7447764143,0,0.1677453828,0,1
BSD68,test061.png,25,adaptive,23.9208159892811,0,0.479158188176182,0,1
BSD68,test061.png,25,bilateral,24.7767820122956,0,0.437036030461428,0,1
BSD68,test061.png,25,guided,24.8774427501675,0,0.43857514401645,0,1
BSD68,test061.png,25,l0,22.6914476193061,0,0.665955919848671,0,1
BSD68,test061.png,25,lgss,25.4879218911,0,0.7180903255,0,1
BSD68,test061.png,25,original,22.3838319533808,0,0.64859907860476,0,1
BSD68,test061.png,25,tv,16.1240316768,0,0.1525978746,0,1
BSD68,test061.png,50,adaptive,14.8182860720578,0,0.125913480091056,0,1
BSD68,test061.png,50,bilateral,16.3350489781372,0,0.14722577543247,0,1
BSD68,test061.png,50,guided,16.7669581683432,0,0.152602786649284,0,1
BSD68,test061.png,50,l0,17.5605706874942,0,0.194334400584134,0,1
BSD68,test061.png,50,lgss,16.1658877973,0,0.1778316686,0,1
BSD68,test061.png,50,original,17.5738926520354,0,0.228819277015313,0,1
BSD68,test061.png,50,tv,12.9951887338,0,0.0906581902,0,1
BSD68,test062.png,10,adaptive,22.2230898967423,0,0.748637639558675,0,1
BSD68,test062.png,10,bilateral,33.3934588930349,0,0.931786409488349,0,1
BSD68,test062.png,10,guided,31.7248919999374,0,0.916901303268359,0,1
BSD68,test062.png,10,l0,22.9448497365428,0,0.755546299557803,0,1
BSD68,test062.png,10,lgss,25.1372677901,0,0.8111663875,0,1
BSD68,test062.png,10,original,20.7579299297793,0,0.705327019244665,0,1
BSD68,test062.png,10,tv,18.3903674416,0,0.2289306251,0,1
BSD68,test062.png,20,adaptive,24.2514799131429,0,0.759897452992758,0,1
BSD68,test062.png,20,bilateral,28.1934817656192,0,0.723918975897886,0,1
BSD68,test062.png,20,guided,27.3276287414641,0,0.717568553254553,0,1
BSD68,test062.png,20,l0,22.6518774674197,0,0.720769004592395,0,1
BSD68,test062.png,20,lgss,24.9096758502,0,0.7926875979,0,1
BSD68,test062.png,20,original,20.6335980558629,0,0.681507233377738,0,1
BSD68,test062.png,20,tv,17.7801006594,0,0.2145561879,0,1
BSD68,test062.png,25,adaptive,24.6218881158715,0,0.698184998077119,0,1
BSD68,test062.png,25,bilateral,25.5824767028696,0,0.57327042670386,0,1
BSD68,test062.png,25,guided,25.1649028539576,0,0.579802207389212,0,1
BSD68,test062.png,25,l0,22.5643782058366,0,0.704269597569155,0,1
BSD68,test062.png,25,lgss,23.7358208736,0,0.7561897325,0,1
BSD68,test062.png,25,original,20.4661465870638,0,0.668224670832739,0,1
BSD68,test062.png,25,tv,17.1950838587,0,0.2005028902,0,1
BSD68,test062.png,50,adaptive,16.2090609240119,0,0.197376576824987,0,1
BSD68,test062.png,50,bilateral,17.3701757844254,0,0.209305660271246,0,1
BSD68,test062.png,50,guided,17.7950210592441,0,0.218547403473868,0,1
BSD68,test062.png,50,l0,18.4089052460395,0,0.348152239193719,0,1
BSD68,test062.png,50,lgss,17.9527972578,0,0.4529747156,0,1
BSD68,test062.png,50,original,19.002659196358,0,0.475264370778523,0,1
BSD68,test062.png,50,tv,13.9166476959,0,0.1315507315,0,1
BSD68,test063.png,10,adaptive,20.4209214512058,0,0.471133648033184,0,1
BSD68,test063.png,10,bilateral,28.4881737191676,0,0.855676434407017,0,1
BSD68,test063.png,10,guided,27.3799009970965,0,0.832602354506205,0,1
BSD68,test063.png,10,l0,19.3189648567604,0,0.367226453743228,0,1
BSD68,test063.png,10,lgss,23.9612942529,0,0.6346391984,0,1
BSD68,test063.png,10,original,18.0129059839723,0,0.279748868533781,0,1
BSD68,test063.png,10,tv,17.6414147578,0,0.4067796409,0,1
BSD68,test063.png,20,adaptive,22.8763890620233,0,0.622769642329999,0,1
BSD68,test063.png,20,bilateral,25.1259931310945,0,0.737369997843243,0,1
BSD68,test063.png,20,guided,24.8289016297005,0,0.722494339492413,0,1
BSD68,test063.png,20,l0,19.6984043617039,0,0.397970799018677,0,1
BSD68,test063.png,20,lgss,23.8280978481,0,0.6763470513,0,1
BSD68,test063.png,20,original,18.2706956834231,0,0.301624606760149,0,1
BSD68,test063.png,20,tv,16.980139276,0,0.374946906,0,1
BSD68,test063.png,25,adaptive,22.1406054621843,0,0.627177600339962,0,1
BSD68,test063.png,25,bilateral,23.1476814416623,0,0.645962732021475,0,1
BSD68,test063.png,25,guided,23.1235761840393,0,0.63875025457963,0,1
BSD68,test063.png,25,l0,20.009472218533,0,0.425884287187543,0,1
BSD68,test063.png,25,lgss,22.4622949425,0,0.6368568829,0,1
BSD68,test063.png,25,original,18.5144898449402,0,0.32469300278908,0,1
BSD68,test063.png,25,tv,16.2998642502,0,0.3438528495,0,1
BSD68,test063.png,50,adaptive,14.8786318316529,0,0.286522859624131,0,1
BSD68,test063.png,50,bilateral,16.1236053453925,0,0.317643384856998,0,1
BSD68,test063.png,50,guided,16.4897160343646,0,0.324669670100718,0,1
BSD68,test063.png,50,l0,16.678561667775,0,0.329675262575845,0,1
BSD68,test063.png,50,lgss,15.2755366457,0,0.3099281963,0,1
BSD68,test063.png,50,original,16.932506715894,0,0.380491979903958,0,1
BSD68,test063.png,50,tv,13.0318045542,0,0.2088613728,0,1
BSD68,test064.png,10,adaptive,21.972614219567,0,0.441391831840489,0,1
BSD68,test064.png,10,bilateral,28.7623175521174,0,0.806175806783978,0,1
BSD68,test064.png,10,guided,27.9393872725961,0,0.789234172715569,0,1
BSD68,test064.png,10,l0,20.8404990602178,0,0.388362831421165,0,1
BSD68,test064.png,10,lgss,24.8776396962,0,0.595113469,0,1
BSD68,test064.png,10,original,18.8777714115951,0,0.322625821583537,0,1
BSD68,test064.png,10,tv,17.4693652595,0,0.3444887658,0,1
BSD68,test064.png,20,adaptive,24.0578597654606,0,0.592796478628555,0,1
BSD68,test064.png,20,bilateral,25.6890184441161,0,0.691314818014647,0,1
BSD68,test064.png,20,guided,25.4479657390315,0,0.681208144145617,0,1
BSD68,test064.png,20,l0,21.1824976816794,0,0.406718474176736,0,1
BSD68,test064.png,20,lgss,24.6302382119,0,0.6389679282,0,1
BSD68,test064.png,20,original,19.4283315700592,0,0.337837603949667,0,1
BSD68,test064.png,20,tv,16.9048623261,0,0.3205253788,0,1
BSD68,test064.png,25,adaptive,22.3790598732129,0,0.564270130909279,0,1
BSD68,test064.png,25,bilateral,23.5736923535079,0,0.591555068184923,0,1
BSD68,test064.png,25,guided,23.5915418978031,0,0.588645929261692,0,1
BSD68,test064.png,25,l0,21.4918335589151,0,0.424771559535012,0,1
BSD68,test064.png,25,lgss,23.0730666495,0,0.6025659384,0,1
BSD68,test064.png,25,original,19.5073494694837,0,0.347629966391475,0,1
BSD68,test064.png,25,tv,16.2333327616,0,0.2918784288,0,1
BSD68,test064.png,50,adaptive,14.8097792360705,0,0.23621999164129,0,1
BSD68,test064.png,50,bilateral,16.1626651983858,0,0.266657290343306,0,1
BSD68,test064.png,50,guided,16.5441831393502,0,0.27408397293169,0,1
BSD68,test064.png,50,l0,16.9485970597905,0,0.288396535385813,0,1
BSD68,test064.png,50,lgss,15.3964397119,0,0.270612031,0,1
BSD68,test064.png,50,original,17.1074923084244,0,0.336686388161603,0,1
BSD68,test064.png,50,tv,12.9798528302,0,0.1720794128,0,1
BSD68,test065.png,10,adaptive,21.4275466332007,0,0.540256979245314,0,1
BSD68,test065.png,10,bilateral,30.7770896586784,0,0.867815268187681,0,1
BSD68,test065.png,10,guided,29.6519215546596,0,0.84747659028815,0,1
BSD68,test065.png,10,l0,20.7822113374909,0,0.490736637920095,0,1
BSD68,test065.png,10,lgss,23.9871104523,0,0.6391196254,0,1
BSD68,test065.png,10,original,18.0873874318517,0,0.402288692321602,0,1
BSD68,test065.png,10,tv,18.0309279323,0,0.2590938735,0,1
BSD68,test065.png,20,adaptive,23.4955703394642,0,0.626269135662927,0,1
BSD68,test065.png,20,bilateral,27.0192754526532,0,0.708750359619384,0,1
BSD68,test065.png,20,guided,26.6145765832415,0,0.695039047102453,0,1
BSD68,test065.png,20,l0,20.9730319691848,0,0.494003425897151,0,1
BSD68,test065.png,20,lgss,24.1860799705,0,0.656556652,0,1
BSD68,test065.png,20,original,18.4716159164964,0,0.401426906176777,0,1
BSD68,test065.png,20,tv,17.448332924,0,0.2405579642,0,1
BSD68,test065.png,25,adaptive,23.1438909912067,0,0.596593569253646,0,1
BSD68,test065.png,25,bilateral,24.7392871064432,0,0.582373433229642,0,1
BSD68,test065.png,25,guided,24.6522730616503,0,0.581587890289399,0,1
BSD68,test065.png,25,l0,21.0082668384499,0,0.497482948048435,0,1
BSD68,test065.png,25,lgss,23.3108470702,0,0.6246559363,0,1
BSD68,test065.png,25,original,18.7629653873367,0,0.408964781336859,0,1
BSD68,test065.png,25,tv,16.8153549379,0,0.2194126184,0,1
BSD68,test065.png,50,adaptive,15.6949727421819,0,0.199566720621484,0,1
BSD68,test065.png,50,bilateral,16.9592922014376,0,0.21919161944836,0,1
BSD68,test065.png,50,guided,17.3976300584891,0,0.229959694815945,0,1
BSD68,test065.png,50,l0,17.6538539839685,0,0.297382457414391,0,1
BSD68,test065.png,50,lgss,16.6975708861,0,0.3340678877,0,1
BSD68,test065.png,50,original,17.9531483059421,0,0.380409991027962,0,1
BSD68,test065.png,50,tv,13.5716844615,0,0.1300401362,0,1
BSD68,test066.png,10,adaptive,27.0149538586911,0,0.940583397209088,0,1
BSD68,test066.png,10,bilateral,38.8850462275621,0,0.949462015640273,0,1
BSD68,test066.png,10,guided,37.0533885901625,0,0.944232465676293,0,1
BSD68,test066.png,10,l0,25.3445979921436,0,0.934541272394655,0,1
BSD68,test066.png,10,lgss,28.1473511739,0,0.9506576259,0,1
BSD68,test066.png,10,original,22.2460234138385,0,0.887669942215713,0,1
BSD68,test066.png,10,tv,17.0686049971,0,0.0797599571,0,1
BSD68,test066.png,20,adaptive,27.9586223917976,0,0.884712075040314,0,1
BSD68,test066.png,20,bilateral,29.2823096053984,0,0.535135453302745,0,1
BSD68,test066.png,20,guided,29.3013091149374,0,0.542092388178362,0,1
BSD68,test066.png,20,l0,26.1525500836438,0,0.934041142516137,0,1
BSD68,test066.png,20,lgss,28.368085706,0,0.924897882,0,1
BSD68,test066.png,20,original,23.391509846074,0,0.898185268039313,0,1
BSD68,test066.png,20,tv,16.6033162277,0,0.0738580265,0,1
BSD68,test066.png,25,adaptive,25.1718006136426,0,0.465735734848212,0,1
BSD68,test066.png,25,bilateral,25.5657264263753,0,0.332132712241894,0,1
BSD68,test066.png,25,guided,25.8159283907896,0,0.339812539492287,0,1
BSD68,test066.png,25,l0,25.9855337784424,0,0.922654633083659,0,1
BSD68,test066.png,25,lgss,28.2695009552,0,0.8619245385,0,1
BSD68,test066.png,25,original,23.869486768617,0,0.903657688185622,0,1
BSD68,test066.png,25,tv,15.9503718196,0,0.066206365,0,1
BSD68,test066.png,50,adaptive,14.4279990276543,0,0.0541761003646551,0,1
BSD68,test066.png,50,bilateral,16.0316279070111,0,0.0687200582225915,0,1
BSD68,test066.png,50,guided,16.3649682781331,0,0.0715158372161278,0,1
BSD68,test066.png,50,l0,16.9513737560778,0,0.104694221031895,0,1
BSD68,test066.png,50,lgss,15.8253521498,0,0.0847646861,0,1
BSD68,test066.png,50,original,16.6625228573488,0,0.116790741700484,0,1
BSD68,test066.png,50,tv,12.4973940056,0,0.0362870048,0,1
BSD68,test067.png,10,adaptive,23.2307411726217,0,0.736611711696704,0,1
BSD68,test067.png,10,bilateral,27.7368827562015,0,0.908440511391401,0,1
BSD68,test067.png,10,guided,26.7792218266681,0,0.900781935384144,0,1
BSD68,test067.png,10,l0,19.4642490007085,0,0.534141191397653,0,1
BSD68,test067.png,10,lgss,23.7167288665,0,0.7464598236,0,1
BSD68,test067.png,10,original,18.5039493188885,0,0.437909254693117,0,1
BSD68,test067.png,10,tv,18.2650551749,0,0.6136170467,0,1
BSD68,test067.png,20,adaptive,23.178911473546,0,0.790712448190325,0,1
BSD68,test067.png,20,bilateral,24.1102062695764,0,0.829173103475891,0,1
BSD68,test067.png,20,guided,23.6716241932279,0,0.81605970721287,0,1
BSD68,test067.png,20,l0,19.6419684432847,0,0.561097179721091,0,1
BSD68,test067.png,20,lgss,22.8360478133,0,0.7498876365,0,1
BSD68,test067.png,20,original,19.0235429333583,0,0.482742377144321,0,1
BSD68,test067.png,20,tv,17.2417803037,0,0.5672320866,0,1
BSD68,test067.png,25,adaptive,21.4142906629888,0,0.752176021334404,0,1
BSD68,test067.png,25,bilateral,22.2819165817198,0,0.767440950791369,0,1
BSD68,test067.png,25,guided,22.079074453606,0,0.757365816097488,0,1
BSD68,test067.png,25,l0,19.6548362643326,0,0.577958230451504,0,1
BSD68,test067.png,25,lgss,21.6706947959,0,0.7294324219,0,1
BSD68,test067.png,25,original,19.3620311266678,0,0.519983476489603,0,1
BSD68,test067.png,25,tv,16.4825437013,0,0.5303796905,0,1
BSD68,test067.png,50,adaptive,14.9123779509115,0,0.454054452882877,0,1
BSD68,test067.png,50,bilateral,15.8914966049734,0,0.481944021593757,0,1
BSD68,test067.png,50,guided,16.1805074578206,0,0.487447156115703,0,1
BSD68,test067.png,50,l0,16.2435154282712,0,0.485336135155226,0,1
BSD68,test067.png,50,lgss,15.275118227,0,0.4720103372,0,1
BSD68,test067.png,50,original,16.4988879505835,0,0.52306073484556,0,1
BSD68,test067.png,50,tv,13.1141708387,0,0.3587392313,0,1
BSD68,test068.png,10,adaptive,24.3727718792573,0,0.77397059726054,0,1
BSD68,test068.png,10,bilateral,29.0525214364048,0,0.916141253813509,0,1
BSD68,test068.png,10,guided,28.0589100371615,0,0.903688552227393,0,1
BSD68,test068.png,10,l0,20.3378720475382,0,0.59136324923613,0,1
BSD68,test068.png,10,lgss,25.9488005302,0,0.8283132734,0,1
BSD68,test068.png,10,original,18.9723146564089,0,0.509385940930451,0,1
BSD68,test068.png,10,tv,18.8654769651,0,0.4458440814,0,1
BSD68,test068.png,20,adaptive,24.1068781005182,0,0.818627297062079,0,1
BSD68,test068.png,20,bilateral,25.7042508875475,0,0.818209249755461,0,1
BSD68,test068.png,20,guided,25.1926076238298,0,0.81094603931655,0,1
BSD68,test068.png,20,l0,20.314174542306,0,0.617145039152812,0,1
BSD68,test068.png,20,lgss,24.2497092193,0,0.8220636811,0,1
BSD68,test068.png,20,original,19.2184881649334,0,0.536688455176259,0,1
BSD68,test068.png,20,tv,17.818220309,0,0.4039650136,0,1
BSD68,test068.png,25,adaptive,22.7486169533919,0,0.800633032928239,0,1
BSD68,test068.png,25,bilateral,23.8586160586396,0,0.723310440533755,0,1
BSD68,test068.png,25,guided,23.6056397048121,0,0.7296390828087,0,1
BSD68,test068.png,25,l0,20.3227338846942,0,0.634688713073758,0,1
BSD68,test068.png,25,lgss,22.8337985264,0,0.7986673326,0,1
BSD68,test068.png,25,original,19.5829141635125,0,0.56601452957226,0,1
BSD68,test068.png,25,tv,17.1279476833,0,0.3744900101,0,1
BSD68,test068.png,50,adaptive,16.0015680960295,0,0.34676651858498,0,1
BSD68,test068.png,50,bilateral,17.0047915130095,0,0.353747369022605,0,1
BSD68,test068.png,50,guided,17.3982621738331,0,0.371873401924373,0,1
BSD68,test068.png,50,l0,17.3677810665557,0,0.480354324408265,0,1
BSD68,test068.png,50,lgss,16.872403097,0,0.5904091602,0,1
BSD68,test068.png,50,original,17.9439681696132,0,0.617950634184506,0,1
BSD68,test068.png,50,tv,13.8234986621,0,0.242874037,0,1
Kodak24,kodim01.png,10,adaptive,22.4715301454558,0,0.549066778793671,0,1
Kodak24,kodim01.png,10,bilateral,28.7293278235118,0,0.836226584412929,0,1
Kodak24,kodim01.png,10,guided,27.557119974023,0,0.815329341841134,0,1
Kodak24,kodim01.png,10,l0,20.8700505164357,0,0.422978961133392,0,1
Kodak24,kodim01.png,10,lgss,25.4968478323,0,0.6850258743,0,1
Kodak24,kodim01.png,10,original,17.5813481230752,0,0.303274552163768,0,1
Kodak24,kodim01.png,10,tv,17.521429828,0,0.379711872,0,1
Kodak24,kodim01.png,20,adaptive,24.2997145943566,0,0.676169859241391,0,1
Kodak24,kodim01.png,20,bilateral,25.5034236419893,0,0.706887029174963,0,1
Kodak24,kodim01.png,20,guided,25.1363619960236,0,0.691289257635515,0,1
Kodak24,kodim01.png,20,l0,21.4196337899688,0,0.45963334310035,0,1
Kodak24,kodim01.png,20,lgss,24.7495610717,0,0.6983803044,0,1
Kodak24,kodim01.png,20,original,18.3345672816211,0,0.337836641896057,0,1
Kodak24,kodim01.png,20,tv,16.8348643442,0,0.3499756865,0,1
Kodak24,kodim01.png,25,adaptive,22.1531492548515,0,0.593219531754137,0,1
Kodak24,kodim01.png,25,bilateral,23.3670947789532,0,0.60720267336878,0,1
Kodak24,kodim01.png,25,guided,23.3223787051281,0,0.599851717727886,0,1
Kodak24,kodim01.png,25,l0,21.6185089651535,0,0.481674377824538,0,1
Kodak24,kodim01.png,25,lgss,23.0627949438,0,0.6569989669,0,1
Kodak24,kodim01.png,25,original,19.2446417607635,0,0.374912237985745,0,1
Kodak24,kodim01.png,25,tv,16.1149241675,0,0.3195570972,0,1
Kodak24,kodim01.png,50,adaptive,14.5867061057386,0,0.258677396117562,0,1
Kodak24,kodim01.png,50,bilateral,15.9284234930374,0,0.288532729486496,0,1
Kodak24,kodim01.png,50,guided,16.2603115289489,0,0.294245087062231,0,1
Kodak24,kodim01.png,50,l0,16.4894591109676,0,0.299669211498653,0,1
Kodak24,kodim01.png,50,lgss,15.1043984014,0,0.2823076653,0,1
Kodak24,kodim01.png,50,original,16.4760046606009,0,0.335512277947096,0,1
Kodak24,kodim01.png,50,tv,12.7552148519,0,0.1911880913,0,1
Kodak24,kodim02.png,10,adaptive,24.9364901807024,0,0.665160583284233,0,1
Kodak24,kodim02.png,10,bilateral,32.5360752003143,0,0.82712274328234,0,1
Kodak24,kodim02.png,10,guided,31.7469555120619,0,0.814476208294576,0,1
Kodak24,kodim02.png,10,l0,24.040995386433,0,0.646619432541045,0,1
Kodak24,kodim02.png,10,lgss,28.7424081586,0,0.7423396157,0,1
Kodak24,kodim02.png,10,original,23.6929259986332,0,0.638087460299231,0,1
Kodak24,kodim02.png,10,tv,17.0978053764,0,0.1376207938,0,1
Kodak24,kodim02.png,20,adaptive,26.5734048933918,0,0.676734217712779,0,1
Kodak24,kodim02.png,20,bilateral,27.9756813913045,0,0.56693207264709,0,1
Kodak24,kodim02.png,20,guided,28.025660636653,0,0.568997408551688,0,1
Kodak24,kodim02.png,20,l0,24.1520366490309,0,0.652030957224521,0,1
Kodak24,kodim02.png,20,lgss,28.6838615029,0,0.7519012474,0,1
Kodak24,kodim02.png,20,original,23.7519693728728,0,0.640112178082265,0,1
Kodak24,kodim02.png,20,tv,16.6761778992,0,0.1291667048,0,1
Kodak24,kodim02.png,25,adaptive,24.0743579066026,0,0.443634025756238,0,1
Kodak24,kodim02.png,25,bilateral,24.9910827744371,0,0.404480567733051,0,1
Kodak24,kodim02.png,25,guided,25.2517696434247,0,0.411058780619862,0,1
Kodak24,kodim02.png,25,l0,24.2232054844676,0,0.652261282333258,0,1
Kodak24,kodim02.png,25,lgss,26.2664439487,0,0.6800732427,0,1
Kodak24,kodim02.png,25,original,23.8824212671212,0,0.642676217531238,0,1
Kodak24,kodim02.png,25,tv,16.0582203205,0,0.115703582,0,1
Kodak24,kodim02.png,50,adaptive,14.7827617159906,0,0.0930553395022732,0,1
Kodak24,kodim02.png,50,bilateral,16.3499608074027,0,0.113831807842768,0,1
Kodak24,kodim02.png,50,guided,16.8139590465512,0,0.11995580866272,0,1
Kodak24,kodim02.png,50,l0,17.6684418995868,0,0.156414643056131,0,1
Kodak24,kodim02.png,50,lgss,15.8453981984,0,0.1220501641,0,1
Kodak24,kodim02.png,50,original,17.6398467135918,0,0.188809023041804,0,1
Kodak24,kodim02.png,50,tv,12.9730517798,0,0.0635608908,0,1
Kodak24,kodim03.png,10,adaptive,22.1492624119389,0,0.771117216653229,0,1
Kodak24,kodim03.png,10,bilateral,34.551031874698,0,0.890539980532304,0,1
Kodak24,kodim03.png,10,guided,33.1354012247094,0,0.877557120275037,0,1
Kodak24,kodim03.png,10,l0,24.8382382037183,0,0.791031645294629,0,1
Kodak24,kodim03.png,10,lgss,27.696598403,0,0.8336503751,0,1
Kodak24,kodim03.png,10,original,19.981478948536,0,0.730361506790674,0,1
Kodak24,kodim03.png,10,tv,17.0674387599,0,0.1183969391,0,1
Kodak24,kodim03.png,20,adaptive,26.4894905773528,0,0.77051243032996,0,1
Kodak24,kodim03.png,20,bilateral,28.3882587246016,0,0.558564111898872,0,1
Kodak24,kodim03.png,20,guided,28.3423338003726,0,0.560642509996516,0,1
Kodak24,kodim03.png,20,l0,25.6406648225177,0,0.795761938931298,0,1
Kodak24,kodim03.png,20,lgss,28.9935806441,0,0.8320902094,0,1
Kodak24,kodim03.png,20,original,20.0871196924536,0,0.73245029557311,0,1
Kodak24,kodim03.png,20,tv,16.6394194461,0,0.111195933,0,1
Kodak24,kodim03.png,25,adaptive,24.4464746615043,0,0.459138270781124,0,1
Kodak24,kodim03.png,25,bilateral,25.1405329859691,0,0.379361088411363,0,1
Kodak24,kodim03.png,25,guided,25.3621983008149,0,0.385492674007534,0,1
Kodak24,kodim03.png,25,l0,25.6911906875623,0,0.791222556638147,0,1
Kodak24,kodim03.png,25,lgss,27.0015813424,0,0.7554406243,0,1
Kodak24,kodim03.png,25,original,20.3716690422865,0,0.736474500399302,0,1
Kodak24,kodim03.png,25,tv,16.0081884824,0,0.099790332,0,1
Kodak24,kodim03.png,50,adaptive,14.6547349619965,0,0.0805158313772459,0,1
Kodak24,kodim03.png,50,bilateral,16.2324599738442,0,0.0997689059733273,0,1
Kodak24,kodim03.png,50,guided,16.6472117485105,0,0.10464371108569,0,1
Kodak24,kodim03.png,50,l0,17.4283171835532,0,0.145790623758554,0,1
Kodak24,kodim03.png,50,lgss,15.8698224168,0,0.1172192697,0,1
Kodak24,kodim03.png,50,original,17.3720398057372,0,0.17776926772384,0,1
Kodak24,kodim03.png,50,tv,12.8054910248,0,0.0550774531,0,1
Kodak24,kodim04.png,10,adaptive,20.9553128540202,0,0.638069187061524,0,1
Kodak24,kodim04.png,10,bilateral,33.2924271306958,0,0.838771697764908,0,1
Kodak24,kodim04.png,10,guided,32.1731447216068,0,0.822945715877361,0,1
Kodak24,kodim04.png,10,l0,20.9112767528936,0,0.645563670619705,0,1
Kodak24,kodim04.png,10,lgss,25.3763581012,0,0.7143567001,0,1
Kodak24,kodim04.png,10,original,19.7088319243174,0,0.614933948092295,0,1
Kodak24,kodim04.png,10,tv,17.0777169175,0,0.128904015,0,1
Kodak24,kodim04.png,20,adaptive,24.280657368866,0,0.662383531791485,0,1
Kodak24,kodim04.png,20,bilateral,28.0773482725662,0,0.57141834754414,0,1
Kodak24,kodim04.png,20,guided,28.1016500574627,0,0.573005993082524,0,1
Kodak24,kodim04.png,20,l0,21.4719699491629,0,0.656522434858251,0,1
Kodak24,kodim04.png,20,lgss,26.9868461476,0,0.7337634616,0,1
Kodak24,kodim04.png,20,original,19.778030648612,0,0.616931826807133,0,1
Kodak24,kodim04.png,20,tv,16.6738593728,0,0.1205750967,0,1
Kodak24,kodim04.png,25,adaptive,24.2572516521035,0,0.451154181868601,0,1
Kodak24,kodim04.png,25,bilateral,25.0235604090376,0,0.40528038719091,0,1
Kodak24,kodim04.png,25,guided,25.2832720597114,0,0.412018103250668,0,1
Kodak24,kodim04.png,25,l0,21.6729015127998,0,0.657051022634975,0,1
Kodak24,kodim04.png,25,lgss,25.7149260432,0,0.6648948359,0,1
Kodak24,kodim04.png,25,original,19.8950361999503,0,0.618844700977682,0,1
Kodak24,kodim04.png,25,tv,16.0602680904,0,0.1076935518,0,1
Kodak24,kodim04.png,50,adaptive,14.7294900550786,0,0.0856283279462734,0,1
Kodak24,kodim04.png,50,bilateral,16.2967468398756,0,0.107052982169671,0,1
Kodak24,kodim04.png,50,guided,16.7324635184642,0,0.1129633125726,0,1
Kodak24,kodim04.png,50,l0,17.4669551786289,0,0.153510308877442,0,1
Kodak24,kodim04.png,50,lgss,15.7934261751,0,0.1247374921,0,1
Kodak24,kodim04.png,50,original,17.5377601133687,0,0.196956641790924,0,1
Kodak24,kodim04.png,50,tv,12.8813688989,0,0.0571291064,0,1
Kodak24,kodim05.png,10,adaptive,22.6104678764496,0,0.617411215122687,0,1
Kodak24,kodim05.png,10,bilateral,29.097664858914,0,0.875499353843172,0,1
Kodak24,kodim05.png,10,guided,27.5564412267015,0,0.843675841464377,0,1
Kodak24,kodim05.png,10,l0,20.5936839453036,0,0.506801934984284,0,1
Kodak24,kodim05.png,10,lgss,25.358734037,0,0.7314495836,0,1
Kodak24,kodim05.png,10,original,18.9714175827979,0,0.406672960698766,0,1
Kodak24,kodim05.png,10,tv,17.8292404403,0,0.4224148749,0,1
Kodak24,kodim05.png,20,adaptive,24.0567678748092,0,0.710782462933639,0,1
Kodak24,kodim05.png,20,bilateral,25.4182900149386,0,0.746205096384562,0,1
Kodak24,kodim05.png,20,guided,24.7615313999291,0,0.719386229702254,0,1
Kodak24,kodim05.png,20,l0,20.853017553282,0,0.528360548968422,0,1
Kodak24,kodim05.png,20,lgss,24.6059999414,0,0.7373650001,0,1
Kodak24,kodim05.png,20,original,19.2729519116057,0,0.430113295819327,0,1
Kodak24,kodim05.png,20,tv,17.2070781481,0,0.3944307343,0,1
Kodak24,kodim05.png,25,adaptive,22.6115181118727,0,0.659701849606559,0,1
Kodak24,kodim05.png,25,bilateral,23.3559789848643,0,0.653796772814353,0,1
Kodak24,kodim05.png,25,guided,23.0855370780217,0,0.637696181571267,0,1
Kodak24,kodim05.png,25,l0,20.9607877172552,0,0.540667048046485,0,1
Kodak24,kodim05.png,25,lgss,23.2431961261,0,0.7025622716,0,1
Kodak24,kodim05.png,25,original,19.6036231289747,0,0.450884035372655,0,1
Kodak24,kodim05.png,25,tv,16.5353347771,0,0.3656223718,0,1
Kodak24,kodim05.png,50,adaptive,15.1870662302156,0,0.317561876939932,0,1
Kodak24,kodim05.png,50,bilateral,16.3724908453664,0,0.346317676254054,0,1
Kodak24,kodim05.png,50,guided,16.7542975967304,0,0.352835010296544,0,1
Kodak24,kodim05.png,50,l0,17.1470523139089,0,0.374855218246934,0,1
Kodak24,kodim05.png,50,lgss,15.8716612749,0,0.3572417443,0,1
Kodak24,kodim05.png,50,original,17.6046182182568,0,0.431712293978182,0,1
Kodak24,kodim05.png,50,tv,13.3459441221,0,0.2380215313,0,1
Kodak24,kodim06.png,10,adaptive,24.242667832771,0,0.597163028349295,0,1
Kodak24,kodim06.png,10,bilateral,30.0131664889748,0,0.828684141485068,0,1
Kodak24,kodim06.png,10,guided,29.1029218282866,0,0.810708841761394,0,1
Kodak24,kodim06.png,10,l0,22.4485061187393,0,0.519261719826916,0,1
Kodak24,kodim06.png,10,lgss,26.4893134154,0,0.7036124975,0,1
Kodak24,kodim06.png,10,original,20.4047857546725,0,0.468003911040964,0,1
Kodak24,kodim06.png,10,tv,17.5682300314,0,0.2645823707,0,1
Kodak24,kodim06.png,20,adaptive,25.1483782525612,0,0.673536638688518,0,1
Kodak24,kodim06.png,20,bilateral,26.6432574288126,0,0.659100443065447,0,1
Kodak24,kodim06.png,20,guided,26.4863189165735,0,0.657769955859942,0,1
Kodak24,kodim06.png,20,l0,22.5678039591967,0,0.535415954302673,0,1
Kodak24,kodim06.png,20,lgss,25.7255146934,0,0.7268913296,0,1
Kodak24,kodim06.png,20,original,21.2689615088574,0,0.482136656951695,0,1
Kodak24,kodim06.png,20,tv,17.00590572,0,0.24385509,0,1
Kodak24,kodim06.png,25,adaptive,23.2162563355583,0,0.582355901070178,0,1
Kodak24,kodim06.png,25,bilateral,24.303462407755,0,0.532204326175062,0,1
Kodak24,kodim06.png,25,guided,24.4188640140748,0,0.539988485163099,0,1
Kodak24,kodim06.png,25,l0,22.7518146519973,0,0.546495924334945,0,1
Kodak24,kodim06.png,25,lgss,23.8732654719,0,0.6790033671,0,1
Kodak24,kodim06.png,25,original,21.6732746457407,0,0.496372708503861,0,1
Kodak24,kodim06.png,25,tv,16.3394829585,0,0.221052367,0,1
Kodak24,kodim06.png,50,adaptive,14.9823271076763,0,0.18210569079072,0,1
Kodak24,kodim06.png,50,bilateral,16.39682397494,0,0.205382471175265,0,1
Kodak24,kodim06.png,50,guided,16.8183873001155,0,0.215159702473597,0,1
Kodak24,kodim06.png,50,l0,17.2453452544999,0,0.27405609262166,0,1
Kodak24,kodim06.png,50,lgss,15.8496652674,0,0.3142847395,0,1
Kodak24,kodim06.png,50,original,17.3397288330553,0,0.361062880895624,0,1
Kodak24,kodim06.png,50,tv,13.0809003584,0,0.1279351794,0,1
Kodak24,kodim07.png,10,adaptive,20.3208044487341,0,0.614574359978924,0,1
Kodak24,kodim07.png,10,bilateral,31.7105886680495,0,0.896025990797719,0,1
Kodak24,kodim07.png,10,guided,29.7404561632254,0,0.864074913460204,0,1
Kodak24,kodim07.png,10,l0,21.2021681015474,0,0.616128494418583,0,1
Kodak24,kodim07.png,10,lgss,25.4308124013,0,0.7696605217,0,1
Kodak24,kodim07.png,10,original,18.2017557659902,0,0.535964304726463,0,1
Kodak24,kodim07.png,10,tv,17.1619847377,0,0.2162353272,0,1
Kodak24,kodim07.png,20,adaptive,24.453175383404,0,0.726977476762475,0,1
Kodak24,kodim07.png,20,bilateral,26.8795176326316,0,0.629396073978488,0,1
Kodak24,kodim07.png,20,guided,26.5566036519798,0,0.61714263124938,0,1
Kodak24,kodim07.png,20,l0,21.9467634901095,0,0.639764256720728,0,1
Kodak24,kodim07.png,20,lgss,26.7961079051,0,0.8184544758,0,1
Kodak24,kodim07.png,20,original,18.365928739025,0,0.543345310739164,0,1
Kodak24,kodim07.png,20,tv,16.6771922204,0,0.2017155465,0,1
Kodak24,kodim07.png,25,adaptive,23.7733326453552,0,0.541827257189473,0,1
Kodak24,kodim07.png,25,bilateral,24.2443129593239,0,0.479503419389287,0,1
Kodak24,kodim07.png,25,guided,24.2985485405698,0,0.475819846757329,0,1
Kodak24,kodim07.png,25,l0,22.3884397450231,0,0.654145160921712,0,1
Kodak24,kodim07.png,25,lgss,25.3846361954,0,0.7711183374,0,1
Kodak24,kodim07.png,25,original,18.6057122963863,0,0.552019243548438,0,1
Kodak24,kodim07.png,25,tv,16.0276557758,0,0.182788114,0,1
Kodak24,kodim07.png,50,adaptive,14.5941138386728,0,0.150762328802592,0,1
Kodak24,kodim07.png,50,bilateral,16.0550572830021,0,0.174965063461363,0,1
Kodak24,kodim07.png,50,guided,16.4176960920416,0,0.179567079803803,0,1
Kodak24,kodim07.png,50,l0,16.9449669366344,0,0.207535844609532,0,1
Kodak24,kodim07.png,50,lgss,15.403101527,0,0.1712628427,0,1
Kodak24,kodim07.png,50,original,16.9781906387628,0,0.23900874534485,0,1
Kodak24,kodim07.png,50,tv,12.7224270861,0,0.1044491595,0,1
Kodak24,kodim08.png,10,adaptive,23.4899978445488,0,0.700897332324492,0,1
Kodak24,kodim08.png,10,bilateral,29.0713614013448,0,0.878765075706116,0,1
Kodak24,kodim08.png,10,guided,27.7307435059122,0,0.862672259992511,0,1
Kodak24,kodim08.png,10,l0,21.172637600538,0,0.599878762504191,0,1
Kodak24,kodim08.png,10,lgss,24.3736393066,0,0.7160203864,0,1
Kodak24,kodim08.png,10,original,19.1509618469333,0,0.506449624776413,0,1
Kodak24,kodim08.png,10,tv,18.0095952539,0,0.4757766405,0,1
Kodak24,kodim08.png,20,adaptive,24.1709751013543,0,0.753539631737744,0,1
Kodak24,kodim08.png,20,bilateral,25.2850216387809,0,0.760926357532286,0,1
Kodak24,kodim08.png,20,guided,24.554945366141,0,0.742384972627413,0,1
Kodak24,kodim08.png,20,l0,21.4153187703799,0,0.622594275540062,0,1
Kodak24,kodim08.png,20,lgss,23.8717394451,0,0.7228996471,0,1
Kodak24,kodim08.png,20,original,19.5698652781839,0,0.532947128834697,0,1
Kodak24,kodim08.png,20,tv,17.247821868,0,0.4450267208,0,1
Kodak24,kodim08.png,25,adaptive,22.3788916728452,0,0.683085101260865,0,1
Kodak24,kodim08.png,25,bilateral,23.1996658612352,0,0.673514883470089,0,1
Kodak24,kodim08.png,25,guided,22.8295246999564,0,0.662212056658834,0,1
Kodak24,kodim08.png,25,l0,21.4417707300169,0,0.632948144882823,0,1
Kodak24,kodim08.png,25,lgss,22.8510800477,0,0.7060791577,0,1
Kodak24,kodim08.png,25,original,19.7998461261062,0,0.552897558114597,0,1
Kodak24,kodim08.png,25,tv,16.5369485123,0,0.4167568239,0,1
Kodak24,kodim08.png,50,adaptive,15.0747756632524,0,0.359853541063468,0,1
Kodak24,kodim08.png,50,bilateral,16.1938861481393,0,0.385914253091458,0,1
Kodak24,kodim08.png,50,guided,16.504077170873,0,0.391288784666542,0,1
Kodak24,kodim08.png,50,l0,16.8817804635118,0,0.423479808386178,0,1
Kodak24,kodim08.png,50,lgss,16.0260125553,0,0.4251556497,0,1
Kodak24,kodim08.png,50,original,17.1344287210731,0,0.477501251481103,0,1
Kodak24,kodim08.png,50,tv,13.240448984,0,0.2857709738,0,1
Kodak24,kodim09.png,10,adaptive,23.6523322525811,0,0.801790813916528,0,1
Kodak24,kodim09.png,10,bilateral,33.9719986910427,0,0.899310701964868,0,1
Kodak24,kodim09.png,10,guided,32.3575683561619,0,0.88638789013127,0,1
Kodak24,kodim09.png,10,l0,24.1408911944558,0,0.805700810765522,0,1
Kodak24,kodim09.png,10,lgss,28.2491711225,0,0.8591845894,0,1
Kodak24,kodim09.png,10,original,20.7233067132626,0,0.738353762216727,0,1
Kodak24,kodim09.png,10,tv,17.1454877776,0,0.1618987211,0,1
Kodak24,kodim09.png,20,adaptive,27.0779129100707,0,0.799089857841233,0,1
Kodak24,kodim09.png,20,bilateral,27.9481146025011,0,0.583571029043966,0,1
Kodak24,kodim09.png,20,guided,27.6519928762439,0,0.581064348717745,0,1
Kodak24,kodim09.png,20,l0,24.3346273126565,0,0.809683329608043,0,1
Kodak24,kodim09.png,20,lgss,28.9517970981,0,0.8638167972,0,1
Kodak24,kodim09.png,20,original,20.9518660405258,0,0.749426546271135,0,1
Kodak24,kodim09.png,20,tv,16.686169709,0,0.1524303353,0,1
Kodak24,kodim09.png,25,adaptive,24.2930994632531,0,0.493922902951578,0,1
Kodak24,kodim09.png,25,bilateral,24.8548254258991,0,0.412624616646269,0,1
Kodak24,kodim09.png,25,guided,24.9096763329909,0,0.414724856758708,0,1
Kodak24,kodim09.png,25,l0,24.5714566561293,0,0.806932386599092,0,1
Kodak24,kodim09.png,25,lgss,27.256037144,0,0.8192557032,0,1
Kodak24,kodim09.png,25,original,21.4286005075271,0,0.759335675432749,0,1
Kodak24,kodim09.png,25,tv,16.0361807815,0,0.1397176707,0,1
Kodak24,kodim09.png,50,adaptive,14.6279218759954,0,0.11702063696066,0,1
Kodak24,kodim09.png,50,bilateral,16.1428241614153,0,0.136585329430576,0,1
Kodak24,kodim09.png,50,guided,16.5162756169359,0,0.140751427131737,0,1
Kodak24,kodim09.png,50,l0,17.2087084492558,0,0.182211089184126,0,1
Kodak24,kodim09.png,50,lgss,15.9941463959,0,0.1593247416,0,1
Kodak24,kodim09.png,50,original,17.1471279571346,0,0.212216713904701,0,1
Kodak24,kodim09.png,50,tv,12.7674219415,0,0.0861830398,0,1
Kodak24,kodim10.png,10,adaptive,23.4926029784032,0,0.736591975931949,0,1
Kodak24,kodim10.png,10,bilateral,33.3953239059089,0,0.871323497481164,0,1
Kodak24,kodim10.png,10,guided,32.0017603663728,0,0.855673951611708,0,1
Kodak24,kodim10.png,10,l0,21.5596757149106,0,0.72003715100926,0,1
Kodak24,kodim10.png,10,lgss,27.1914486238,0,0.7989856879,0,1
Kodak24,kodim10.png,10,original,21.5218544191627,0,0.693401861474168,0,1
Kodak24,kodim10.png,10,tv,17.1055275548,0,0.1443442197,0,1
Kodak24,kodim10.png,20,adaptive,25.8764449710616,0,0.739348155337083,0,1
Kodak24,kodim10.png,20,bilateral,27.9598550456701,0,0.574775864753231,0,1
Kodak24,kodim10.png,20,guided,27.8468110485217,0,0.574854862075959,0,1
Kodak24,kodim10.png,20,l0,21.9684021074278,0,0.732725324000276,0,1
Kodak24,kodim10.png,20,lgss,28.0047144833,0,0.8142142461,0,1
Kodak24,kodim10.png,20,original,21.8889451309839,0,0.700054754755254,0,1
Kodak24,kodim10.png,20,tv,16.6244606064,0,0.1346400987,0,1
Kodak24,kodim10.png,25,adaptive,24.1788615679512,0,0.469619578893763,0,1
Kodak24,kodim10.png,25,bilateral,24.8983593076665,0,0.404619869703299,0,1
Kodak24,kodim10.png,25,guided,25.0677776796762,0,0.409029124183575,0,1
Kodak24,kodim10.png,25,l0,22.1779641153712,0,0.730442230011894,0,1
Kodak24,kodim10.png,25,lgss,26.4503074796,0,0.7577583808,0,1
Kodak24,kodim10.png,25,original,22.1572681602523,0,0.70551573151325,0,1
Kodak24,kodim10.png,25,tv,15.9519971738,0,0.1211110748,0,1
Kodak24,kodim10.png,50,adaptive,14.4791422892312,0,0.0976421811663075,0,1
Kodak24,kodim10.png,50,bilateral,16.0286298737032,0,0.116780696176572,0,1
Kodak24,kodim10.png,50,guided,16.3738583319057,0,0.120783765623213,0,1
Kodak24,kodim10.png,50,l0,16.9046717362064,0,0.147202476734982,0,1
Kodak24,kodim10.png,50,lgss,15.5548037933,0,0.1235020431,0,1
Kodak24,kodim10.png,50,original,16.7354310892564,0,0.166228961152853,0,1
Kodak24,kodim10.png,50,tv,12.5866685337,0,0.0683898624,0,1
Kodak24,kodim11.png,10,adaptive,23.0501022675662,0,0.608832227144014,0,1
Kodak24,kodim11.png,10,bilateral,30.6161282934846,0,0.83079623301402,0,1
Kodak24,kodim11.png,10,guided,29.4674765533128,0,0.81073681337277,0,1
Kodak24,kodim11.png,10,l0,22.114365087355,0,0.566895611334784,0,1
Kodak24,kodim11.png,10,lgss,26.4664910285,0,0.7034309661,0,1
Kodak24,kodim11.png,10,original,19.5865327351194,0,0.475836143829566,0,1
Kodak24,kodim11.png,10,tv,17.4744187216,0,0.2578720725,0,1
Kodak24,kodim11.png,20,adaptive,24.903846299773,0,0.662941813390744,0,1
Kodak24,kodim11.png,20,bilateral,26.7271421114743,0,0.644115212995335,0,1
Kodak24,kodim11.png,20,guided,26.4540586941812,0,0.635808478794203,0,1
Kodak24,kodim11.png,20,l0,22.4291408366687,0,0.579804580671108,0,1
Kodak24,kodim11.png,20,lgss,26.4206062607,0,0.7215425284,0,1
Kodak24,kodim11.png,20,original,20.1517531951943,0,0.494852468068418,0,1
Kodak24,kodim11.png,20,tv,16.8866490075,0,0.2376809481,0,1
Kodak24,kodim11.png,25,adaptive,23.3512018325541,0,0.543408324364308,0,1
Kodak24,kodim11.png,25,bilateral,24.2529373733938,0,0.513153527575467,0,1
Kodak24,kodim11.png,25,guided,24.2975052170136,0,0.512813905146751,0,1
Kodak24,kodim11.png,25,l0,22.6258177912046,0,0.58455782746611,0,1
Kodak24,kodim11.png,25,lgss,24.8537516146,0,0.6782099295,0,1
Kodak24,kodim11.png,25,original,20.5406394793838,0,0.509026098633805,0,1
Kodak24,kodim11.png,25,tv,16.2277509941,0,0.2170035107,0,1
Kodak24,kodim11.png,50,adaptive,14.7959689410442,0,0.179347431614,0,1
Kodak24,kodim11.png,50,bilateral,16.222859050971,0,0.203689792583659,0,1
Kodak24,kodim11.png,50,guided,16.6033403112914,0,0.210114471184047,0,1
Kodak24,kodim11.png,50,l0,17.0856397204785,0,0.245332482585457,0,1
Kodak24,kodim11.png,50,lgss,15.6751545657,0,0.2318508583,0,1
Kodak24,kodim11.png,50,original,17.0963988817889,0,0.290490492918147,0,1
Kodak24,kodim11.png,50,tv,12.9102032377,0,0.1296701009,0,1
Kodak24,kodim12.png,10,adaptive,24.264296049772,0,0.705600163995685,0,1
Kodak24,kodim12.png,10,bilateral,32.9321630720037,0,0.83745686193666,0,1
Kodak24,kodim12.png,10,guided,32.1471818596868,0,0.825826589015954,0,1
Kodak24,kodim12.png,10,l0,23.9465286206429,0,0.697673444456904,0,1
Kodak24,kodim12.png,10,lgss,26.240993686,0,0.742165227,0,1
Kodak24,kodim12.png,10,original,20.9863167155289,0,0.67135102211913,0,1
Kodak24,kodim12.png,10,tv,17.2682666727,0,0.1469941994,0,1
Kodak24,kodim12.png,20,adaptive,26.575856168328,0,0.700844524374889,0,1
Kodak24,kodim12.png,20,bilateral,28.1429443307484,0,0.588124126578921,0,1
Kodak24,kodim12.png,20,guided,28.0541667307551,0,0.590279728606231,0,1
Kodak24,kodim12.png,20,l0,24.0555534525997,0,0.7012493363475,0,1
Kodak24,kodim12.png,20,lgss,26.1689265512,0,0.7447520954,0,1
Kodak24,kodim12.png,20,original,21.5348458897896,0,0.677701412118534,0,1
Kodak24,kodim12.png,20,tv,16.8411642299,0,0.137436232,0,1
Kodak24,kodim12.png,25,adaptive,24.2000505177226,0,0.48607248598643,0,1
Kodak24,kodim12.png,25,bilateral,25.1526301023349,0,0.427024707003954,0,1
Kodak24,kodim12.png,25,guided,25.3177690647871,0,0.435809502768223,0,1
Kodak24,kodim12.png,25,l0,24.1190830662074,0,0.698553802421308,0,1
Kodak24,kodim12.png,25,lgss,24.7995785332,0,0.6594533006,0,1
Kodak24,kodim12.png,25,original,21.4803641844935,0,0.679658807219094,0,1
Kodak24,kodim12.png,25,tv,16.2305232735,0,0.1242262373,0,1
Kodak24,kodim12.png,50,adaptive,15.0011006691267,0,0.107487043236989,0,1
Kodak24,kodim12.png,50,bilateral,16.5224049214077,0,0.125385333384328,0,1
Kodak24,kodim12.png,50,guided,16.9939977853117,0,0.134043881386815,0,1
Kodak24,kodim12.png,50,l0,17.8368578855429,0,0.196061242264467,0,1
Kodak24,kodim12.png,50,lgss,15.8889237047,0,0.1629700278,0,1
Kodak24,kodim12.png,50,original,17.9410465275163,0,0.254736666193806,0,1
Kodak24,kodim12.png,50,tv,13.1357162566,0,0.0718694843,0,1
Kodak24,kodim13.png,10,adaptive,22.6230933546524,0,0.527826282041505,0,1
Kodak24,kodim13.png,10,bilateral,28.2125577674804,0,0.826379354724948,0,1
Kodak24,kodim13.png,10,guided,27.2845478430628,0,0.809178474614043,0,1
Kodak24,kodim13.png,10,l0,20.5017619267756,0,0.416164824735158,0,1
Kodak24,kodim13.png,10,lgss,24.7221301874,0,0.6232072563,0,1
Kodak24,kodim13.png,10,original,19.2743883074798,0,0.345052013100387,0,1
Kodak24,kodim13.png,10,tv,17.8490553436,0,0.4322147884,0,1
Kodak24,kodim13.png,20,adaptive,23.492444020015,0,0.633379788014241,0,1
Kodak24,kodim13.png,20,bilateral,25.1698329141524,0,0.736372501096331,0,1
Kodak24,kodim13.png,20,guided,24.8086001627905,0,0.723376010789233,0,1
Kodak24,kodim13.png,20,l0,20.5900682198926,0,0.43590699323153,0,1
Kodak24,kodim13.png,20,lgss,23.8684165768,0,0.6443029852,0,1
Kodak24,kodim13.png,20,original,19.6711572664081,0,0.370303739763094,0,1
Kodak24,kodim13.png,20,tv,17.065492669,0,0.3966866225,0,1
Kodak24,kodim13.png,25,adaptive,21.9119853989418,0,0.620183486137225,0,1
Kodak24,kodim13.png,25,bilateral,23.1942379435771,0,0.651191979446743,0,1
Kodak24,kodim13.png,25,guided,23.1061793686944,0,0.645074734303343,0,1
Kodak24,kodim13.png,25,l0,20.6106270291556,0,0.450440616492523,0,1
Kodak24,kodim13.png,25,lgss,22.5381685001,0,0.6157013345,0,1
Kodak24,kodim13.png,25,original,19.9555757571639,0,0.39189946854694,0,1
Kodak24,kodim13.png,25,tv,16.3348900982,0,0.3645139482,0,1
Kodak24,kodim13.png,50,adaptive,14.8334140091098,0,0.304020817878406,0,1
Kodak24,kodim13.png,50,bilateral,16.0793683563711,0,0.331473683247039,0,1
Kodak24,kodim13.png,50,guided,16.4342135245369,0,0.338952458060974,0,1
Kodak24,kodim13.png,50,l0,16.5796035504292,0,0.341480473469718,0,1
Kodak24,kodim13.png,50,lgss,15.322024593,0,0.3356590441,0,1
Kodak24,kodim13.png,50,original,16.656483019636,0,0.381962438656692,0,1
Kodak24,kodim13.png,50,tv,13.0019424799,0,0.2287150455,0,1
Kodak24,kodim14.png,10,adaptive,21.3681312811197,0,0.529547452744842,0,1
Kodak24,kodim14.png,10,bilateral,29.9259225170421,0,0.826196364550428,0,1
Kodak24,kodim14.png,10,guided,28.6707033528851,0,0.801721991042815,0,1
Kodak24,kodim14.png,10,l0,21.0014450437947,0,0.48944826061567,0,1
Kodak24,kodim14.png,10,lgss,25.0900825154,0,0.6542962778,0,1
Kodak24,kodim14.png,10,original,18.3894422189113,0,0.406687497578903,0,1
Kodak24,kodim14.png,10,tv,17.3517493849,0,0.2867840279,0,1
Kodak24,kodim14.png,20,adaptive,24.2441190167126,0,0.622714826280061,0,1
Kodak24,kodim14.png,20,bilateral,26.2713506512817,0,0.667364703201512,0,1
Kodak24,kodim14.png,20,guided,25.9058388366145,0,0.653900257109538,0,1
Kodak24,kodim14.png,20,l0,21.246338852408,0,0.503680531368704,0,1
Kodak24,kodim14.png,20,lgss,25.0918132087,0,0.6821131841,0,1
Kodak24,kodim14.png,20,original,19.034111474763,0,0.424885418756358,0,1
Kodak24,kodim14.png,20,tv,16.8338557361,0,0.2660680092,0,1
Kodak24,kodim14.png,25,adaptive,23.0069493271256,0,0.547911424780283,0,1
Kodak24,kodim14.png,25,bilateral,23.9214943642484,0,0.5488548870213,0,1
Kodak24,kodim14.png,25,guided,23.8985674012616,0,0.544412601470413,0,1
Kodak24,kodim14.png,25,l0,21.4642780107912,0,0.511555447309847,0,1
Kodak24,kodim14.png,25,lgss,23.6575898215,0,0.6351232923,0,1
Kodak24,kodim14.png,25,original,19.487625099913,0,0.439820468449961,0,1
Kodak24,kodim14.png,25,tv,16.18637804,0,0.2426575213,0,1
Kodak24,kodim14.png,50,adaptive,14.782678008222,0,0.200323295962667,0,1
Kodak24,kodim14.png,50,bilateral,16.178006258291,0,0.228624012162127,0,1
Kodak24,kodim14.png,50,guided,16.5672999172833,0,0.235010547853996,0,1
Kodak24,kodim14.png,50,l0,17.0622152756147,0,0.260851470645825,0,1
Kodak24,kodim14.png,50,lgss,15.4791107175,0,0.2372518726,0,1
Kodak24,kodim14.png,50,original,17.2112112432923,0,0.308746664706883,0,1
Kodak24,kodim14.png,50,tv,12.9485404863,0,0.1446431097,0,1
Kodak24,kodim15.png,10,adaptive,22.0890086741023,0,0.598987205530825,0,1
Kodak24,kodim15.png,10,bilateral,32.2079072269066,0,0.826099845267164,0,1
Kodak24,kodim15.png,10,guided,31.4320923639188,0,0.812322208037581,0,1
Kodak24,kodim15.png,10,l0,20.3346006178803,0,0.573708388137669,0,1
Kodak24,kodim15.png,10,lgss,25.4718501229,0,0.6696581364,0,1
Kodak24,kodim15.png,10,original,20.204409761967,0,0.555142692577872,0,1
Kodak24,kodim15.png,10,tv,17.5466657137,0,0.1660494464,0,1
Kodak24,kodim15.png,20,adaptive,23.9574976513368,0,0.62322307271524,0,1
Kodak24,kodim15.png,20,bilateral,27.9234174993389,0,0.611316664109601,0,1
Kodak24,kodim15.png,20,guided,27.8886788771287,0,0.61392902970824,0,1
Kodak24,kodim15.png,20,l0,21.126391623013,0,0.581597426017032,0,1
Kodak24,kodim15.png,20,lgss,26.105143548,0,0.6977114141,0,1
Kodak24,kodim15.png,20,original,20.1820987949731,0,0.555573715955189,0,1
Kodak24,kodim15.png,20,tv,17.1578573675,0,0.1549848562,0,1
Kodak24,kodim15.png,25,adaptive,24.1004961152246,0,0.51144092032469,0,1
Kodak24,kodim15.png,25,bilateral,25.2033711899408,0,0.461620690503748,0,1
Kodak24,kodim15.png,25,guided,25.430382359912,0,0.473119183485525,0,1
Kodak24,kodim15.png,25,l0,21.0746440046986,0,0.582832783363064,0,1
Kodak24,kodim15.png,25,lgss,24.9604885093,0,0.6484951343,0,1
Kodak24,kodim15.png,25,original,20.414101690024,0,0.561306775514471,0,1
Kodak24,kodim15.png,25,tv,16.5901491053,0,0.1404477927,0,1
Kodak24,kodim15.png,50,adaptive,15.4492778026949,0,0.121226593688466,0,1
Kodak24,kodim15.png,50,bilateral,16.9194231593454,0,0.142427672933436,0,1
Kodak24,kodim15.png,50,guided,17.4785228356461,0,0.153605509908675,0,1
Kodak24,kodim15.png,50,l0,18.2275077714192,0,0.227300007784858,0,1
Kodak24,kodim15.png,50,lgss,16.7022486476,0,0.2341355032,0,1
Kodak24,kodim15.png,50,original,18.7618164544827,0,0.327118058586132,0,1
Kodak24,kodim15.png,50,tv,13.5285035602,0,0.0788561411,0,1
Kodak24,kodim16.png,10,adaptive,23.1734591852438,0,0.615967912896769,0,1
Kodak24,kodim16.png,10,bilateral,31.6669362515341,0,0.820681886846107,0,1
Kodak24,kodim16.png,10,guided,30.8438668647445,0,0.804524745215876,0,1
Kodak24,kodim16.png,10,l0,21.4867877214053,0,0.59432365030113,0,1
Kodak24,kodim16.png,10,lgss,26.5328963609,0,0.6919896889,0,1
Kodak24,kodim16.png,10,original,20.3459975140235,0,0.565443670097661,0,1
Kodak24,kodim16.png,10,tv,17.1459190822,0,0.1642070413,0,1
Kodak24,kodim16.png,20,adaptive,25.5136141265633,0,0.645007237572899,0,1
Kodak24,kodim16.png,20,bilateral,27.5869142063047,0,0.585674053765164,0,1
Kodak24,kodim16.png,20,guided,27.6118440372848,0,0.586584584037346,0,1
Kodak24,kodim16.png,20,l0,21.6807186884794,0,0.598730323076956,0,1
Kodak24,kodim16.png,20,lgss,26.4253348133,0,0.7150584053,0,1
Kodak24,kodim16.png,20,original,20.5556346685746,0,0.569537612387765,0,1
Kodak24,kodim16.png,20,tv,16.7235285339,0,0.1536159352,0,1
Kodak24,kodim16.png,25,adaptive,23.7031780787277,0,0.46160829865933,0,1
Kodak24,kodim16.png,25,bilateral,24.7887648158734,0,0.433204375349642,0,1
Kodak24,kodim16.png,25,guided,25.0426190566556,0,0.439620560143807,0,1
Kodak24,kodim16.png,25,l0,22.1253483088136,0,0.599536156201809,0,1
Kodak24,kodim16.png,25,lgss,24.5430906262,0,0.6419168724,0,1
Kodak24,kodim16.png,25,original,20.8737412241722,0,0.573589847315162,0,1
Kodak24,kodim16.png,25,tv,16.0856196932,0,0.1375114491,0,1
Kodak24,kodim16.png,50,adaptive,14.7046479537544,0,0.109035048156786,0,1
Kodak24,kodim16.png,50,bilateral,16.2512864798508,0,0.13135062572623,0,1
Kodak24,kodim16.png,50,guided,16.6747954287341,0,0.138098727513754,0,1
Kodak24,kodim16.png,50,l0,17.2968292330871,0,0.165232591879308,0,1
Kodak24,kodim16.png,50,lgss,15.4920975782,0,0.1328852053,0,1
Kodak24,kodim16.png,50,original,17.2786098305453,0,0.204191365266324,0,1
Kodak24,kodim16.png,50,tv,12.8487269279,0,0.0742331278,0,1
Kodak24,kodim17.png,10,adaptive,21.7049561726271,0,0.574877329212917,0,1
Kodak24,kodim17.png,10,bilateral,31.6781701269403,0,0.848352147436993,0,1
Kodak24,kodim17.png,10,guided,30.2379437950652,0,0.822333387118761,0,1
Kodak24,kodim17.png,10,l0,21.4968134361528,0,0.559846651603439,0,1
Kodak24,kodim17.png,10,lgss,25.2340509921,0,0.682480252,0,1
Kodak24,kodim17.png,10,original,18.6319147598931,0,0.488818385886423,0,1
Kodak24,kodim17.png,10,tv,17.3011699292,0,0.1931219655,0,1
Kodak24,kodim17.png,20,adaptive,24.2090135452858,0,0.632674184657489,0,1
Kodak24,kodim17.png,20,bilateral,27.3030754415508,0,0.62799166934253,0,1
Kodak24,kodim17.png,20,guided,27.0771668821469,0,0.621455259538258,0,1
Kodak24,kodim17.png,20,l0,21.8245484170591,0,0.571868271638243,0,1
Kodak24,kodim17.png,20,lgss,26.3474415042,0,0.71806019,0,1
Kodak24,kodim17.png,20,original,18.8508070347958,0,0.496247447257465,0,1
Kodak24,kodim17.png,20,tv,16.8599286909,0,0.1805160216,0,1
Kodak24,kodim17.png,25,adaptive,23.7608218071333,0,0.524306321264315,0,1
Kodak24,kodim17.png,25,bilateral,24.631770774813,0,0.481314194177055,0,1
Kodak24,kodim17.png,25,guided,24.7409103844064,0,0.484272143164532,0,1
Kodak24,kodim17.png,25,l0,21.9397362855475,0,0.575030110913969,0,1
Kodak24,kodim17.png,25,lgss,24.972901843,0,0.6596314843,0,1
Kodak24,kodim17.png,25,original,19.3338937859649,0,0.509545075857596,0,1
Kodak24,kodim17.png,25,tv,16.2238281629,0,0.1629027317,0,1
Kodak24,kodim17.png,50,adaptive,14.886902045337,0,0.134582722430836,0,1
Kodak24,kodim17.png,50,bilateral,16.3646048658506,0,0.159203180530831,0,1
Kodak24,kodim17.png,50,guided,16.78506928087,0,0.166168047424738,0,1
Kodak24,kodim17.png,50,l0,17.3558501664422,0,0.212758135278449,0,1
Kodak24,kodim17.png,50,lgss,15.7527840634,0,0.2138740173,0,1
Kodak24,kodim17.png,50,original,17.4797749571657,0,0.27272249797119,0,1
Kodak24,kodim17.png,50,tv,12.9956110269,0,0.0913374089,0,1
Kodak24,kodim18.png,10,adaptive,22.4428138013745,0,0.527819469008041,0,1
Kodak24,kodim18.png,10,bilateral,30.0005703774228,0,0.827122723283459,0,1
Kodak24,kodim18.png,10,guided,28.8977754997679,0,0.802496657289645,0,1
Kodak24,kodim18.png,10,l0,21.5346386935873,0,0.48645586383722,0,1
Kodak24,kodim18.png,10,lgss,25.7219542234,0,0.6653159679,0,1
Kodak24,kodim18.png,10,original,20.1279898947402,0,0.43796302520681,0,1
Kodak24,kodim18.png,10,tv,17.4107166955,0,0.2641793928,0,1
Kodak24,kodim18.png,20,adaptive,24.068981831635,0,0.60593237669773,0,1
Kodak24,kodim18.png,20,bilateral,26.4862005854044,0,0.650941019187219,0,1
Kodak24,kodim18.png,20,guided,26.2062379756918,0,0.641255152870725,0,1
Kodak24,kodim18.png,20,l0,21.7689237099131,0,0.49844101014498,0,1
Kodak24,kodim18.png,20,lgss,25.8411490601,0,0.7106068184,0,1
Kodak24,kodim18.png,20,original,20.3688837684949,0,0.447163826613697,0,1
Kodak24,kodim18.png,20,tv,16.9684254543,0,0.2466641611,0,1
Kodak24,kodim18.png,25,adaptive,23.2187421916663,0,0.535173055282552,0,1
Kodak24,kodim18.png,25,bilateral,24.1625025568596,0,0.528029898427125,0,1
Kodak24,kodim18.png,25,guided,24.1993702404499,0,0.527130843182937,0,1
Kodak24,kodim18.png,25,l0,21.8855920309919,0,0.506565141831613,0,1
Kodak24,kodim18.png,25,lgss,24.101436384,0,0.6611833545,0,1
Kodak24,kodim18.png,25,original,20.6535749919427,0,0.45968886957628,0,1
Kodak24,kodim18.png,25,tv,16.3691569701,0,0.2254480613,0,1
Kodak24,kodim18.png,50,adaptive,15.1283416654625,0,0.189906213768893,0,1
Kodak24,kodim18.png,50,bilateral,16.5355984131787,0,0.216703840125611,0,1
Kodak24,kodim18.png,50,guided,17.020802442113,0,0.225184265542972,0,1
Kodak24,kodim18.png,50,l0,17.7433805003202,0,0.262484286683096,0,1
Kodak24,kodim18.png,50,lgss,16.0246740193,0,0.2442368655,0,1
Kodak24,kodim18.png,50,original,18.1050197232025,0,0.326082850847959,0,1
Kodak24,kodim18.png,50,tv,13.3166397175,0,0.1359010993,0,1
Kodak24,kodim19.png,10,adaptive,24.5102707226671,0,0.744516028480346,0,1
Kodak24,kodim19.png,10,bilateral,31.0412072551808,0,0.881752128275987,0,1
Kodak24,kodim19.png,10,guided,29.4312777985643,0,0.862922192317558,0,1
Kodak24,kodim19.png,10,l0,22.381117582216,0,0.669013196422289,0,1
Kodak24,kodim19.png,10,lgss,25.8812145337,0,0.7940798952,0,1
Kodak24,kodim19.png,10,original,20.0313117411824,0,0.597648458330855,0,1
Kodak24,kodim19.png,10,tv,17.435113969,0,0.2973173754,0,1
Kodak24,kodim19.png,20,adaptive,25.3666742846827,0,0.757428235837683,0,1
Kodak24,kodim19.png,20,bilateral,26.4985572857309,0,0.661440216032635,0,1
Kodak24,kodim19.png,20,guided,26.0094624597177,0,0.651463568393268,0,1
Kodak24,kodim19.png,20,l0,22.6786403072341,0,0.690058023766778,0,1
Kodak24,kodim19.png,20,lgss,25.2884235524,0,0.7997640262,0,1
Kodak24,kodim19.png,20,original,20.5645301518696,0,0.624171762002094,0,1
Kodak24,kodim19.png,20,tv,16.8497452196,0,0.2791763955,0,1
Kodak24,kodim19.png,25,adaptive,23.1768014051201,0,0.563471770850447,0,1
Kodak24,kodim19.png,25,bilateral,23.9783107328579,0,0.527362409843473,0,1
Kodak24,kodim19.png,25,guided,23.8831547854532,0,0.523379212157993,0,1
Kodak24,kodim19.png,25,l0,22.6673076471753,0,0.690489546214604,0,1
Kodak24,kodim19.png,25,lgss,24.035182425,0,0.7662595148,0,1
Kodak24,kodim19.png,25,original,20.984381869375,0,0.64028208908027,0,1
Kodak24,kodim19.png,25,tv,16.1731346124,0,0.2587396844,0,1
Kodak24,kodim19.png,50,adaptive,14.7156334583837,0,0.219283987713528,0,1
Kodak24,kodim19.png,50,bilateral,16.0869240985572,0,0.241436231413659,0,1
Kodak24,kodim19.png,50,guided,16.4392848731467,0,0.246425211372894,0,1
Kodak24,kodim19.png,50,l0,16.8803384453349,0,0.265972968644405,0,1
Kodak24,kodim19.png,50,lgss,15.7533169987,0,0.2496659558,0,1
Kodak24,kodim19.png,50,original,16.9293662593879,0,0.295657420235289,0,1
Kodak24,kodim19.png,50,tv,12.8647745543,0,0.1687496464,0,1
Kodak24,kodim20.png,10,adaptive,25.0283107994852,0,0.808526720103511,0,1
Kodak24,kodim20.png,10,bilateral,33.2053934070841,0,0.91632690647591,0,1
Kodak24,kodim20.png,10,guided,31.912583326435,0,0.902645244276906,0,1
Kodak24,kodim20.png,10,l0,24.3595287419778,0,0.794171400836592,0,1
Kodak24,kodim20.png,10,lgss,28.8085807952,0,0.8560667144,0,1
Kodak24,kodim20.png,10,original,21.9065924017264,0,0.749731344158445,0,1
Kodak24,kodim20.png,10,tv,18.3956108,0,0.1975556942,0,1
Kodak24,kodim20.png,20,adaptive,26.0880129376737,0,0.826417395708463,0,1
Kodak24,kodim20.png,20,bilateral,28.5284842343469,0,0.764229896552595,0,1
Kodak24,kodim20.png,20,guided,27.8935488494327,0,0.768350015938491,0,1
Kodak24,kodim20.png,20,l0,23.7345825526342,0,0.794836484947227,0,1
Kodak24,kodim20.png,20,lgss,27.7834017585,0,0.8665042495,0,1
Kodak24,kodim20.png,20,original,21.837653646441,0,0.756401068294973,0,1
Kodak24,kodim20.png,20,tv,17.7365246573,0,0.178737253,0,1
Kodak24,kodim20.png,25,adaptive,25.2436116659506,0,0.776353030350303,0,1
Kodak24,kodim20.png,25,bilateral,25.9855511499031,0,0.620598171936026,0,1
Kodak24,kodim20.png,25,guided,25.7106815968652,0,0.648242024942845,0,1
Kodak24,kodim20.png,25,l0,23.5349884542924,0,0.795735504506672,0,1
Kodak24,kodim20.png,25,lgss,25.8162682496,0,0.829292846,0,1
Kodak24,kodim20.png,25,original,21.7637182932132,0,0.761592203973626,0,1
Kodak24,kodim20.png,25,tv,17.1877915159,0,0.1640312303,0,1
Kodak24,kodim20.png,50,adaptive,16.5330876836391,0,0.198627873371016,0,1
Kodak24,kodim20.png,50,bilateral,17.6941180496141,0,0.183490990247985,0,1
Kodak24,kodim20.png,50,guided,18.1872971509723,0,0.21250651697831,0,1
Kodak24,kodim20.png,50,l0,18.7263874864061,0,0.441798137857107,0,1
Kodak24,kodim20.png,50,lgss,17.9858298442,0,0.5946683259,0,1
Kodak24,kodim20.png,50,original,19.5926492107361,0,0.650530315390506,0,1
Kodak24,kodim20.png,50,tv,14.0626060941,0,0.0983216179,0,1
Kodak24,kodim21.png,10,adaptive,23.9568808565551,0,0.717569237297248,0,1
Kodak24,kodim21.png,10,bilateral,31.0320989761513,0,0.880742580806053,0,1
Kodak24,kodim21.png,10,guided,29.8207115314776,0,0.866265635280503,0,1
Kodak24,kodim21.png,10,l0,21.9616096868957,0,0.65282903908669,0,1
Kodak24,kodim21.png,10,lgss,26.5944162668,0,0.8016694025,0,1
Kodak24,kodim21.png,10,original,19.9998660153443,0,0.580724596275352,0,1
Kodak24,kodim21.png,10,tv,17.3602958673,0,0.2559924294,0,1
Kodak24,kodim21.png,20,adaptive,25.8657284113047,0,0.751659227975797,0,1
Kodak24,kodim21.png,20,bilateral,26.6970983368414,0,0.639348066586774,0,1
Kodak24,kodim21.png,20,guided,26.442247476178,0,0.634796498066663,0,1
Kodak24,kodim21.png,20,l0,22.2554416763628,0,0.667158377540365,0,1
Kodak24,kodim21.png,20,lgss,26.0027949507,0,0.8119496117,0,1
Kodak24,kodim21.png,20,original,20.5739719058359,0,0.598613299864584,0,1
Kodak24,kodim21.png,20,tv,16.791800403,0,0.2364398552,0,1
Kodak24,kodim21.png,25,adaptive,23.2797705280667,0,0.542897930178126,0,1
Kodak24,kodim21.png,25,bilateral,24.1601561706,0,0.497192282339168,0,1
Kodak24,kodim21.png,25,guided,24.2053692044883,0,0.497534338216488,0,1
Kodak24,kodim21.png,25,l0,22.4754553433263,0,0.675274418226552,0,1
Kodak24,kodim21.png,25,lgss,24.6233800143,0,0.7769217008,0,1
Kodak24,kodim21.png,25,original,21.0609445012446,0,0.616291112703892,0,1
Kodak24,kodim21.png,25,tv,16.1068049036,0,0.2158719287,0,1
Kodak24,kodim21.png,50,adaptive,14.6361606935822,0,0.180062899387817,0,1
Kodak24,kodim21.png,50,bilateral,16.0642517451031,0,0.202590583493309,0,1
Kodak24,kodim21.png,50,guided,16.4087545682232,0,0.208017769071953,0,1
Kodak24,kodim21.png,50,l0,16.8167794806396,0,0.229785552611587,0,1
Kodak24,kodim21.png,50,lgss,15.6569130915,0,0.2136804274,0,1
Kodak24,kodim21.png,50,original,16.7517709029011,0,0.257679602988336,0,1
Kodak24,kodim21.png,50,tv,12.7498450787,0,0.1315334897,0,1
Kodak24,kodim22.png,10,adaptive,23.3689135435777,0,0.632582658505534,0,1
Kodak24,kodim22.png,10,bilateral,31.5778271838877,0,0.831567678439109,0,1
Kodak24,kodim22.png,10,guided,30.4797826018746,0,0.813582819992733,0,1
Kodak24,kodim22.png,10,l0,22.469155134718,0,0.610016841668213,0,1
Kodak24,kodim22.png,10,lgss,25.7884565919,0,0.6990447886,0,1
Kodak24,kodim22.png,10,original,21.1403447062219,0,0.573644526282846,0,1
Kodak24,kodim22.png,10,tv,17.2066982863,0,0.1882483184,0,1
Kodak24,kodim22.png,20,adaptive,25.0371522322429,0,0.656458483178137,0,1
Kodak24,kodim22.png,20,bilateral,27.3753609391594,0,0.601846121416442,0,1
Kodak24,kodim22.png,20,guided,27.1796473627161,0,0.597397070214072,0,1
Kodak24,kodim22.png,20,l0,22.6842348425744,0,0.615189610458603,0,1
Kodak24,kodim22.png,20,lgss,26.742634584,0,0.7297169583,0,1
Kodak24,kodim22.png,20,original,21.3085006434259,0,0.581247923104075,0,1
Kodak24,kodim22.png,20,tv,16.6931476912,0,0.1748597133,0,1
Kodak24,kodim22.png,25,adaptive,23.6767545705553,0,0.480523667996606,0,1
Kodak24,kodim22.png,25,bilateral,24.6136760141312,0,0.452190927585242,0,1
Kodak24,kodim22.png,25,guided,24.7170428490035,0,0.454025585412421,0,1
Kodak24,kodim22.png,25,l0,22.9671521998629,0,0.616871770297914,0,1
Kodak24,kodim22.png,25,lgss,24.8623365321,0,0.6609097378,0,1
Kodak24,kodim22.png,25,original,21.5508380347053,0,0.586657706337821,0,1
Kodak24,kodim22.png,25,tv,16.0374274019,0,0.1577213223,0,1
Kodak24,kodim22.png,50,adaptive,14.6259261342019,0,0.127442776514666,0,1
Kodak24,kodim22.png,50,bilateral,16.1338474974416,0,0.149823623959711,0,1
Kodak24,kodim22.png,50,guided,16.5143220797702,0,0.155190124772728,0,1
Kodak24,kodim22.png,50,l0,17.0882162467865,0,0.182325366718805,0,1
Kodak24,kodim22.png,50,lgss,15.4198899293,0,0.1590475975,0,1
Kodak24,kodim22.png,50,original,16.9987632823996,0,0.212847312923143,0,1
Kodak24,kodim22.png,50,tv,12.7655766735,0,0.0903872129,0,1
Kodak24,kodim23.png,10,adaptive,21.164526793631,0,0.769335463826715,0,1
Kodak24,kodim23.png,10,bilateral,34.2478699975164,0,0.896892435779106,0,1
Kodak24,kodim23.png,10,guided,33.1379244128703,0,0.887814349673229,0,1
Kodak24,kodim23.png,10,l0,21.8338900629607,0,0.758868176034137,0,1
Kodak24,kodim23.png,10,lgss,25.1406706667,0,0.8189435591,0,1
Kodak24,kodim23.png,10,original,19.3207227121986,0,0.727480604915544,0,1
Kodak24,kodim23.png,10,tv,17.129104535,0,0.1352515893,0,1
Kodak24,kodim23.png,20,adaptive,24.8008027829416,0,0.768017443154557,0,1
Kodak24,kodim23.png,20,bilateral,28.1391828275812,0,0.580824727508796,0,1
Kodak24,kodim23.png,20,guided,28.1312631805117,0,0.586164372915396,0,1
Kodak24,kodim23.png,20,l0,22.1054654842435,0,0.762908955371035,0,1
Kodak24,kodim23.png,20,lgss,25.9002242794,0,0.8214465534,0,1
Kodak24,kodim23.png,20,original,19.5491414368319,0,0.734601824436449,0,1
Kodak24,kodim23.png,20,tv,16.7027710372,0,0.1269582138,0,1
Kodak24,kodim23.png,25,adaptive,24.2802237328344,0,0.489376911991048,0,1
Kodak24,kodim23.png,25,bilateral,25.017118307556,0,0.404829798033922,0,1
Kodak24,kodim23.png,25,guided,25.2359759849147,0,0.413381558909071,0,1
Kodak24,kodim23.png,25,l0,22.5378928125073,0,0.763075022459736,0,1
Kodak24,kodim23.png,25,lgss,25.2366002243,0,0.7679859037,0,1
Kodak24,kodim23.png,25,original,19.7967923723359,0,0.739563892137521,0,1
Kodak24,kodim23.png,25,tv,16.068499477,0,0.1151665439,0,1
Kodak24,kodim23.png,50,adaptive,14.6986363700168,0,0.0964934008659312,0,1
Kodak24,kodim23.png,50,bilateral,16.240636296716,0,0.116001360569215,0,1
Kodak24,kodim23.png,50,guided,16.6455257326664,0,0.121563238233694,0,1
Kodak24,kodim23.png,50,l0,17.2953991085278,0,0.168909060688502,0,1
Kodak24,kodim23.png,50,lgss,16.0408641226,0,0.1538517737,0,1
Kodak24,kodim23.png,50,original,17.3016091180772,0,0.210445228261918,0,1
Kodak24,kodim23.png,50,tv,12.8322089717,0,0.0679110836,0,1
Kodak24,kodim24.png,10,adaptive,20.9638730513714,0,0.566099759466317,0,1
Kodak24,kodim24.png,10,bilateral,30.8781844689491,0,0.848657919510687,0,1
Kodak24,kodim24.png,10,guided,29.3965495191615,0,0.817845936391539,0,1
Kodak24,kodim24.png,10,l0,20.4398094825114,0,0.548166846108772,0,1
Kodak24,kodim24.png,10,lgss,25.4430315339,0,0.6989057755,0,1
Kodak24,kodim24.png,10,original,19.5844740697184,0,0.515208052863787,0,1
Kodak24,kodim24.png,10,tv,17.262674067,0,0.2451587591,0,1
Kodak24,kodim24.png,20,adaptive,24.1064382243241,0,0.642133919211217,0,1
Kodak24,kodim24.png,20,bilateral,26.7329203020776,0,0.638349545690957,0,1
Kodak24,kodim24.png,20,guided,26.4084339716256,0,0.626715824329707,0,1
Kodak24,kodim24.png,20,l0,20.9235588554517,0,0.56628666675348,0,1
Kodak24,kodim24.png,20,lgss,26.3864653448,0,0.7476681405,0,1
Kodak24,kodim24.png,20,original,19.6558600911886,0,0.520178540598526,0,1
Kodak24,kodim24.png,20,tv,16.7528626237,0,0.2280800234,0,1
Kodak24,kodim24.png,25,adaptive,23.2896247974612,0,0.520137640646864,0,1
Kodak24,kodim24.png,25,bilateral,24.1913121937957,0,0.502991685635068,0,1
Kodak24,kodim24.png,25,guided,24.2051077962176,0,0.500205435971784,0,1
Kodak24,kodim24.png,25,l0,21.2333495286681,0,0.577688896885348,0,1
Kodak24,kodim24.png,25,lgss,24.7680251341,0,0.6906882887,0,1
Kodak24,kodim24.png,25,original,19.8054178719006,0,0.525953613058514,0,1
Kodak24,kodim24.png,25,tv,16.082307974,0,0.2081121975,0,1
Kodak24,kodim24.png,50,adaptive,14.6446059472226,0,0.172560526578544,0,1
Kodak24,kodim24.png,50,bilateral,16.0876166099111,0,0.196291377570246,0,1
Kodak24,kodim24.png,50,guided,16.4444936762467,0,0.201113733170732,0,1
Kodak24,kodim24.png,50,l0,16.9243609587713,0,0.225617923890244,0,1
Kodak24,kodim24.png,50,lgss,15.3418612781,0,0.1979893787,0,1
Kodak24,kodim24.png,50,original,16.9170569220938,0,0.258564847050388,0,1
Kodak24,kodim24.png,50,tv,12.7868501959,0,0.1266675294,0,1
Set12,01.png,10,adaptive,26.1311212192071,0,0.789699342267868,0,1
Set12,01.png,10,bilateral,31.9280642425255,0,0.895499299159867,0,1
Set12,01.png,10,guided,30.4392432728717,0,0.87740150427868,0,1
Set12,01.png,10,l0,24.7122564425549,0,0.768890822511189,0,1
Set12,01.png,10,lgss,27.3001909374,0,0.8197783116,0,1
Set12,01.png,10,original,22.0444139132377,0,0.706985090555844,0,1
Set12,01.png,10,tv,17.8628419287,0,0.2737967749,0,1
Set12,01.png,20,adaptive,26.5002247163325,0,0.785431245611619,0,1
Set12,01.png,20,bilateral,27.372697894916,0,0.669722920981046,0,1
Set12,01.png,20,guided,26.5428330892768,0,0.653996890912737,0,1
Set12,01.png,20,l0,24.6007450696841,0,0.766396164438212,0,1
Set12,01.png,20,lgss,27.0308651902,0,0.8427446415,0,1
Set12,01.png,20,original,22.9659283994035,0,0.725707211302939,0,1
Set12,01.png,20,tv,17.2091975104,0,0.2555572124,0,1
Set12,01.png,25,adaptive,24.0378194381081,0,0.612472506018788,0,1
Set12,01.png,25,bilateral,24.7103887643102,0,0.528045497623785,0,1
Set12,01.png,25,guided,24.3310441067835,0,0.5202651367065,0,1
Set12,01.png,25,l0,24.4267420368921,0,0.757817618924493,0,1
Set12,01.png,25,lgss,25.527769994,0,0.8164971983,0,1
Set12,01.png,25,original,23.5074698452242,0,0.741051197583867,0,1
Set12,01.png,25,tv,16.5195500139,0,0.2377641987,0,1
Set12,01.png,50,adaptive,15.1215757906042,0,0.208315038417106,0,1
Set12,01.png,50,bilateral,16.4431326916777,0,0.226471419159593,0,1
Set12,01.png,50,guided,16.7702530746502,0,0.229391168819574,0,1
Set12,01.png,50,l0,17.3840852474253,0,0.294826476653641,0,1
Set12,01.png,50,lgss,16.4177424818,0,0.3203976911,0,1
Set12,01.png,50,original,17.4253300035722,0,0.353139370213585,0,1
Set12,01.png,50,tv,13.1691872837,0,0.158058969,0,1
Set12,02.png,10,adaptive,23.1259869732926,0,0.732748876843231,0,1
Set12,02.png,10,bilateral,32.9164116155505,0,0.870790930227224,0,1
Set12,02.png,10,guided,31.126088958132,0,0.852498031472772,0,1
Set12,02.png,10,l0,24.9501072952638,0,0.756032455277545,0,1
Set12,02.png,10,lgss,25.3660928278,0,0.7867918896,0,1
Set12,02.png,10,original,18.4302390456845,0,0.634644056811452,0,1
Set12,02.png,10,tv,17.1445547177,0,0.1955832316,0,1
Set12,02.png,20,adaptive,26.6796592128034,0,0.746362916440541,0,1
Set12,02.png,20,bilateral,27.4345625408412,0,0.607837874843253,0,1
Set12,02.png,20,guided,27.0117816981881,0,0.598081848815586,0,1
Set12,02.png,20,l0,25.0327449057058,0,0.757656018813309,0,1
Set12,02.png,20,lgss,27.6206513843,0,0.8055188287,0,1
Set12,02.png,20,original,19.7053425738529,0,0.655182596001354,0,1
Set12,02.png,20,tv,16.7294093089,0,0.1850770181,0,1
Set12,02.png,25,adaptive,23.9396911761428,0,0.503773420569101,0,1
Set12,02.png,25,bilateral,24.5218155277303,0,0.451231864045466,0,1
Set12,02.png,25,guided,24.4973967682505,0,0.448880386593517,0,1
Set12,02.png,25,l0,25.0174922340884,0,0.742601373882217,0,1
Set12,02.png,25,lgss,26.2509089446,0,0.7616032303,0,1
Set12,02.png,25,original,20.1709827812709,0,0.667714867802661,0,1
Set12,02.png,25,tv,16.0679161111,0,0.1688806283,0,1
Set12,02.png,50,adaptive,14.6407958384843,0,0.138295845754241,0,1
Set12,02.png,50,bilateral,16.1133800126271,0,0.160991434648426,0,1
Set12,02.png,50,guided,16.4839637174381,0,0.165233915453974,0,1
Set12,02.png,50,l0,17.229473374651,0,0.210123518444338,0,1
Set12,02.png,50,lgss,15.8910889399,0,0.1817955215,0,1
Set12,02.png,50,original,17.2184555344664,0,0.240413735009295,0,1
Set12,02.png,50,tv,12.7989786501,0,0.1006554599,0,1
Set12,03.png,10,adaptive,22.295508405252,0,0.719224910580377,0,1
Set12,03.png,10,bilateral,32.2029542943158,0,0.895325120777274,0,1
Set12,03.png,10,guided,30.2496317618917,0,0.867847383592449,0,1
Set12,03.png,10,l0,22.5111538253979,0,0.700914505667605,0,1
Set12,03.png,10,lgss,24.5645404117,0,0.7811252491,0,1
Set12,03.png,10,original,18.65403069458,0,0.588523293553842,0,1
Set12,03.png,10,tv,17.3277172317,0,0.2484077244,0,1
Set12,03.png,20,adaptive,24.7495501454052,0,0.744619065265558,0,1
Set12,03.png,20,bilateral,26.972223157517,0,0.656117657958093,0,1
Set12,03.png,20,guided,26.3420123512144,0,0.635205647886035,0,1
Set12,03.png,20,l0,22.5366886531271,0,0.704739713801406,0,1
Set12,03.png,20,lgss,25.1666412581,0,0.7894428048,0,1
Set12,03.png,20,original,19.1106293844292,0,0.600298032268301,0,1
Set12,03.png,20,tv,16.8107437642,0,0.233534897,0,1
Set12,03.png,25,adaptive,23.7276367186072,0,0.56260199774393,0,1
Set12,03.png,25,bilateral,24.2583322549324,0,0.512367472566376,0,1
Set12,03.png,25,guided,24.0672509667574,0,0.501795414159669,0,1
Set12,03.png,25,l0,22.6913050106806,0,0.701558036514746,0,1
Set12,03.png,25,lgss,24.6160057899,0,0.7581412113,0,1
Set12,03.png,25,original,19.8324484985873,0,0.627615003044642,0,1
Set12,03.png,25,tv,16.1737693104,0,0.214639918,0,1
Set12,03.png,50,adaptive,14.7359333801525,0,0.177919565824446,0,1
Set12,03.png,50,bilateral,16.1287933746692,0,0.203953845900062,0,1
Set12,03.png,50,guided,16.471921890299,0,0.208138174086563,0,1
Set12,03.png,50,l0,17.0905584494306,0,0.251486450072298,0,1
Set12,03.png,50,lgss,15.7815315976,0,0.2185564546,0,1
Set12,03.png,50,original,17.2046838061399,0,0.291709172189691,0,1
Set12,03.png,50,tv,12.8810207808,0,0.1303408816,0,1
Set12,04.png,10,adaptive,21.2212708136767,0,0.647621788967701,0,1
Set12,04.png,10,bilateral,30.4310805325436,0,0.895888599767993,0,1
Set12,04.png,10,guided,28.321914418704,0,0.861806489049866,0,1
Set12,04.png,10,l0,20.4682969101269,0,0.568885031569173,0,1
Set12,04.png,10,lgss,24.0176433628,0,0.7498305244,0,1
Set12,04.png,10,original,17.8943438204628,0,0.421176093883074,0,1
Set12,04.png,10,tv,17.5498340107,0,0.3557460846,0,1
Set12,04.png,20,adaptive,23.8110603297051,0,0.738591734632328,0,1
Set12,04.png,20,bilateral,25.8753523344478,0,0.725847691244429,0,1
Set12,04.png,20,guided,25.2258392828291,0,0.701119389111538,0,1
Set12,04.png,20,l0,20.7461370087714,0,0.591589935970404,0,1
Set12,04.png,20,lgss,24.1375365004,0,0.756409973,0,1
Set12,04.png,20,original,18.284827676657,0,0.452639761935253,0,1
Set12,04.png,20,tv,17.0441437472,0,0.333855922,0,1
Set12,04.png,25,adaptive,23.1030147176957,0,0.659706955034213,0,1
Set12,04.png,25,bilateral,23.5881620002631,0,0.613091218703232,0,1
Set12,04.png,25,guided,23.3886255416738,0,0.60015230707015,0,1
Set12,04.png,25,l0,21.0841081569356,0,0.608518426637631,0,1
Set12,04.png,25,lgss,23.3219465773,0,0.7195076121,0,1
Set12,04.png,25,original,18.8412893104349,0,0.483325970782014,0,1
Set12,04.png,25,tv,16.4016916691,0,0.3084827626,0,1
Set12,04.png,50,adaptive,15.0013584895971,0,0.262701818052845,0,1
Set12,04.png,50,bilateral,16.2494550254155,0,0.292476965278157,0,1
Set12,04.png,50,guided,16.634244080094,0,0.299199433293989,0,1
Set12,04.png,50,l0,17.0883165317515,0,0.345760258442885,0,1
Set12,04.png,50,lgss,15.8080366694,0,0.322157639,0,1
Set12,04.png,50,original,17.5109093748594,0,0.422935355251152,0,1
Set12,04.png,50,tv,13.1443755152,0,0.1933287261,0,1
Set12,05.png,10,adaptive,22.4655775925354,0,0.726537837851887,0,1
Set12,05.png,10,bilateral,30.9676362060136,0,0.919003613140277,0,1
Set12,05.png,10,guided,28.9418109151082,0,0.887190419962654,0,1
Set12,05.png,10,l0,21.9294849724357,0,0.710609972063975,0,1
Set12,05.png,10,lgss,25.1110404255,0,0.8071895547,0,1
Set12,05.png,10,original,19.5848066580943,0,0.610687223736606,0,1
Set12,05.png,10,tv,17.3865079393,0,0.351362204,0,1
Set12,05.png,20,adaptive,24.7507726646373,0,0.785095392761938,0,1
Set12,05.png,20,bilateral,26.3671743743601,0,0.720282823636612,0,1
Set12,05.png,20,guided,25.1448556993414,0,0.6838734525085,0,1
Set12,05.png,20,l0,22.3940466581428,0,0.724271479246174,0,1
Set12,05.png,20,lgss,25.0258735502,0,0.8173935532,0,1
Set12,05.png,20,original,20.0884557113189,0,0.636143765094524,0,1
Set12,05.png,20,tv,16.8820225114,0,0.333993039,0,1
Set12,05.png,25,adaptive,23.216321760427,0,0.634721206630869,0,1
Set12,05.png,25,bilateral,23.8401094237991,0,0.598214961650806,0,1
Set12,05.png,25,guided,23.153041338256,0,0.572763732351619,0,1
Set12,05.png,25,l0,22.4378210420709,0,0.729708275398063,0,1
Set12,05.png,25,lgss,24.0315115256,0,0.7865787476,0,1
Set12,05.png,25,original,20.4075101148271,0,0.65021928552326,0,1
Set12,05.png,25,tv,16.2454597267,0,0.3129705805,0,1
Set12,05.png,50,adaptive,14.8319516824929,0,0.27252545106718,0,1
Set12,05.png,50,bilateral,16.1116197702202,0,0.301343567735927,0,1
Set12,05.png,50,guided,16.3693189298487,0,0.301932960725922,0,1
Set12,05.png,50,l0,17.1812075798087,0,0.355079985279042,0,1
Set12,05.png,50,lgss,15.7884380711,0,0.3097549448,0,1
Set12,05.png,50,original,17.3582954850523,0,0.391910977468753,0,1
Set12,05.png,50,tv,13.0334999457,0,0.2140007306,0,1
Set12,06.png,10,adaptive,24.0857689236375,0,0.779404899106044,0,1
Set12,06.png,10,bilateral,31.4709013861702,0,0.901279355474309,0,1
Set12,06.png,10,guided,29.5914159404073,0,0.88131895880219,0,1
Set12,06.png,10,l0,23.3543726919825,0,0.742170905461229,0,1
Set12,06.png,10,lgss,26.6866502333,0,0.8294688349,0,1
Set12,06.png,10,original,19.6762291986896,0,0.616940708201007,0,1
Set12,06.png,10,tv,17.4915907587,0,0.3005082353,0,1
Set12,06.png,20,adaptive,25.1498798313996,0,0.78654271294848,0,1
Set12,06.png,20,bilateral,26.6802221897707,0,0.669184329674151,0,1
Set12,06.png,20,guided,25.9000291207171,0,0.652817097858032,0,1
Set12,06.png,20,l0,23.428142427287,0,0.748405910632064,0,1
Set12,06.png,20,lgss,26.0614144407,0,0.8277697962,0,1
Set12,06.png,20,original,20.4633944382722,0,0.657313942970479,0,1
Set12,06.png,20,tv,17.0452328725,0,0.2821548996,0,1
Set12,06.png,25,adaptive,23.4056950991777,0,0.597050342119762,0,1
Set12,06.png,25,bilateral,24.1137632480369,0,0.535249081069977,0,1
Set12,06.png,25,guided,23.8273577907226,0,0.527430501083091,0,1
Set12,06.png,25,l0,23.3828414614402,0,0.747425231156582,0,1
Set12,06.png,25,lgss,24.7659879098,0,0.8023889707,0,1
Set12,06.png,25,original,20.938582408352,0,0.678603167780053,0,1
Set12,06.png,25,tv,16.4473372064,0,0.263273046,0,1
Set12,06.png,50,adaptive,15.1346370740198,0,0.224431063870693,0,1
Set12,06.png,50,bilateral,16.4688126715634,0,0.250122593913556,0,1
Set12,06.png,50,guided,16.9108474822722,0,0.255802108099425,0,1
Set12,06.png,50,l0,17.8104995060152,0,0.331333589799073,0,1
Set12,06.png,50,lgss,16.830157224,0,0.3550697782,0,1
Set12,06.png,50,original,18.2137131069201,0,0.421318544836358,0,1
Set12,06.png,50,tv,13.3748209365,0,0.1742539983,0,1
Set12,07.png,10,adaptive,21.4137668259043,0,0.682872760563005,0,1
Set12,07.png,10,bilateral,30.8968249852317,0,0.888479213306821,0,1
Set12,07.png,10,guided,29.8431355312146,0,0.869295253501205,0,1
Set12,07.png,10,l0,21.429192129281,0,0.664984900748074,0,1
Set12,07.png,10,lgss,24.7224641284,0,0.7538270963,0,1
Set12,07.png,10,original,18.413447127302,0,0.582934543050123,0,1
Set12,07.png,10,tv,17.9711542938,0,0.3224669603,0,1
Set12,07.png,20,adaptive,24.0804127312151,0,0.730448100095502,0,1
Set12,07.png,20,bilateral,26.653876168709,0,0.695036426649413,0,1
Set12,07.png,20,guided,26.0553110142287,0,0.682379355399016,0,1
Set12,07.png,20,l0,21.8947218755579,0,0.670780751824664,0,1
Set12,07.png,20,lgss,24.7679763778,0,0.7717818122,0,1
Set12,07.png,20,original,18.4338405924061,0,0.588222419243412,0,1
Set12,07.png,20,tv,17.3732865065,0,0.3046811819,0,1
Set12,07.png,25,adaptive,23.6427605692663,0,0.631073459833059,0,1
Set12,07.png,25,bilateral,24.2962894613736,0,0.571784199725684,0,1
Set12,07.png,25,guided,24.025792373361,0,0.568049086180304,0,1
Set12,07.png,25,l0,21.9429251202659,0,0.6705528932412,0,1
Set12,07.png,25,lgss,23.9889996041,0,0.7515361394,0,1
Set12,07.png,25,original,18.5016998492035,0,0.594187601594809,0,1
Set12,07.png,25,tv,16.6990507471,0,0.2843410596,0,1
Set12,07.png,50,adaptive,15.3324471022599,0,0.250499171182993,0,1
Set12,07.png,50,bilateral,16.5828485181078,0,0.273476854558311,0,1
Set12,07.png,50,guided,16.9185586247789,0,0.279014897365926,0,1
Set12,07.png,50,l0,17.4566199051704,0,0.338494262263921,0,1
Set12,07.png,50,lgss,16.6064188048,0,0.3736573936,0,1
Set12,07.png,50,original,17.8367487777318,0,0.421241567346317,0,1
Set12,07.png,50,tv,13.3749234224,0,0.1942697349,0,1
Set12,08.png,10,adaptive,20.6666622961982,0,0.664951531151093,0,1
Set12,08.png,10,bilateral,32.7184231612403,0,0.874501475349159,0,1
Set12,08.png,10,guided,31.3225872944754,0,0.857796286889241,0,1
Set12,08.png,10,l0,22.6082681698589,0,0.682660518769389,0,1
Set12,08.png,10,lgss,23.5366604934,0,0.7500861158,0,1
Set12,08.png,10,original,18.6735899923739,0,0.604328333877601,0,1
Set12,08.png,10,tv,17.0980645553,0,0.1766293287,0,1
Set12,08.png,20,adaptive,24.4993834425916,0,0.71742295971177,0,1
Set12,08.png,20,bilateral,27.4407286245955,0,0.606942191993325,0,1
Set12,08.png,20,guided,27.2722662823837,0,0.60291990842448,0,1
Set12,08.png,20,l0,23.0297382935931,0,0.692681950438858,0,1
Set12,08.png,20,lgss,24.2083866267,0,0.769844609,0,1
Set12,08.png,20,original,19.0953053191302,0,0.615838177947912,0,1
Set12,08.png,20,tv,16.6905490101,0,0.1667945901,0,1
Set12,08.png,25,adaptive,24.0270951105305,0,0.507654076837228,0,1
Set12,08.png,25,bilateral,24.5899490608809,0,0.448357409826614,0,1
Set12,08.png,25,guided,24.7169850795676,0,0.450468315382481,0,1
Set12,08.png,25,l0,23.6466355245072,0,0.697297807218751,0,1
Set12,08.png,25,lgss,24.3251001028,0,0.7364092139,0,1
Set12,08.png,25,original,19.461299083309,0,0.624602715235855,0,1
Set12,08.png,25,tv,16.0622001537,0,0.1513204902,0,1
Set12,08.png,50,adaptive,14.6907246223942,0,0.123271909902754,0,1
Set12,08.png,50,bilateral,16.1867575746819,0,0.147286118265972,0,1
Set12,08.png,50,guided,16.5854237396245,0,0.152849258571955,0,1
Set12,08.png,50,l0,17.3113037171801,0,0.197423519705203,0,1
Set12,08.png,50,lgss,15.9431427473,0,0.1731753716,0,1
Set12,08.png,50,original,17.37442337997,0,0.242017189762108,0,1
Set12,08.png,50,tv,12.8346092997,0,0.0866606291,0,1
Set12,09.png,10,adaptive,20.5116662071895,0,0.638163682750353,0,1
Set12,09.png,10,bilateral,30.4701065293093,0,0.877516481682771,0,1
Set12,09.png,10,guided,29.1915121970579,0,0.856729615142791,0,1
Set12,09.png,10,l0,20.6039315250692,0,0.548333576591225,0,1
Set12,09.png,10,lgss,22.4880627281,0,0.6699056907,0,1
Set12,09.png,10,original,17.1278604569153,0,0.450457248876592,0,1
Set12,09.png,10,tv,17.5345449536,0,0.3041324421,0,1
Set12,09.png,20,adaptive,23.7287807418952,0,0.718488668302704,0,1
Set12,09.png,20,bilateral,26.1527523029901,0,0.672597622975717,0,1
Set12,09.png,20,guided,25.9989964258892,0,0.665471368253254,0,1
Set12,09.png,20,l0,20.8691353661636,0,0.57352996059021,0,1
Set12,09.png,20,lgss,23.7221199892,0,0.7158276384,0,1
Set12,09.png,20,original,17.6462068146538,0,0.47877660908347,0,1
Set12,09.png,20,tv,16.9319485701,0,0.2784680559,0,1
Set12,09.png,25,adaptive,22.9267837499301,0,0.586994409767848,0,1
Set12,09.png,25,bilateral,23.8071280014524,0,0.545011718130562,0,1
Set12,09.png,25,guided,23.9335770753386,0,0.546287839755235,0,1
Set12,09.png,25,l0,21.2124397422916,0,0.590019433442313,0,1
Set12,09.png,25,lgss,23.3147646486,0,0.6935508696,0,1
Set12,09.png,25,original,17.9593643322488,0,0.504641781366044,0,1
Set12,09.png,25,tv,16.2698777957,0,0.2549195828,0,1
Set12,09.png,50,adaptive,14.8383337300153,0,0.209193480518443,0,1
Set12,09.png,50,bilateral,16.210724926224,0,0.236716502884528,0,1
Set12,09.png,50,guided,16.6244671720536,0,0.244803139022296,0,1
Set12,09.png,50,l0,16.9637399308679,0,0.276820138665099,0,1
Set12,09.png,50,lgss,15.8968285446,0,0.2744311434,0,1
Set12,09.png,50,original,17.1717996407029,0,0.342891717616279,0,1
Set12,09.png,50,tv,13.0007657013,0,0.1541827833,0,1
Set12,10.png,10,adaptive,22.1907482055589,0,0.595318578938949,0,1
Set12,10.png,10,bilateral,30.9960656978461,0,0.83320165495164,0,1
Set12,10.png,10,guided,29.6758538517761,0,0.812198661006332,0,1
Set12,10.png,10,l0,21.9998017222697,0,0.571525507348252,0,1
Set12,10.png,10,lgss,25.254383059,0,0.6848140483,0,1
Set12,10.png,10,original,19.8797492733996,0,0.494405888042533,0,1
Set12,10.png,10,tv,17.2870060311,0,0.2407448524,0,1
Set12,10.png,20,adaptive,24.5689114895229,0,0.649210308082516,0,1
Set12,10.png,20,bilateral,26.7883874810858,0,0.641129251755885,0,1
Set12,10.png,20,guided,26.4946540935457,0,0.63134878937361,0,1
Set12,10.png,20,l0,22.3878376234542,0,0.582473213528113,0,1
Set12,10.png,20,lgss,25.6198664173,0,0.711365025,0,1
Set12,10.png,20,original,20.1761583496572,0,0.510270600072523,0,1
Set12,10.png,20,tv,16.7961735935,0,0.228534291,0,1
Set12,10.png,25,adaptive,23.4252300724499,0,0.529506469532848,0,1
Set12,10.png,25,bilateral,24.2263803946216,0,0.506421991725861,0,1
Set12,10.png,25,guided,24.2674381553872,0,0.504931186272333,0,1
Set12,10.png,25,l0,22.5910279930229,0,0.588543485968932,0,1
Set12,10.png,25,lgss,24.3262313846,0,0.6638977957,0,1
Set12,10.png,25,original,20.7633765929488,0,0.524961919199234,0,1
Set12,10.png,25,tv,16.1191036083,0,0.2077623186,0,1
Set12,10.png,50,adaptive,14.6870118710139,0,0.168240555203253,0,1
Set12,10.png,50,bilateral,16.1242883256775,0,0.19377970741707,0,1
Set12,10.png,50,guided,16.4876743189327,0,0.199566264471671,0,1
Set12,10.png,50,l0,16.9787258819057,0,0.234898915126464,0,1
Set12,10.png,50,lgss,15.5213261249,0,0.2118631174,0,1
Set12,10.png,50,original,17.0164502527942,0,0.278950069287051,0,1
Set12,10.png,50,tv,12.8054641648,0,0.1216650742,0,1
Set12,11.png,10,adaptive,21.3126622113913,0,0.580087277336697,0,1
Set12,11.png,10,bilateral,31.2829553974117,0,0.84825264868699,0,1
Set12,11.png,10,guided,29.7866557906134,0,0.820339741297953,0,1
Set12,11.png,10,l0,21.3349406435632,0,0.572919676442948,0,1
Set12,11.png,10,lgss,25.4015771475,0,0.6893028162,0,1
Set12,11.png,10,original,17.5532375406991,0,0.462762142344803,0,1
Set12,11.png,10,tv,17.1976633359,0,0.2199964801,0,1
Set12,11.png,20,adaptive,24.455417474537,0,0.647997332656674,0,1
Set12,11.png,20,bilateral,26.9397814185751,0,0.630939435749545,0,1
Set12,11.png,20,guided,26.6247406671666,0,0.618669543153482,0,1
Set12,11.png,20,l0,21.6926984713726,0,0.584182031979407,0,1
Set12,11.png,20,lgss,26.2432592222,0,0.7284388476,0,1
Set12,11.png,20,original,18.4912875398578,0,0.482263495016226,0,1
Set12,11.png,20,tv,16.7477938398,0,0.2055256356,0,1
Set12,11.png,25,adaptive,23.5577733856636,0,0.519727940424277,0,1
Set12,11.png,25,bilateral,24.3186065381592,0,0.490710370366966,0,1
Set12,11.png,25,guided,24.3631580147554,0,0.488124798030479,0,1
Set12,11.png,25,l0,22.1804144801544,0,0.594480388845547,0,1
Set12,11.png,25,lgss,24.7640702927,0,0.6734435292,0,1
Set12,11.png,25,original,19.1318248371214,0,0.499461279726875,0,1
Set12,11.png,25,tv,16.1125220451,0,0.1861330505,0,1
Set12,11.png,50,adaptive,14.7269533577998,0,0.15066302370506,0,1
Set12,11.png,50,bilateral,16.1940534882308,0,0.177236866395041,0,1
Set12,11.png,50,guided,16.5900578909762,0,0.183207468139721,0,1
Set12,11.png,50,l0,17.2399223686941,0,0.224176450925284,0,1
Set12,11.png,50,lgss,15.5647238196,0,0.1954472193,0,1
Set12,11.png,50,original,17.3445653477091,0,0.276278778380816,0,1
Set12,11.png,50,tv,12.8792059314,0,0.1062647995,0,1
Set12,12.png,10,adaptive,22.0294619326957,0,0.558820812224976,0,1
Set12,12.png,10,bilateral,30.544819096384,0,0.83676918850522,0,1
Set12,12.png,10,guided,29.0977537895639,0,0.809491822595406,0,1
Set12,12.png,10,l0,21.3974320007974,0,0.522398540618686,0,1
Set12,12.png,10,lgss,25.2534924617,0,0.6837390141,0,1
Set12,12.png,10,original,18.1864950371892,0,0.427501428010129,0,1
Set12,12.png,10,tv,17.2487585911,0,0.2570429158,0,1
Set12,12.png,20,adaptive,24.4980933420467,0,0.642121313565975,0,1
Set12,12.png,20,bilateral,26.5127190415764,0,0.649614222965837,0,1
Set12,12.png,20,guided,26.2063977062324,0,0.637112452333731,0,1
Set12,12.png,20,l0,21.3974261283399,0,0.536851281707728,0,1
Set12,12.png,20,lgss,25.6050129924,0,0.7118212648,0,1
Set12,12.png,20,original,18.7106250228876,0,0.43886461455179,0,1
Set12,12.png,20,tv,16.7543767752,0,0.2403906128,0,1
Set12,12.png,25,adaptive,23.1867002743221,0,0.530452012096418,0,1
Set12,12.png,25,bilateral,24.0546671412899,0,0.520223188808343,0,1
Set12,12.png,25,guided,24.0905988419154,0,0.516493700337961,0,1
Set12,12.png,25,l0,21.6911628611588,0,0.546437737256496,0,1
Set12,12.png,25,lgss,24.2869814834,0,0.6654946265,0,1
Set12,12.png,25,original,19.118283494764,0,0.453637674883503,0,1
Set12,12.png,25,tv,16.0897999,0,0.2182709504,0,1
Set12,12.png,50,adaptive,14.6327315001582,0,0.177406489104215,0,1
Set12,12.png,50,bilateral,16.0589026811509,0,0.203461771779781,0,1
Set12,12.png,50,guided,16.4132332107585,0,0.208894329759875,0,1
Set12,12.png,50,l0,16.8004196069624,0,0.225935630875773,0,1
Set12,12.png,50,lgss,15.4100397882,0,0.2042171664,0,1
Set12,12.png,50,original,16.8278094879927,0,0.26182999731661,0,1
Set12,12.png,50,tv,12.7474985698,0,0.1255721586,0,1
custom,custom_01.png,10,adaptive,26.1311212192071,0,0.789699342267868,0,1
custom,custom_01.png,10,bilateral,31.9280642425255,0,0.895499299159867,0,1
custom,custom_01.png,10,guided,30.4392432728717,0,0.87740150427868,0,1
custom,custom_01.png,10,l0,24.7122564425549,0,0.768890822511189,0,1
custom,custom_01.png,10,original,22.0444139132377,0,0.706985090555844,0,1
custom,custom_01.png,20,adaptive,26.5002247163325,0,0.785431245611619,0,1
custom,custom_01.png,20,bilateral,27.372697894916,0,0.669722920981046,0,1
custom,custom_01.png,20,guided,26.5428330892768,0,0.653996890912737,0,1
custom,custom_01.png,20,l0,24.6007450696841,0,0.766396164438212,0,1
custom,custom_01.png,20,lgss,27.0308651902,0,0.8427446415,0,1
custom,custom_01.png,20,original,22.9659283994035,0,0.725707211302939,0,1
custom,custom_01.png,20,tv,17.2091975104,0,0.2555572124,0,1
custom,custom_01.png,25,adaptive,24.0378194381081,0,0.612472506018788,0,1
custom,custom_01.png,25,bilateral,24.7103887643102,0,0.528045497623785,0,1
custom,custom_01.png,25,guided,24.3310441067835,0,0.5202651367065,0,1
custom,custom_01.png,25,l0,24.4267420368921,0,0.757817618924493,0,1
custom,custom_01.png,25,lgss,25.527769994,0,0.8164971983,0,1
custom,custom_01.png,25,original,23.5074698452242,0,0.741051197583867,0,1
custom,custom_01.png,25,tv,16.5195500139,0,0.2377641987,0,1
custom,custom_01.png,50,adaptive,15.1215757906042,0,0.208315038417106,0,1
custom,custom_01.png,50,bilateral,16.4431326916777,0,0.226471419159593,0,1
custom,custom_01.png,50,guided,16.7702530746502,0,0.229391168819574,0,1
custom,custom_01.png,50,l0,17.3840852474253,0,0.294826476653641,0,1
custom,custom_01.png,50,lgss,16.4177424818,0,0.3203976911,0,1
custom,custom_01.png,50,original,17.4253300035722,0,0.353139370213585,0,1
custom,custom_01.png,50,tv,13.1691872837,0,0.158058969,0,1
custom,custom_02.png,10,adaptive,22.4655775925354,0,0.726537837851887,0,1
custom,custom_02.png,10,bilateral,30.9676362060136,0,0.919003613140277,0,1
custom,custom_02.png,10,guided,28.9418109151082,0,0.887190419962654,0,1
custom,custom_02.png,10,l0,21.9294849724357,0,0.710609972063975,0,1
custom,custom_02.png,10,lgss,25.1110404255,0,0.8071895547,0,1
custom,custom_02.png,10,original,19.5848066580943,0,0.610687223736606,0,1
custom,custom_02.png,10,tv,17.3865079393,0,0.351362204,0,1
custom,custom_02.png,20,adaptive,24.7507726646373,0,0.785095392761938,0,1
custom,custom_02.png,20,bilateral,26.3671743743601,0,0.720282823636612,0,1
custom,custom_02.png,20,guided,25.1448556993414,0,0.6838734525085,0,1
custom,custom_02.png,20,l0,22.3940466581428,0,0.724271479246174,0,1
custom,custom_02.png,20,lgss,25.0258735502,0,0.8173935532,0,1
custom,custom_02.png,20,original,20.0884557113189,0,0.636143765094524,0,1
custom,custom_02.png,20,tv,16.8820225114,0,0.333993039,0,1
custom,custom_02.png,25,adaptive,23.216321760427,0,0.634721206630869,0,1
custom,custom_02.png,25,bilateral,23.8401094237991,0,0.598214961650806,0,1
custom,custom_02.png,25,guided,23.153041338256,0,0.572763732351619,0,1
custom,custom_02.png,25,l0,22.4378210420709,0,0.729708275398063,0,1
custom,custom_02.png,25,lgss,24.0315115256,0,0.7865787476,0,1
custom,custom_02.png,25,original,20.4075101148271,0,0.65021928552326,0,1
custom,custom_02.png,25,tv,16.2454597267,0,0.3129705805,0,1
custom,custom_02.png,50,adaptive,14.8319516824929,0,0.27252545106718,0,1
custom,custom_02.png,50,bilateral,16.1116197702202,0,0.301343567735927,0,1
custom,custom_02.png,50,guided,16.3693189298487,0,0.301932960725922,0,1
custom,custom_02.png,50,l0,17.1812075798087,0,0.355079985279042,0,1
custom,custom_02.png,50,lgss,15.7884380711,0,0.3097549448,0,1
custom,custom_02.png,50,original,17.3582954850523,0,0.391910977468753,0,1
custom,custom_02.png,50,tv,13.0334999457,0,0.2140007306,0,1
custom,custom_03.png,10,adaptive,20.6666622961982,0,0.664951531151093,0,1
custom,custom_03.png,10,bilateral,32.7184231612403,0,0.874501475349159,0,1
custom,custom_03.png,10,guided,31.3225872944754,0,0.857796286889241,0,1
custom,custom_03.png,10,l0,22.6082681698589,0,0.682660518769389,0,1
custom,custom_03.png,10,lgss,23.5366604934,0,0.7500861158,0,1
custom,custom_03.png,10,original,18.6735899923739,0,0.604328333877601,0,1
custom,custom_03.png,10,tv,17.0980645553,0,0.1766293287,0,1
custom,custom_03.png,20,adaptive,24.4993834425916,0,0.71742295971177,0,1
custom,custom_03.png,20,bilateral,27.4407286245955,0,0.606942191993325,0,1
custom,custom_03.png,20,guided,27.2722662823837,0,0.60291990842448,0,1
custom,custom_03.png,20,l0,23.0297382935931,0,0.692681950438858,0,1
custom,custom_03.png,20,lgss,24.2083866267,0,0.769844609,0,1
custom,custom_03.png,20,original,19.0953053191302,0,0.615838177947912,0,1
custom,custom_03.png,20,tv,16.6905490101,0,0.1667945901,0,1
custom,custom_03.png,25,adaptive,24.0270951105305,0,0.507654076837228,0,1
custom,custom_03.png,25,bilateral,24.5899490608809,0,0.448357409826614,0,1
custom,custom_03.png,25,guided,24.7169850795676,0,0.450468315382481,0,1
custom,custom_03.png,25,l0,23.6466355245072,0,0.697297807218751,0,1
custom,custom_03.png,25,lgss,24.3251001028,0,0.7364092139,0,1
custom,custom_03.png,25,original,19.461299083309,0,0.624602715235855,0,1
custom,custom_03.png,25,tv,16.0622001537,0,0.1513204902,0,1
custom,custom_03.png,50,adaptive,14.6907246223942,0,0.123271909902754,0,1
custom,custom_03.png,50,bilateral,16.1867575746819,0,0.147286118265972,0,1
custom,custom_03.png,50,guided,16.5854237396245,0,0.152849258571955,0,1
custom,custom_03.png,50,l0,17.3113037171801,0,0.197423519705203,0,1
custom,custom_03.png,50,lgss,15.9431427473,0,0.1731753716,0,1
custom,custom_03.png,50,original,17.37442337997,0,0.242017189762108,0,1
custom,custom_03.png,50,tv,12.8346092997,0,0.0866606291,0,1
