dataset,image,sigma,realization,method,psnr,ssim,runtime
BSD68,test001.png,10,1,adaptive,21.6360337035974,0.475918823414627,3.7588563
BSD68,test001.png,10,1,bilateral,28.4804911029148,0.812937208237184,0.5863259
BSD68,test001.png,10,1,guided,27.5870746804116,0.795782142970745,0.0092137
BSD68,test001.png,10,1,l0,20.336213841306,0.377274942846199,2.2050891
BSD68,test001.png,10,1,lgss,24.0980097071,0.5770137607,4.9325299
BSD68,test001.png,10,1,original,18.490928314644,0.290988510909037,4.0129771
BSD68,test001.png,10,1,tv,17.873494933,0.3977735896,1.0749053
BSD68,test002.png,10,1,adaptive,23.4945865576414,0.720712017139802,3.8056586
BSD68,test002.png,10,1,bilateral,31.2829261548387,0.892263251749857,0.5072698
BSD68,test002.png,10,1,guided,30.2486303072499,0.87915101692431,0.0091975
BSD68,test002.png,10,1,l0,22.2656488835221,0.678352418170304,1.8041257
BSD68,test002.png,10,1,lgss,26.531842911,0.8033571264,4.2568453
BSD68,test002.png,10,1,original,19.5160518091444,0.625946787821129,3.6392974
BSD68,test002.png,10,1,tv,17.8224970814,0.2347127108,1.089914
BSD68,test003.png,10,1,adaptive,23.9055021338935,0.739326875543045,5.3631081
BSD68,test003.png,10,1,bilateral,31.7640721549655,0.882897927194336,0.7359963
BSD68,test003.png,10,1,guided,30.5187064964401,0.869176762589248,0.013389
BSD68,test003.png,10,1,l0,21.7188585277018,0.69757074009072,1.8447881
BSD68,test003.png,10,1,lgss,24.1519440208,0.7834555364,4.1887601
BSD68,test003.png,10,1,original,19.7224516765233,0.653273365518736,3.4100271
BSD68,test003.png,10,1,tv,17.3532369332,0.2352170645,1.1627457
BSD68,test004.png,10,1,adaptive,20.5648670307727,0.559570654326139,5.2783948
BSD68,test004.png,10,1,bilateral,31.5850736321002,0.86219090238754,0.9174824
BSD68,test004.png,10,1,guided,30.2399841214648,0.835688412930364,0.0141439
BSD68,test004.png,10,1,l0,20.3791830701584,0.543181714050813,2.2128201
BSD68,test004.png,10,1,lgss,24.134873517,0.660985858,4.8703668
BSD68,test004.png,10,1,original,18.9863985605043,0.508526376867058,4.9417952
BSD68,test004.png,10,1,tv,17.1120115618,0.1886210723,1.0788601
BSD68,test005.png,10,1,adaptive,20.5401037997329,0.544733093550855,4.6602102
BSD68,test005.png,10,1,bilateral,29.4453225986473,0.858086307390419,0.574421
BSD68,test005.png,10,1,guided,28.4478069770547,0.840739760031387,0.0235043
BSD68,test005.png,10,1,l0,19.7421214074495,0.480503196798079,2.5211611
BSD68,test005.png,10,1,lgss,24.2464454395,0.6734281191,4.1769624
BSD68,test005.png,10,1,original,18.0611659411461,0.415601745363446,4.7385826
BSD68,test005.png,10,1,tv,17.9298386897,0.3244780366,1.0931787
BSD68,test006.png,10,1,adaptive,20.2064782071792,0.732704095913323,6.88674
BSD68,test006.png,10,1,bilateral,33.9832768229983,0.90154377404242,0.6199351
BSD68,test006.png,10,1,guided,32.8673945099779,0.891693381006328,0.0099824
BSD68,test006.png,10,1,l0,21.3516734005944,0.735146140666165,3.516806
BSD68,test006.png,10,1,lgss,22.9363254083,0.7811801113,4.2775116
BSD68,test006.png,10,1,original,18.9216777329552,0.707804283313428,5.2382744
BSD68,test006.png,10,1,tv,17.5648376414,0.1377395111,1.0698269
BSD68,test007.png,10,1,adaptive,21.1181610199759,0.493635036857866,4.6320569
BSD68,test007.png,10,1,bilateral,29.6785049649454,0.844900213273166,0.5433059
BSD68,test007.png,10,1,guided,28.2371845782677,0.815462380857781,0.0105975
BSD68,test007.png,10,1,l0,20.4367996192084,0.443894915401764,2.2490182
BSD68,test007.png,10,1,lgss,24.7144776129,0.6571878894,4.3190376
BSD68,test007.png,10,1,original,19.3155892532932,0.392967838282321,4.1612635
BSD68,test007.png,10,1,tv,17.3606526488,0.3190399121,1.1119121
BSD68,test008.png,10,1,adaptive,22.4347696293122,0.517987552889994,4.6065087
BSD68,test008.png,10,1,bilateral,28.629643474501,0.824410129969993,0.5446553
BSD68,test008.png,10,1,guided,27.7050148635259,0.804859853172175,0.0092711
BSD68,test008.png,10,1,l0,20.0589311672407,0.415910428639189,2.1972742
BSD68,test008.png,10,1,lgss,25.0207678678,0.6387093431,4.4211717
BSD68,test008.png,10,1,original,19.5929219764869,0.375216441177762,4.2617499
BSD68,test008.png,10,1,tv,17.7318486562,0.3897588246,1.7558907
BSD68,test009.png,10,1,adaptive,20.8758638770081,0.544982324247997,7.1070309
BSD68,test009.png,10,1,bilateral,30.4135397789045,0.859014483876406,0.5919606
BSD68,test009.png,10,1,guided,29.1891938846085,0.837089699903691,0.0123902
BSD68,test009.png,10,1,l0,20.1738534548867,0.505089010346516,4.2250727
BSD68,test009.png,10,1,lgss,24.2822310323,0.6655788032,7.9415528
BSD68,test009.png,10,1,original,19.246758236725,0.473629052546705,7.0636164
BSD68,test009.png,10,1,tv,17.6572526592,0.2721535406,4.491943
BSD68,test010.png,10,1,adaptive,21.0297757683299,0.580886234391387,11.8181045
BSD68,test010.png,10,1,bilateral,31.1831013906471,0.851352066967731,1.8048967
BSD68,test010.png,10,1,guided,29.9011775570822,0.829273525308763,0.0182707
BSD68,test010.png,10,1,l0,19.8189024421373,0.552212473502555,3.7884522
BSD68,test010.png,10,1,lgss,24.7657169823,0.6886148582,4.4608494
BSD68,test010.png,10,1,original,19.1872474597846,0.514845521497473,8.9971775
BSD68,test010.png,10,1,tv,17.1685180948,0.2049494661,1.2009875
BSD68,test011.png,10,1,adaptive,22.7258715338195,0.622136073599636,8.6153385
BSD68,test011.png,10,1,bilateral,29.7962946357521,0.884542760326574,0.8105956
BSD68,test011.png,10,1,guided,28.224184174816,0.850132809738274,0.0168154
BSD68,test011.png,10,1,l0,21.1642855781567,0.54475097227574,3.6534275
BSD68,test011.png,10,1,lgss,25.1999699178,0.7366181706,4.6913732
BSD68,test011.png,10,1,original,19.2568723290093,0.472937124978408,7.4861982
BSD68,test011.png,10,1,tv,17.9209554733,0.391444148,1.0652529
BSD68,test012.png,10,1,adaptive,21.4718725393841,0.46842853293848,7.5341445
BSD68,test012.png,10,1,bilateral,29.5831307054216,0.821668206419811,0.8247404
BSD68,test012.png,10,1,guided,28.1841541074196,0.790689381072871,0.0181451
BSD68,test012.png,10,1,l0,20.5301848032705,0.416432180190581,4.4471892
BSD68,test012.png,10,1,lgss,25.5077509713,0.654785691,5.7172116
BSD68,test012.png,10,1,original,19.161126956275,0.352911856627041,7.4017526
BSD68,test012.png,10,1,tv,17.1993058892,0.2821042307,1.1100097
BSD68,test013.png,10,1,adaptive,19.5731361841329,0.478341375478224,7.7097759
BSD68,test013.png,10,1,bilateral,30.6360196142068,0.841193021313892,0.7024994
BSD68,test013.png,10,1,guided,29.4476324919037,0.815131867371362,0.0167657
BSD68,test013.png,10,1,l0,20.4397920071258,0.486623473069529,4.3317631
BSD68,test013.png,10,1,lgss,23.5597605198,0.6082519264,4.1744326
BSD68,test013.png,10,1,original,17.3292139191362,0.434005706499596,6.7849582
BSD68,test013.png,10,1,tv,17.1077049252,0.2119326707,1.061438
BSD68,test014.png,10,1,adaptive,21.9099023047104,0.68280065328781,6.8742246
BSD68,test014.png,10,1,bilateral,32.181532317756,0.874796553700567,0.7190011
BSD68,test014.png,10,1,guided,30.79440939956,0.857357236538975,0.016875
BSD68,test014.png,10,1,l0,21.7884899126566,0.665839834378151,3.0884825
BSD68,test014.png,10,1,lgss,27.1759034038,0.8006322862,4.1882107
BSD68,test014.png,10,1,original,19.9031461949888,0.62933677820382,6.3911883
BSD68,test014.png,10,1,tv,17.270597799,0.1964343707,1.1219884
BSD68,test015.png,10,1,adaptive,22.0844860061556,0.584575488224912,7.0407899
BSD68,test015.png,10,1,bilateral,29.3630545812966,0.836727837181932,0.6821074
BSD68,test015.png,10,1,guided,28.4142606815926,0.821704476264526,0.0118165
BSD68,test015.png,10,1,l0,20.1936251810731,0.480838819888132,3.6263767
BSD68,test015.png,10,1,lgss,24.2568966287,0.6789128489,4.1472938
BSD68,test015.png,10,1,original,18.5951845008941,0.418856775438287,6.1411478
BSD68,test015.png,10,1,tv,17.6321071425,0.3317387021,1.0490666
BSD68,test016.png,10,1,adaptive,22.8913604660569,0.671087169894783,11.3908426
BSD68,test016.png,10,1,bilateral,29.4732689952449,0.883413746716083,0.8047549
BSD68,test016.png,10,1,guided,27.7842362581795,0.85526313223834,0.0139011
BSD68,test016.png,10,1,l0,20.8788346303184,0.585308838906086,3.5334424
BSD68,test016.png,10,1,lgss,25.0984573016,0.7428341954,4.1509706
BSD68,test016.png,10,1,original,18.4768212920637,0.45626911466397,6.1867949
BSD68,test016.png,10,1,tv,17.5852380723,0.4279147548,1.0772626
BSD68,test017.png,10,1,adaptive,21.8308201987453,0.64418749693475,6.6664496
BSD68,test017.png,10,1,bilateral,34.1678025781505,0.880922823066787,0.7885175
BSD68,test017.png,10,1,guided,32.8726545591974,0.863687236119613,0.0176635
BSD68,test017.png,10,1,l0,21.3736339591707,0.660863570407644,3.2564537
BSD68,test017.png,10,1,lgss,26.6080331988,0.7478594731,4.4027167
BSD68,test017.png,10,1,original,19.389480453579,0.596533472373754,6.9122352
BSD68,test017.png,10,1,tv,17.6842525742,0.1222643518,1.0651556
BSD68,test018.png,10,1,adaptive,22.5818486664882,0.74273388604473,7.4644915
BSD68,test018.png,10,1,bilateral,34.0028181111433,0.894939682479827,0.821929
BSD68,test018.png,10,1,guided,32.7816285634752,0.882317469322524,0.0172894
BSD68,test018.png,10,1,l0,23.1228419518282,0.73820462996812,3.3296046
BSD68,test018.png,10,1,lgss,26.1841567062,0.8096444226,4.3052738
BSD68,test018.png,10,1,original,19.4162619345293,0.681862091942265,7.5494074
BSD68,test018.png,10,1,tv,17.2015272542,0.1271187539,1.0885509
BSD68,test019.png,10,1,adaptive,23.1862128278214,0.661929409559281,7.5796851
BSD68,test019.png,10,1,bilateral,30.389630552775,0.857883062605152,0.8363423
BSD68,test019.png,10,1,guided,29.5166012241969,0.840079727321834,0.0186932
BSD68,test019.png,10,1,l0,21.8511117673206,0.594338943267459,5.5487282
BSD68,test019.png,10,1,lgss,25.7572630038,0.7221189703,4.2205704
BSD68,test019.png,10,1,original,19.7681961561392,0.529026534888161,6.7314118
BSD68,test019.png,10,1,tv,17.8061053179,0.2975549179,1.4366432
BSD68,test020.png,10,1,adaptive,24.0324892554989,0.753728319914164,6.9024809
BSD68,test020.png,10,1,bilateral,31.6625918834246,0.884301731139851,0.7192695
BSD68,test020.png,10,1,guided,30.5974307318403,0.871841129170586,0.0115784
BSD68,test020.png,10,1,l0,22.0279248692707,0.703302513439252,3.4030206
BSD68,test020.png,10,1,lgss,25.6614332802,0.7962803481,4.1211347
BSD68,test020.png,10,1,original,19.0331727956895,0.642184528183704,6.6997016
BSD68,test020.png,10,1,tv,17.7231549627,0.2490750262,1.0641904
BSD68,test021.png,10,1,adaptive,23.845201210657,0.76100537594883,6.4426391
BSD68,test021.png,10,1,bilateral,29.1544432636382,0.909896972273401,0.7544874
BSD68,test021.png,10,1,guided,27.639525937479,0.883783684705943,0.0118291
BSD68,test021.png,10,1,l0,21.0246272074427,0.639702912493494,3.3676708
BSD68,test021.png,10,1,lgss,25.1740378755,0.7864718205,4.2680052
BSD68,test021.png,10,1,original,19.28258680041,0.534391391069131,6.9942895
BSD68,test021.png,10,1,tv,18.4048731264,0.4963376435,1.5397895
BSD68,test022.png,10,1,adaptive,22.3863389997741,0.569572461719064,5.7595083
BSD68,test022.png,10,1,bilateral,28.6809373878724,0.851203930877458,0.6218602
BSD68,test022.png,10,1,guided,27.3872533021022,0.829038539907081,0.0115945
BSD68,test022.png,10,1,l0,20.4999077547567,0.448171621141869,2.5884602
BSD68,test022.png,10,1,lgss,24.7245403384,0.6750453793,4.1518747
BSD68,test022.png,10,1,original,18.1240052235111,0.322640722846058,5.033975
BSD68,test022.png,10,1,tv,17.7616532879,0.4261965803,1.1415779
BSD68,test023.png,10,1,adaptive,21.8036992379609,0.617318771773595,7.2903054
BSD68,test023.png,10,1,bilateral,30.5543693362226,0.871680334812388,0.7960467
BSD68,test023.png,10,1,guided,29.0030852518571,0.843068192008903,0.0171695
BSD68,test023.png,10,1,l0,21.2986817857785,0.583300672258689,3.4492931
BSD68,test023.png,10,1,lgss,24.318712173,0.7095490054,4.1990905
BSD68,test023.png,10,1,original,18.6073669303817,0.478233667002738,6.5470986
BSD68,test023.png,10,1,tv,17.4716394848,0.2939653106,1.0765383
BSD68,test024.png,10,1,adaptive,20.8074105021965,0.557442068576955,5.0075934
BSD68,test024.png,10,1,bilateral,30.4449249343361,0.884182336557112,0.5850499
BSD68,test024.png,10,1,guided,28.9957456877435,0.859894872360667,0.013304
BSD68,test024.png,10,1,l0,20.7329060728002,0.528450866302653,2.4980431
BSD68,test024.png,10,1,lgss,23.4980636214,0.6788751386,4.1143649
BSD68,test024.png,10,1,original,18.7564648896208,0.435524536144794,4.6557999
BSD68,test024.png,10,1,tv,17.8806492278,0.3109376752,1.0799363
BSD68,test025.png,10,1,adaptive,22.4621262408241,0.777136487168807,6.83556
BSD68,test025.png,10,1,bilateral,31.2990777901777,0.920430750882546,0.9278008
BSD68,test025.png,10,1,guided,30.0307088342065,0.910996677693883,0.0177467
BSD68,test025.png,10,1,l0,21.4915396345687,0.71590112868411,3.3168704
BSD68,test025.png,10,1,lgss,24.2060607069,0.8468299269,4.2218665
BSD68,test025.png,10,1,original,18.9170966559117,0.634442407743914,8.3446239
BSD68,test025.png,10,1,tv,17.3556279262,0.2661312203,1.0771038
BSD68,test026.png,10,1,adaptive,21.2007574081976,0.538416118402147,7.4559408
BSD68,test026.png,10,1,bilateral,30.1393753646843,0.838749686247868,0.5970066
BSD68,test026.png,10,1,guided,28.9325321440473,0.816722503701761,0.0123754
BSD68,test026.png,10,1,l0,21.3600910352535,0.515883148763598,2.6432813
BSD68,test026.png,10,1,lgss,24.5019987019,0.6508808748,4.20583
BSD68,test026.png,10,1,original,18.038365253956,0.416793614465481,6.3082872
BSD68,test026.png,10,1,tv,17.4114053862,0.2810646259,1.0596091
BSD68,test027.png,10,1,adaptive,19.9973192997945,0.539851463026287,4.9983565
BSD68,test027.png,10,1,bilateral,31.1543845935967,0.850249886637395,0.5673993
BSD68,test027.png,10,1,guided,29.9874695072445,0.829888291738998,0.0100172
BSD68,test027.png,10,1,l0,20.4778429481621,0.524471765663431,2.6031365
BSD68,test027.png,10,1,lgss,24.608540659,0.6913597319,4.2566023
BSD68,test027.png,10,1,original,18.892260920426,0.484294768624269,4.6464575
BSD68,test027.png,10,1,tv,17.1435556014,0.2000813566,1.0769389
BSD68,test028.png,10,1,adaptive,27.9905591242599,0.807647309583655,5.399682
BSD68,test028.png,10,1,bilateral,33.776420181526,0.905785746385083,0.544375
BSD68,test028.png,10,1,guided,32.5725571822512,0.890491403848194,0.0096076
BSD68,test028.png,10,1,l0,27.4650329076403,0.794007492470225,3.1083615
BSD68,test028.png,10,1,lgss,30.383104355,0.8629941518,4.2765241
BSD68,test028.png,10,1,original,26.7528960849587,0.78495140004028,5.6768965
BSD68,test028.png,10,1,tv,19.2269882612,0.1736108411,1.0459351
BSD68,test029.png,10,1,adaptive,24.6900369076612,0.759761673445361,6.7638117
BSD68,test029.png,10,1,bilateral,27.9550993339764,0.899334251394201,0.734876
BSD68,test029.png,10,1,guided,27.1959339907869,0.889416516148887,0.017949
BSD68,test029.png,10,1,l0,20.0090350943579,0.562350891915182,3.1749045
BSD68,test029.png,10,1,lgss,24.6432727182,0.7486247928,4.2830899
BSD68,test029.png,10,1,original,19.4433159720082,0.510630765640512,7.4363182
BSD68,test029.png,10,1,tv,18.5870351163,0.5711990582,1.0700567
BSD68,test030.png,10,1,adaptive,21.8259572492217,0.545737386762995,5.0031536
BSD68,test030.png,10,1,bilateral,31.0881955816673,0.833301709499409,0.552665
BSD68,test030.png,10,1,guided,29.828693793433,0.804687564295458,0.0094973
BSD68,test030.png,10,1,l0,20.8011314256923,0.525337406216782,2.4400841
BSD68,test030.png,10,1,lgss,25.3115344946,0.6372721776,4.176555
BSD68,test030.png,10,1,original,19.9516453601472,0.48854288681663,4.6184031
BSD68,test030.png,10,1,tv,17.1291142973,0.1964748838,1.0783582
BSD68,test031.png,10,1,adaptive,23.5009907194901,0.707605059389664,4.8986339
BSD68,test031.png,10,1,bilateral,27.3959362895868,0.885121404461818,0.5728971
BSD68,test031.png,10,1,guided,26.3392537789571,0.866585952969555,0.0237555
BSD68,test031.png,10,1,l0,18.6370823022822,0.329968988080429,2.3638454
BSD68,test031.png,10,1,lgss,24.7881348535,0.7617312953,4.044413
BSD68,test031.png,10,1,original,17.2486855639129,0.212005719869935,4.3093796
BSD68,test031.png,10,1,tv,18.3691056426,0.5947958563,1.0479232
BSD68,test032.png,10,1,adaptive,20.6467418132687,0.449821578012751,5.5197804
BSD68,test032.png,10,1,bilateral,28.3273440463607,0.856556710727141,0.5391342
BSD68,test032.png,10,1,guided,27.0508106327811,0.83319000279163,0.0260424
BSD68,test032.png,10,1,l0,19.4756543715751,0.335333830307428,2.2676876
BSD68,test032.png,10,1,lgss,24.7414609917,0.6797394149,4.1527956
BSD68,test032.png,10,1,original,17.4167001577925,0.214841273270483,4.7312143
BSD68,test032.png,10,1,tv,17.4087745498,0.411547844,1.0516683
BSD68,test033.png,10,1,adaptive,24.0216950890187,0.794986685746378,4.5746
BSD68,test033.png,10,1,bilateral,30.5156526971697,0.916652392046593,0.5270626
BSD68,test033.png,10,1,guided,29.1150884730294,0.902387656936996,0.0117228
BSD68,test033.png,10,1,l0,21.8447317217001,0.709209916510423,2.2303155
BSD68,test033.png,10,1,lgss,26.2022353712,0.8482378863,4.1655547
BSD68,test033.png,10,1,original,18.8042157659058,0.572286145895419,4.2010387
BSD68,test033.png,10,1,tv,17.7178474436,0.3372017319,1.0458182
BSD68,test034.png,10,1,adaptive,21.2028570525834,0.709758097180384,4.4374163
BSD68,test034.png,10,1,bilateral,33.8655421562367,0.874052130077147,0.500024
BSD68,test034.png,10,1,guided,32.7453306868924,0.861401286877808,0.009109
BSD68,test034.png,10,1,l0,22.6559254744339,0.72154764886153,2.4014408
BSD68,test034.png,10,1,lgss,24.9363175733,0.7688558893,4.0536884
BSD68,test034.png,10,1,original,18.9063414530908,0.65090788205462,4.5107356
BSD68,test034.png,10,1,tv,17.419755059,0.1465570604,1.0717393
BSD68,test035.png,10,1,adaptive,21.1903714631319,0.556922783752785,4.6458655
BSD68,test035.png,10,1,bilateral,30.1507415618591,0.852133108080849,0.5294827
BSD68,test035.png,10,1,guided,28.886199926953,0.828012512154064,0.011035
BSD68,test035.png,10,1,l0,21.4293661217616,0.539552761991988,2.2957404
BSD68,test035.png,10,1,lgss,24.9303850618,0.6853770855,4.9506073
BSD68,test035.png,10,1,original,18.6769286589232,0.444833852289666,4.1869343
BSD68,test035.png,10,1,tv,17.4613425744,0.2903476288,1.0566858
BSD68,test036.png,10,1,adaptive,25.9116710389185,0.401914658856094,4.4122293
BSD68,test036.png,10,1,bilateral,29.3906045468038,0.690862967943757,0.5232851
BSD68,test036.png,10,1,guided,29.0882612927334,0.681870985634104,0.0100261
BSD68,test036.png,10,1,l0,25.078383706813,0.379687974143605,2.2334355
BSD68,test036.png,10,1,lgss,27.0295551343,0.4758680383,4.1263163
BSD68,test036.png,10,1,original,23.8148083930053,0.358083924618529,4.1278731
BSD68,test036.png,10,1,tv,17.261087545,0.2294335582,1.0913817
BSD68,test037.png,10,1,adaptive,22.6286644451723,0.568389992853938,4.5941296
BSD68,test037.png,10,1,bilateral,30.4467437546013,0.833784466008097,0.5270689
BSD68,test037.png,10,1,guided,29.5816871267667,0.818002297882065,0.0120308
BSD68,test037.png,10,1,l0,21.882295444177,0.550767490171348,2.2108693
BSD68,test037.png,10,1,lgss,25.3600232675,0.6719670086,4.0830314
BSD68,test037.png,10,1,original,18.8918806278356,0.47150302257269,4.4753969
BSD68,test037.png,10,1,tv,17.4539432575,0.2437639892,1.0633631
BSD68,test038.png,10,1,adaptive,22.0957084599328,0.511732216862219,5.5124457
BSD68,test038.png,10,1,bilateral,30.2584255941006,0.82249444329483,0.6117189
BSD68,test038.png,10,1,guided,29.154857114856,0.794173217775544,0.0114081
BSD68,test038.png,10,1,l0,20.7905287486376,0.471893225735671,2.5362405
BSD68,test038.png,10,1,lgss,25.3420962916,0.6429787739,4.1268858
BSD68,test038.png,10,1,original,18.7190563971343,0.413382445343779,4.4248495
BSD68,test038.png,10,1,tv,17.3365276946,0.2402568069,1.0811829
BSD68,test039.png,10,1,adaptive,22.7602793301967,0.73261276713982,5.8499074
BSD68,test039.png,10,1,bilateral,33.2613097720856,0.902765580432068,0.7527424
BSD68,test039.png,10,1,guided,31.1944506235263,0.869759579022371,0.0168162
BSD68,test039.png,10,1,l0,23.1608184764643,0.722500238697383,3.8715812
BSD68,test039.png,10,1,lgss,26.2145126379,0.8082773676,4.2274636
BSD68,test039.png,10,1,original,19.1982467982552,0.642234331672389,4.5353388
BSD68,test039.png,10,1,tv,17.1316165552,0.1824137107,1.0899256
BSD68,test040.png,10,1,adaptive,22.784647691837,0.608439537775194,7.9151461
BSD68,test040.png,10,1,bilateral,30.8667996885618,0.830977480064553,0.6522759
BSD68,test040.png,10,1,guided,29.3976555175249,0.809198786628853,0.0126962
BSD68,test040.png,10,1,l0,22.3751037028442,0.597739871814482,3.5622469
BSD68,test040.png,10,1,lgss,26.3011029236,0.6992352726,3.7334498
BSD68,test040.png,10,1,original,19.9397512262351,0.506501051968661,11.5586235
BSD68,test040.png,10,1,tv,17.4044497188,0.2784997098,0.9668927
BSD68,test041.png,10,1,adaptive,22.260445869089,0.602325733496307,6.2108603
BSD68,test041.png,10,1,bilateral,30.0027756589682,0.866971536063629,0.6251772
BSD68,test041.png,10,1,guided,28.685491242097,0.845013792975219,0.0135008
BSD68,test041.png,10,1,l0,20.9856192811113,0.547555941199666,3.1033836
BSD68,test041.png,10,1,lgss,25.1927413955,0.704840472,3.7360507
BSD68,test041.png,10,1,original,18.2855543868248,0.422677246273593,7.7459518
BSD68,test041.png,10,1,tv,17.9877849916,0.334460363,0.997268
BSD68,test042.png,10,1,adaptive,24.6622936024753,0.698974073164815,5.2121285
BSD68,test042.png,10,1,bilateral,31.4739315447166,0.84817282911404,0.5690056
BSD68,test042.png,10,1,guided,30.2391667024472,0.834058884624326,0.0125193
BSD68,test042.png,10,1,l0,22.8558835638467,0.665709135870947,2.4997828
BSD68,test042.png,10,1,lgss,25.4873874235,0.7335118616,3.8798632
BSD68,test042.png,10,1,original,19.3293702573398,0.581867325197178,5.2726392
BSD68,test042.png,10,1,tv,17.3832460114,0.2437655825,0.9758586
BSD68,test043.png,10,1,adaptive,22.315020290084,0.68026440849483,6.0415071
BSD68,test043.png,10,1,bilateral,31.4581155141484,0.896062474127432,0.959382
BSD68,test043.png,10,1,guided,29.7789116406918,0.871934501450223,0.0170499
BSD68,test043.png,10,1,l0,21.1706115716639,0.65771222138665,3.1187656
BSD68,test043.png,10,1,lgss,24.4732643699,0.7393853247,3.776176
BSD68,test043.png,10,1,original,20.2950718532916,0.607469765418299,5.0573019
BSD68,test043.png,10,1,tv,17.5194870419,0.2782717188,0.969184
BSD68,test044.png,10,1,adaptive,23.0245419535179,0.642937416273409,8.0112113
BSD68,test044.png,10,1,bilateral,29.3286248449325,0.8781837668354,0.7069666
BSD68,test044.png,10,1,guided,27.9855247436372,0.852523756546698,0.0131164
BSD68,test044.png,10,1,l0,20.8289938879021,0.48058108563279,2.7218725
BSD68,test044.png,10,1,lgss,25.4962698949,0.7595715757,3.7122304
BSD68,test044.png,10,1,original,19.1188771179386,0.402914045212417,8.4008513
BSD68,test044.png,10,1,tv,17.7486456566,0.3598028832,0.9800863
BSD68,test045.png,10,1,adaptive,20.6131440387291,0.707005936978744,7.2188708
BSD68,test045.png,10,1,bilateral,33.6228726547134,0.861828522551795,0.5297079
BSD68,test045.png,10,1,guided,32.6125004443679,0.847289895694379,0.0090145
BSD68,test045.png,10,1,l0,19.8568835335135,0.698068528588257,2.2487816
BSD68,test045.png,10,1,lgss,27.2871491612,0.7811885929,3.8150387
BSD68,test045.png,10,1,original,20.6269890382005,0.686097338498387,6.552619
BSD68,test045.png,10,1,tv,17.0146712446,0.113932359,0.9850865
BSD68,test046.png,10,1,adaptive,23.1336739220774,0.592444981857485,4.8936588
BSD68,test046.png,10,1,bilateral,28.7069981138352,0.845222478470425,0.5596538
BSD68,test046.png,10,1,guided,27.5444252336517,0.826247657830633,0.0091318
BSD68,test046.png,10,1,l0,20.9004319481459,0.487942587787799,2.2038221
BSD68,test046.png,10,1,lgss,25.0210933342,0.6743037817,3.6497578
BSD68,test046.png,10,1,original,19.2597929417306,0.401279531965999,4.1294475
BSD68,test046.png,10,1,tv,17.8058740396,0.4285851731,0.9721811
BSD68,test047.png,10,1,adaptive,21.0743415189191,0.450200143565684,4.5823718
BSD68,test047.png,10,1,bilateral,28.5670878364948,0.833928528811883,0.5625048
BSD68,test047.png,10,1,guided,27.4778513247978,0.808683920767446,0.0082797
BSD68,test047.png,10,1,l0,19.5815159146162,0.341221059238006,2.2347735
BSD68,test047.png,10,1,lgss,24.1375694488,0.6035574488,3.743029
BSD68,test047.png,10,1,original,18.1476205825758,0.26261375066982,4.4073846
BSD68,test047.png,10,1,tv,17.4465167706,0.3701820465,1.0390992
BSD68,test048.png,10,1,adaptive,22.6812278856388,0.736592957906497,6.0455285
BSD68,test048.png,10,1,bilateral,30.8333774361623,0.914784837748787,0.6660113
BSD68,test048.png,10,1,guided,29.0249343010408,0.891702743890672,0.0120236
BSD68,test048.png,10,1,l0,21.8757536299714,0.698340622680089,2.948002
BSD68,test048.png,10,1,lgss,24.8452536925,0.8013122915,3.6740822
BSD68,test048.png,10,1,original,19.7372185446834,0.620600497896771,5.4841791
BSD68,test048.png,10,1,tv,17.8355185815,0.3466903543,0.9781093
BSD68,test049.png,10,1,adaptive,21.2540374231214,0.688940271325137,4.8567273
BSD68,test049.png,10,1,bilateral,33.0212076541883,0.85775353228105,0.5263398
BSD68,test049.png,10,1,guided,31.9324688729662,0.843640978245601,0.009571
BSD68,test049.png,10,1,l0,22.5243627388615,0.699146179340427,2.1603418
BSD68,test049.png,10,1,lgss,26.2933073844,0.7601035495,3.7947085
BSD68,test049.png,10,1,original,19.2177706253517,0.64921608066522,4.2773519
BSD68,test049.png,10,1,tv,17.4374916361,0.1516360882,0.9675109
BSD68,test050.png,10,1,adaptive,21.5157906206347,0.545345997764817,4.5048854
BSD68,test050.png,10,1,bilateral,28.926534328503,0.834306546116086,0.5465072
BSD68,test050.png,10,1,guided,27.9589778636152,0.817258083075556,0.0090307
BSD68,test050.png,10,1,l0,20.3240935924204,0.451004783164336,2.2296441
BSD68,test050.png,10,1,lgss,24.0672382099,0.6448795016,3.7919429
BSD68,test050.png,10,1,original,17.7322806244455,0.347153601499148,5.2216968
BSD68,test050.png,10,1,tv,17.7509325824,0.3670784823,0.9500739
BSD68,test051.png,10,1,adaptive,22.631764226647,0.651433169070147,4.4834154
BSD68,test051.png,10,1,bilateral,30.2041796002531,0.8600078262785,0.5288733
BSD68,test051.png,10,1,guided,28.8068911886132,0.840885637777752,0.0088025
BSD68,test051.png,10,1,l0,20.7294576203594,0.589317733810378,2.2121414
BSD68,test051.png,10,1,lgss,24.7566445232,0.702137434,3.6706209
BSD68,test051.png,10,1,original,20.9333638064797,0.572077460600029,4.0924178
BSD68,test051.png,10,1,tv,17.5808144244,0.3506616089,0.9635194
BSD68,test052.png,10,1,adaptive,22.1758230512431,0.717199359817434,6.370844
BSD68,test052.png,10,1,bilateral,33.0774598586354,0.863018793612391,0.6634197
BSD68,test052.png,10,1,guided,31.9843110636069,0.850067462910436,0.0101162
BSD68,test052.png,10,1,l0,23.6479556897516,0.699158140125286,3.0826128
BSD68,test052.png,10,1,lgss,27.1160552844,0.7713484696,3.7949019
BSD68,test052.png,10,1,original,19.6388162291523,0.666759006436343,6.0063682
BSD68,test052.png,10,1,tv,17.6763191141,0.1496256496,0.9680325
BSD68,test053.png,10,1,adaptive,22.5147492368567,0.609010841407574,11.183224
BSD68,test053.png,10,1,bilateral,32.3827514797953,0.812991679225614,2.4256347
BSD68,test053.png,10,1,guided,31.629661568987,0.797580715683082,0.0515237
BSD68,test053.png,10,1,l0,22.4923894795648,0.612634953409299,5.3148244
BSD68,test053.png,10,1,lgss,26.4028786225,0.6715464101,3.7168234
BSD68,test053.png,10,1,original,21.0111552530756,0.59574360391372,6.0785273
BSD68,test053.png,10,1,tv,17.0606546421,0.1306664629,0.95019
BSD68,test054.png,10,1,adaptive,21.5201231100575,0.579469180989256,8.6680282
BSD68,test054.png,10,1,bilateral,30.4000836551967,0.853178627880048,0.7716786
BSD68,test054.png,10,1,guided,28.7578164477395,0.824634629697249,0.0188485
BSD68,test054.png,10,1,l0,21.7583381621029,0.560111268216579,3.108464
BSD68,test054.png,10,1,lgss,25.1449336657,0.7026931908,3.7237992
BSD68,test054.png,10,1,original,17.4002834879915,0.422394288087705,8.722226
BSD68,test054.png,10,1,tv,17.3804184769,0.2962257722,0.9763267
BSD68,test055.png,10,1,adaptive,22.699181105703,0.558883721300649,17.1043905
BSD68,test055.png,10,1,bilateral,29.4433266914014,0.838211153240699,1.6207453
BSD68,test055.png,10,1,guided,28.182763293849,0.813375428402852,0.0369409
BSD68,test055.png,10,1,l0,21.374964270269,0.496852965608732,5.2344426
BSD68,test055.png,10,1,lgss,25.1654133579,0.668302666,3.6771522
BSD68,test055.png,10,1,original,19.8575526734593,0.42654078790088,11.8766333
BSD68,test055.png,10,1,tv,17.4975608766,0.346180435,0.9800722
BSD68,test056.png,10,1,adaptive,22.4665821310104,0.619317495175752,8.0390762
BSD68,test056.png,10,1,bilateral,27.3070528210571,0.87100780410718,1.2134573
BSD68,test056.png,10,1,guided,26.4842205470648,0.856333592892474,0.0190954
BSD68,test056.png,10,1,l0,18.9764421343215,0.336159758068748,4.1666479
BSD68,test056.png,10,1,lgss,24.0906620864,0.6956877102,3.7373051
BSD68,test056.png,10,1,original,17.7072551138657,0.237148056031767,7.3444468
BSD68,test056.png,10,1,tv,18.2795446107,0.5674747643,1.0345608
BSD68,test057.png,10,1,adaptive,22.0932156024373,0.598410329934673,5.2775192
BSD68,test057.png,10,1,bilateral,30.2758242786553,0.863517783818079,0.5307669
BSD68,test057.png,10,1,guided,29.2872380707294,0.84533266666142,0.0094101
BSD68,test057.png,10,1,l0,21.2702685925026,0.540060412873639,2.2636601
BSD68,test057.png,10,1,lgss,26.0467595696,0.7583324941,3.7408798
BSD68,test057.png,10,1,original,19.1177468689024,0.495987648001029,4.3861562
BSD68,test057.png,10,1,tv,17.3921499026,0.2499945564,0.9828588
BSD68,test058.png,10,1,adaptive,20.7518752063957,0.621952780386836,9.0671426
BSD68,test058.png,10,1,bilateral,32.3689566642158,0.826693495060375,0.8649086
BSD68,test058.png,10,1,guided,31.7087859899702,0.815535033481073,0.0149567
BSD68,test058.png,10,1,l0,21.6047464745729,0.629213303839914,3.6512552
BSD68,test058.png,10,1,lgss,25.5782193871,0.69099287,3.6958207
BSD68,test058.png,10,1,original,19.9601798990156,0.610833899707074,6.9111084
BSD68,test058.png,10,1,tv,17.0637965889,0.1353612577,0.9647648
BSD68,test059.png,10,1,adaptive,23.1691741273284,0.6247297591298,6.1474614
BSD68,test059.png,10,1,bilateral,32.1064390921803,0.830413761483794,0.6127806
BSD68,test059.png,10,1,guided,31.0035555912028,0.812066420135996,0.0116154
BSD68,test059.png,10,1,l0,22.5404940230119,0.625129048205676,2.4994874
BSD68,test059.png,10,1,lgss,26.1909492112,0.6925663117,3.6946172
BSD68,test059.png,10,1,original,17.7468132090846,0.539122435475123,6.8530174
BSD68,test059.png,10,1,tv,17.1943496672,0.1724880369,0.9675085
BSD68,test060.png,10,1,adaptive,23.347628223476,0.659058613624118,7.1137427
BSD68,test060.png,10,1,bilateral,32.4960534994389,0.840481514257074,0.8201236
BSD68,test060.png,10,1,guided,31.5061792054725,0.824870859425494,0.0151701
BSD68,test060.png,10,1,l0,22.0991277803257,0.643028741938744,2.8097039
BSD68,test060.png,10,1,lgss,27.6375571345,0.747571956,3.8196696
BSD68,test060.png,10,1,original,22.1434782793896,0.628085551920436,6.4183993
BSD68,test060.png,10,1,tv,17.0883397379,0.1425978767,0.9618591
BSD68,test061.png,10,1,adaptive,24.1470593482931,0.688875202992713,7.8170768
BSD68,test061.png,10,1,bilateral,32.0872691410808,0.842694707400068,0.6334009
BSD68,test061.png,10,1,guided,31.0346243271898,0.826575670861918,0.0119321
BSD68,test061.png,10,1,l0,22.2945024232467,0.659868728682696,3.1607761
BSD68,test061.png,10,1,lgss,26.677513402,0.7516454017,3.782883
BSD68,test061.png,10,1,original,22.061685142596,0.637446724967722,8.7634042
BSD68,test061.png,10,1,tv,17.2321250872,0.1801334372,0.9729032
BSD68,test062.png,10,1,adaptive,22.2230898967423,0.748637639558675,7.6124922
BSD68,test062.png,10,1,bilateral,33.3934588930349,0.931786409488349,0.7992156
BSD68,test062.png,10,1,guided,31.7248919999374,0.916901303268359,0.0089327
BSD68,test062.png,10,1,l0,22.9448497365428,0.755546299557803,2.8958368
BSD68,test062.png,10,1,lgss,25.1372677901,0.8111663875,3.7199599
BSD68,test062.png,10,1,original,20.7579299297793,0.705327019244665,7.5492139
BSD68,test062.png,10,1,tv,18.3903674416,0.2289306251,0.9713365
BSD68,test063.png,10,1,adaptive,20.4209214512058,0.471133648033184,7.4099699
BSD68,test063.png,10,1,bilateral,28.4881737191676,0.855676434407017,0.7514726
BSD68,test063.png,10,1,guided,27.3799009970965,0.832602354506205,0.0106948
BSD68,test063.png,10,1,l0,19.3189648567604,0.367226453743228,3.5411479
BSD68,test063.png,10,1,lgss,23.9612942529,0.6346391984,3.6737132
BSD68,test063.png,10,1,original,18.0129059839723,0.279748868533781,5.6207861
BSD68,test063.png,10,1,tv,17.6414147578,0.4067796409,0.9623633
BSD68,test064.png,10,1,adaptive,21.972614219567,0.441391831840489,7.0263342
BSD68,test064.png,10,1,bilateral,28.7623175521174,0.806175806783978,0.8248432
BSD68,test064.png,10,1,guided,27.9393872725961,0.789234172715569,0.0142893
BSD68,test064.png,10,1,l0,20.8404990602178,0.388362831421165,3.0841268
BSD68,test064.png,10,1,lgss,24.8776396962,0.595113469,3.6556371
BSD68,test064.png,10,1,original,18.8777714115951,0.322625821583537,5.7088389
BSD68,test064.png,10,1,tv,17.4693652595,0.3444887658,0.9466114
BSD68,test065.png,10,1,adaptive,21.4275466332007,0.540256979245314,7.1876032
BSD68,test065.png,10,1,bilateral,30.7770896586784,0.867815268187681,0.7143354
BSD68,test065.png,10,1,guided,29.6519215546596,0.84747659028815,0.0317437
BSD68,test065.png,10,1,l0,20.7822113374909,0.490736637920095,3.1576277
BSD68,test065.png,10,1,lgss,23.9871104523,0.6391196254,3.6880431
BSD68,test065.png,10,1,original,18.0873874318517,0.402288692321602,6.4361393
BSD68,test065.png,10,1,tv,18.0309279323,0.2590938735,0.957053
BSD68,test066.png,10,1,adaptive,27.0149538586911,0.940583397209088,6.248048
BSD68,test066.png,10,1,bilateral,38.8850462275621,0.949462015640273,0.7103885
BSD68,test066.png,10,1,guided,37.0533885901625,0.944232465676293,0.014555
BSD68,test066.png,10,1,l0,25.3445979921436,0.934541272394655,3.2424034
BSD68,test066.png,10,1,lgss,28.1473511739,0.9506576259,3.8933849
BSD68,test066.png,10,1,original,22.2460234138385,0.887669942215713,6.0038735
BSD68,test066.png,10,1,tv,17.0686049971,0.0797599571,0.9715106
BSD68,test067.png,10,1,adaptive,23.2307411726217,0.736611711696704,6.5052759
BSD68,test067.png,10,1,bilateral,27.7368827562015,0.908440511391401,1.3713627
BSD68,test067.png,10,1,guided,26.7792218266681,0.900781935384144,0.0208616
BSD68,test067.png,10,1,l0,19.4642490007085,0.534141191397653,4.5492353
BSD68,test067.png,10,1,lgss,23.7167288665,0.7464598236,3.6511358
BSD68,test067.png,10,1,original,18.5039493188885,0.437909254693117,5.2818568
BSD68,test067.png,10,1,tv,18.2650551749,0.6136170467,1.079651
BSD68,test068.png,10,1,adaptive,24.3727718792573,0.77397059726054,4.6906339
BSD68,test068.png,10,1,bilateral,29.0525214364048,0.916141253813509,0.5519396
BSD68,test068.png,10,1,guided,28.0589100371615,0.903688552227393,0.0093528
BSD68,test068.png,10,1,l0,20.3378720475382,0.59136324923613,2.3072787
BSD68,test068.png,10,1,lgss,25.9488005302,0.8283132734,4.4185284
BSD68,test068.png,10,1,original,18.9723146564089,0.509385940930451,3.7664229
BSD68,test068.png,10,1,tv,18.8654769651,0.4458440814,1.2941393
BSD68,test001.png,20,1,adaptive,23.1456075241938,0.577862640687196,3.7927975
BSD68,test001.png,20,1,bilateral,25.4404769463229,0.719327525644325,0.55619
BSD68,test001.png,20,1,guided,25.0993684165315,0.705154759637714,0.0091698
BSD68,test001.png,20,1,l0,20.5082634556368,0.39549219108159,1.9750479
BSD68,test001.png,20,1,lgss,23.816184593,0.6053774124,4.6768619
BSD68,test001.png,20,1,original,19.1595999410735,0.3217288138937,3.9787908
BSD68,test001.png,20,1,tv,17.215163711,0.3676478886,1.0793638
BSD68,test002.png,20,1,adaptive,25.3786242632803,0.771794550593916,4.6770051
BSD68,test002.png,20,1,bilateral,27.3301689583022,0.713998761190024,0.7180572
BSD68,test002.png,20,1,guided,26.9269007540659,0.711553215929526,0.0122895
BSD68,test002.png,20,1,l0,22.5759219435914,0.688554910554525,1.8424458
BSD68,test002.png,20,1,lgss,26.4215025045,0.8232936379,4.1583865
BSD68,test002.png,20,1,original,19.9583542021918,0.641242911003235,3.578319
BSD68,test002.png,20,1,tv,17.166543626,0.2126688142,1.1663668
BSD68,test003.png,20,1,adaptive,25.3647007220484,0.743531258389429,3.9389361
BSD68,test003.png,20,1,bilateral,27.0404547941655,0.625110848388875,0.5272691
BSD68,test003.png,20,1,guided,26.7629991882452,0.622486993493474,0.0082146
BSD68,test003.png,20,1,l0,21.8846540678176,0.703742075607034,1.8386539
BSD68,test003.png,20,1,lgss,24.8775202399,0.803200907,4.2172055
BSD68,test003.png,20,1,original,20.5785699695473,0.666319378364488,3.6621899
BSD68,test003.png,20,1,tv,16.8278158478,0.2190389373,1.0702206
BSD68,test004.png,20,1,adaptive,23.4158407469914,0.620108944655574,4.4494458
BSD68,test004.png,20,1,bilateral,27.1539149922168,0.621497095164787,0.6640598
BSD68,test004.png,20,1,guided,27.0213306215,0.614530648597835,0.0083447
BSD68,test004.png,20,1,l0,20.8774556861788,0.554761175557084,2.3641467
BSD68,test004.png,20,1,lgss,25.3129123105,0.7140341791,4.5142614
BSD68,test004.png,20,1,original,18.9492958540373,0.513461376124084,4.0088414
BSD68,test004.png,20,1,tv,16.7139240999,0.1756225864,1.0707776
BSD68,test005.png,20,1,adaptive,22.7372421683291,0.651692307281526,5.0228299
BSD68,test005.png,20,1,bilateral,26.1009312923067,0.735771400725968,0.6680239
BSD68,test005.png,20,1,guided,25.8313057546371,0.731394864031373,0.0118465
BSD68,test005.png,20,1,l0,19.9282232003166,0.496311112612014,2.535833
BSD68,test005.png,20,1,lgss,24.1198023339,0.7083669718,4.1972819
BSD68,test005.png,20,1,original,18.1119811319825,0.423956956713847,4.3623456
BSD68,test005.png,20,1,tv,17.2576184658,0.2963203042,1.0728876
BSD68,test006.png,20,1,adaptive,21.7772923216764,0.74929363090145,5.2135515
BSD68,test006.png,20,1,bilateral,28.5954304864552,0.634096482979033,1.3176044
BSD68,test006.png,20,1,guided,28.4823140897442,0.644262943468599,0.0321398
BSD68,test006.png,20,1,l0,21.4034547974219,0.735719432748669,5.6402011
BSD68,test006.png,20,1,lgss,23.2958931597,0.801904928,4.267257
BSD68,test006.png,20,1,original,18.472447122695,0.708673052601252,4.6766737
BSD68,test006.png,20,1,tv,17.1125568127,0.1277812328,1.0544653
BSD68,test007.png,20,1,adaptive,23.7289193148378,0.628757722898168,4.7026816
BSD68,test007.png,20,1,bilateral,25.9075819672446,0.690468116168273,0.6284279
BSD68,test007.png,20,1,guided,25.5283540823541,0.674304443105331,0.0148247
BSD68,test007.png,20,1,l0,20.9159821066451,0.475004811590037,2.7341712
BSD68,test007.png,20,1,lgss,24.9233899702,0.6877867499,4.3566365
BSD68,test007.png,20,1,original,19.5399360657987,0.405305035845737,4.1914656
BSD68,test007.png,20,1,tv,16.874002428,0.2977151815,1.0608651
BSD68,test008.png,20,1,adaptive,23.6463931897715,0.621332540331455,4.6418971
BSD68,test008.png,20,1,bilateral,25.411035018509,0.709240623719518,0.5637768
BSD68,test008.png,20,1,guided,25.1512189853586,0.699779611186126,0.0109808
BSD68,test008.png,20,1,l0,20.4087876411623,0.434089250404176,4.9069952
BSD68,test008.png,20,1,lgss,24.2887949945,0.6703287035,4.9769393
BSD68,test008.png,20,1,original,19.9390444806917,0.397051738351325,4.0771287
BSD68,test008.png,20,1,tv,17.1259941921,0.3605690049,1.3578203
BSD68,test009.png,20,1,adaptive,23.197077866107,0.641986871610594,13.9607848
BSD68,test009.png,20,1,bilateral,26.5236521511079,0.66935099767874,1.3929036
BSD68,test009.png,20,1,guided,26.2756450063513,0.66543825408974,0.045961
BSD68,test009.png,20,1,l0,20.5757876977763,0.520954317793496,5.59646
BSD68,test009.png,20,1,lgss,25.1472972712,0.7221443805,7.5942009
BSD68,test009.png,20,1,original,19.5427666135855,0.482890229795277,10.9740807
BSD68,test009.png,20,1,tv,17.2744939647,0.25615633,1.105663
BSD68,test010.png,20,1,adaptive,23.9206124629482,0.63521058659619,8.1443174
BSD68,test010.png,20,1,bilateral,27.0104949110639,0.620964192660417,1.117493
BSD68,test010.png,20,1,guided,26.8126330348576,0.613625741489578,0.0180961
BSD68,test010.png,20,1,l0,20.4515513438485,0.563980328015829,4.3440957
BSD68,test010.png,20,1,lgss,25.4022739367,0.7238390501,4.5048726
BSD68,test010.png,20,1,original,19.5582085897146,0.520808142611591,7.2948472
BSD68,test010.png,20,1,tv,16.6611209935,0.1886434881,1.0690396
BSD68,test011.png,20,1,adaptive,24.6045373155909,0.734297597203592,7.6779956
BSD68,test011.png,20,1,bilateral,26.0242049267802,0.736016623853401,0.8677931
BSD68,test011.png,20,1,guided,25.2127678476442,0.704757735163964,0.0153483
BSD68,test011.png,20,1,l0,21.4219788432843,0.562197325052076,3.7780257
BSD68,test011.png,20,1,lgss,25.0494972731,0.7493457959,4.7516676
BSD68,test011.png,20,1,original,19.876061552612,0.48774394910174,7.3374385
BSD68,test011.png,20,1,tv,17.3249418677,0.3663761069,1.9845184
BSD68,test012.png,20,1,adaptive,24.3395307211857,0.601805859537369,7.7547226
BSD68,test012.png,20,1,bilateral,26.0861732305317,0.666652898589065,0.9152273
BSD68,test012.png,20,1,guided,25.7572112717939,0.649971135995221,0.0161393
BSD68,test012.png,20,1,l0,21.126140584059,0.447088059003008,3.9363213
BSD68,test012.png,20,1,lgss,25.4338107843,0.6818196829,4.5186373
BSD68,test012.png,20,1,original,19.4026619214915,0.365857202417699,7.8102444
BSD68,test012.png,20,1,tv,16.7094803209,0.2628645994,1.3423833
BSD68,test013.png,20,1,adaptive,23.2058552539406,0.573575830235509,10.9480061
BSD68,test013.png,20,1,bilateral,26.7579826340011,0.633818930978745,0.7256412
BSD68,test013.png,20,1,guided,26.6275157553172,0.626496579944576,0.0157984
BSD68,test013.png,20,1,l0,20.81166923716,0.499306341956051,3.478989
BSD68,test013.png,20,1,lgss,24.973300432,0.6845456102,4.2085859
BSD68,test013.png,20,1,original,18.0047687133618,0.442394740197928,9.4391359
BSD68,test013.png,20,1,tv,16.6516347962,0.1967044332,1.1135441
BSD68,test014.png,20,1,adaptive,26.0296774028278,0.735941141946695,6.6784109
BSD68,test014.png,20,1,bilateral,27.5083304374822,0.60688611972403,0.7727659
BSD68,test014.png,20,1,guided,27.187371257822,0.601833774296757,0.0212725
BSD68,test014.png,20,1,l0,23.1385772428912,0.688940781587597,3.5053951
BSD68,test014.png,20,1,lgss,27.1681418269,0.8137473628,4.1619518
BSD68,test014.png,20,1,original,20.3368914219229,0.638636075682616,5.7457938
BSD68,test014.png,20,1,tv,16.7861433847,0.182244274,1.0722223
BSD68,test015.png,20,1,adaptive,23.8855650352534,0.663126426910709,6.4927148
BSD68,test015.png,20,1,bilateral,25.8992292455457,0.686169310700223,0.9235388
BSD68,test015.png,20,1,guided,25.6363438222429,0.679708151574968,0.022057
BSD68,test015.png,20,1,l0,20.5311737270815,0.500489923279746,3.7413309
BSD68,test015.png,20,1,lgss,24.1645161357,0.6950095092,4.1230137
BSD68,test015.png,20,1,original,19.2096380808732,0.443036954280566,6.0025216
BSD68,test015.png,20,1,tv,17.1292080864,0.3089965588,1.061617
BSD68,test016.png,20,1,adaptive,24.1925059341276,0.731259969127066,7.9211719
BSD68,test016.png,20,1,bilateral,25.4033706051278,0.749198081458836,0.8758999
BSD68,test016.png,20,1,guided,24.6455763471025,0.720142282007811,0.0163343
BSD68,test016.png,20,1,l0,21.1763206194357,0.60730800036127,3.6430164
BSD68,test016.png,20,1,lgss,24.1388242568,0.7385299171,4.2245206
BSD68,test016.png,20,1,original,19.2084105646166,0.500323878716642,6.2847268
BSD68,test016.png,20,1,tv,16.9436345068,0.4008381038,1.0671828
BSD68,test017.png,20,1,adaptive,24.5821951760478,0.681608477549762,6.9090543
BSD68,test017.png,20,1,bilateral,28.8458130948725,0.610346790960772,0.7451154
BSD68,test017.png,20,1,guided,28.7849399778319,0.61501560101068,0.0312168
BSD68,test017.png,20,1,l0,21.410298577091,0.66147436627528,3.3962569
BSD68,test017.png,20,1,lgss,27.1639330604,0.7660522641,4.2185729
BSD68,test017.png,20,1,original,18.7101810246737,0.582420581180081,7.075041
BSD68,test017.png,20,1,tv,17.2334725952,0.1146846926,1.0426687
BSD68,test018.png,20,1,adaptive,24.9518801043318,0.745382484545858,6.6806915
BSD68,test018.png,20,1,bilateral,28.3040176137763,0.572280018340373,0.8316718
BSD68,test018.png,20,1,guided,28.3028195886027,0.575217781259278,0.0156954
BSD68,test018.png,20,1,l0,23.3828892277006,0.745443888479608,3.5087603
BSD68,test018.png,20,1,lgss,27.3469466638,0.8205738431,4.2082948
BSD68,test018.png,20,1,original,19.7661375022421,0.684628611200123,8.1260842
BSD68,test018.png,20,1,tv,16.8005517809,0.1193629507,1.0566378
BSD68,test019.png,20,1,adaptive,24.3383320196282,0.700636349220368,10.6525027
BSD68,test019.png,20,1,bilateral,26.7759470278537,0.67051385863482,0.8704015
BSD68,test019.png,20,1,guided,26.2876871173694,0.658517533467709,0.0151626
BSD68,test019.png,20,1,l0,22.1863509687711,0.606001700298652,3.8310108
BSD68,test019.png,20,1,lgss,25.6780738956,0.7376503955,4.1955761
BSD68,test019.png,20,1,original,20.500012497741,0.553758987474312,13.9656641
BSD68,test019.png,20,1,tv,17.0996724846,0.2717672661,1.1022619
BSD68,test020.png,20,1,adaptive,24.7385435801898,0.756257106043328,6.9706783
BSD68,test020.png,20,1,bilateral,27.1790808974598,0.63732735149275,0.8720409
BSD68,test020.png,20,1,guided,26.8408827028442,0.634165809806774,0.0168114
BSD68,test020.png,20,1,l0,21.8510718771432,0.706397461899054,3.2099837
BSD68,test020.png,20,1,lgss,25.3051316722,0.8038234015,4.2780986
BSD68,test020.png,20,1,original,19.4206168770527,0.65054074460273,6.4779573
BSD68,test020.png,20,1,tv,17.1802274982,0.2329900569,1.0682899
BSD68,test021.png,20,1,adaptive,24.0556741672081,0.792135920203583,6.9903938
BSD68,test021.png,20,1,bilateral,25.2171205920235,0.78814918976989,0.7716063
BSD68,test021.png,20,1,guided,24.5118297540002,0.759627207944786,0.0141286
BSD68,test021.png,20,1,l0,20.9939467173062,0.651499587009329,3.1732328
BSD68,test021.png,20,1,lgss,23.9180655772,0.7755773553,4.6703376
BSD68,test021.png,20,1,original,19.7539757052958,0.5655054140328,6.0405549
BSD68,test021.png,20,1,tv,17.6064705842,0.4644711969,1.1284868
BSD68,test022.png,20,1,adaptive,23.8051952780679,0.673009199970346,5.184616
BSD68,test022.png,20,1,bilateral,25.2753491153862,0.744652398832758,0.7617837
BSD68,test022.png,20,1,guided,24.7785356457851,0.72468608095019,0.0115541
BSD68,test022.png,20,1,l0,20.6700512978329,0.476045603985068,3.4488111
BSD68,test022.png,20,1,lgss,24.1880371662,0.6886342424,4.8980806
BSD68,test022.png,20,1,original,18.967438971421,0.369158915016557,4.8096174
BSD68,test022.png,20,1,tv,17.1918399952,0.400272317,1.177216
BSD68,test023.png,20,1,adaptive,23.9224918844113,0.678975787937119,7.2262953
BSD68,test023.png,20,1,bilateral,26.3812924266916,0.675087668656308,0.70924
BSD68,test023.png,20,1,guided,25.8946350210398,0.657768487041752,0.0194472
BSD68,test023.png,20,1,l0,21.7180964885571,0.601150655178204,3.7839661
BSD68,test023.png,20,1,lgss,25.2697241782,0.7473013856,4.1672275
BSD68,test023.png,20,1,original,19.177102562109,0.497432593805004,6.2206989
BSD68,test023.png,20,1,tv,16.9604782842,0.2740764262,1.136741
BSD68,test024.png,20,1,adaptive,23.1206400864382,0.65850199995832,5.0815493
BSD68,test024.png,20,1,bilateral,26.3643680377762,0.72170440681029,0.6036862
BSD68,test024.png,20,1,guided,25.9266285164489,0.707167523369311,0.0114627
BSD68,test024.png,20,1,l0,21.010342908497,0.5407223866505,2.5633029
BSD68,test024.png,20,1,lgss,23.8515122603,0.70421728,4.1124721
BSD68,test024.png,20,1,original,18.7094969574207,0.437443717776998,4.7345967
BSD68,test024.png,20,1,tv,17.42206713,0.293669529,1.0557917
BSD68,test025.png,20,1,adaptive,25.075224672483,0.816016332294241,6.5545179
BSD68,test025.png,20,1,bilateral,26.5952430014055,0.644213933283812,0.747149
BSD68,test025.png,20,1,guided,26.337658957582,0.64390190321603,0.0131483
BSD68,test025.png,20,1,l0,22.0426543564381,0.734478097276186,3.310218
BSD68,test025.png,20,1,lgss,24.3281515847,0.8592313901,4.2178452
BSD68,test025.png,20,1,original,19.5359621060621,0.658323476696971,6.5820014
BSD68,test025.png,20,1,tv,16.8873822922,0.2482188999,1.0615523
BSD68,test026.png,20,1,adaptive,23.9689805401731,0.633994007235753,5.1289055
BSD68,test026.png,20,1,bilateral,26.3338865500784,0.669553716613235,0.613715
BSD68,test026.png,20,1,guided,26.0403260351071,0.658004792723139,0.0104175
BSD68,test026.png,20,1,l0,21.5899647012417,0.5277861978142,2.5102311
BSD68,test026.png,20,1,lgss,25.0405304457,0.6879276316,4.1661045
BSD68,test026.png,20,1,original,18.3238325475801,0.431034556103901,4.6773602
BSD68,test026.png,20,1,tv,16.9321360226,0.2615996393,1.0642121
BSD68,test027.png,20,1,adaptive,23.8235034271949,0.642930850870117,5.1423314
BSD68,test027.png,20,1,bilateral,26.9981648026869,0.620049799693543,0.6049083
BSD68,test027.png,20,1,guided,26.9269334008119,0.617787383238473,0.0096504
BSD68,test027.png,20,1,l0,21.052206993291,0.543735729645096,2.7486095
BSD68,test027.png,20,1,lgss,25.1964093379,0.7139125236,4.4368449
BSD68,test027.png,20,1,original,18.9569604360485,0.487026206482323,4.7999593
BSD68,test027.png,20,1,tv,16.7078240806,0.1869441118,1.0710447
BSD68,test028.png,20,1,adaptive,27.3543589435558,0.809425036907097,5.3793012
BSD68,test028.png,20,1,bilateral,29.8101136727866,0.760097365374525,0.5815818
BSD68,test028.png,20,1,guided,28.9714951038671,0.762397523780255,0.0110177
BSD68,test028.png,20,1,l0,26.4500358381745,0.779574408716627,2.6130529
BSD68,test028.png,20,1,lgss,28.535089792,0.8572894043,4.397488
BSD68,test028.png,20,1,original,25.8183814737056,0.770978088161097,4.8749745
BSD68,test028.png,20,1,tv,18.4998178734,0.1561686787,1.0582192
BSD68,test029.png,20,1,adaptive,23.6185486966847,0.797700691674347,7.5019895
BSD68,test029.png,20,1,bilateral,24.5188146386193,0.785762819683538,0.9072632
BSD68,test029.png,20,1,guided,24.1795047489033,0.776126279559664,0.0160653
BSD68,test029.png,20,1,l0,20.0300146336031,0.58216099248886,3.1822295
BSD68,test029.png,20,1,lgss,23.2439378407,0.7444951298,4.0937348
BSD68,test029.png,20,1,original,19.7777802896294,0.540322411981817,5.8635461
BSD68,test029.png,20,1,tv,17.4717347531,0.5254845104,1.058004
BSD68,test030.png,20,1,adaptive,23.8948809179698,0.591612093956767,4.991522
BSD68,test030.png,20,1,bilateral,27.0148573718757,0.618662230476881,0.589385
BSD68,test030.png,20,1,guided,26.8535980494614,0.610107649121297,0.0094677
BSD68,test030.png,20,1,l0,21.3438347107911,0.536557043225294,2.302761
BSD68,test030.png,20,1,lgss,26.2682423881,0.6819232501,4.2259781
BSD68,test030.png,20,1,original,20.2770146213517,0.497128462657773,4.7323048
BSD68,test030.png,20,1,tv,16.6258244786,0.1810168346,1.0641232
BSD68,test031.png,20,1,adaptive,23.0015737038358,0.764908482361262,4.8598285
BSD68,test031.png,20,1,bilateral,24.1249232862399,0.804769260377661,0.8924546
BSD68,test031.png,20,1,guided,23.8888157121326,0.792711666398215,0.0184988
BSD68,test031.png,20,1,l0,19.0474950721462,0.401359216359283,4.6673183
BSD68,test031.png,20,1,lgss,22.9343180238,0.7452538084,4.1260235
BSD68,test031.png,20,1,original,18.0387691698268,0.284410849901083,4.5099412
BSD68,test031.png,20,1,tv,17.1895246748,0.5379486746,1.1678869
BSD68,test032.png,20,1,adaptive,23.5264977217805,0.663753631857712,4.3668323
BSD68,test032.png,20,1,bilateral,24.9843749654996,0.742617629352542,0.5372508
BSD68,test032.png,20,1,guided,24.6397486445383,0.726397576758395,0.0094951
BSD68,test032.png,20,1,l0,19.9662994867321,0.380453387143916,2.2601345
BSD68,test032.png,20,1,lgss,24.1383764207,0.7025395247,4.5129666
BSD68,test032.png,20,1,original,18.0356195544205,0.245577090588498,4.1081849
BSD68,test032.png,20,1,tv,16.766056964,0.3809646389,1.3868795
BSD68,test033.png,20,1,adaptive,25.3263936163082,0.814695798398909,4.307466
BSD68,test033.png,20,1,bilateral,26.2120546730043,0.682688182869973,0.5516934
BSD68,test033.png,20,1,guided,25.7475312060147,0.672640639147706,0.0118012
BSD68,test033.png,20,1,l0,21.9744120320237,0.720460717225951,2.3416847
BSD68,test033.png,20,1,lgss,25.8733351688,0.8516966951,4.270417
BSD68,test033.png,20,1,original,19.3769304841519,0.602944409055041,4.2536571
BSD68,test033.png,20,1,tv,17.0157609009,0.3111333868,1.0730729
BSD68,test034.png,20,1,adaptive,24.7412049683749,0.737886851330965,4.520817
BSD68,test034.png,20,1,bilateral,28.3011660720356,0.60526883717637,0.583278
BSD68,test034.png,20,1,guided,28.1720292504034,0.60831219372592,0.0094192
BSD68,test034.png,20,1,l0,22.5678249720548,0.722835003110231,2.203634
BSD68,test034.png,20,1,lgss,26.3394332484,0.7832953867,4.2346423
BSD68,test034.png,20,1,original,19.222776916286,0.666100491018298,4.2271239
BSD68,test034.png,20,1,tv,17.0355856028,0.1379710758,1.0634122
BSD68,test035.png,20,1,adaptive,24.0071110274526,0.659971093049819,4.4441237
BSD68,test035.png,20,1,bilateral,26.3294389510529,0.669739761633321,0.5766503
BSD68,test035.png,20,1,guided,25.9713812048449,0.658297940426123,0.0108698
BSD68,test035.png,20,1,l0,21.7555221588077,0.549147034912842,2.2774371
BSD68,test035.png,20,1,lgss,25.2852053394,0.7238959881,4.157794
BSD68,test035.png,20,1,original,18.9862092844663,0.45910349980589,4.2500087
BSD68,test035.png,20,1,tv,16.9647914434,0.2704861541,1.180191
BSD68,test036.png,20,1,adaptive,25.7513367338721,0.470120354642006,4.5828426
BSD68,test036.png,20,1,bilateral,26.773096295856,0.603452691238382,0.5529461
BSD68,test036.png,20,1,guided,26.851590608775,0.604252376957477,0.0103847
BSD68,test036.png,20,1,l0,25.1376251302018,0.384365095545996,2.2841609
BSD68,test036.png,20,1,lgss,25.4759137008,0.5277059333,4.1363062
BSD68,test036.png,20,1,original,24.5380394940925,0.36661177585002,4.0444729
BSD68,test036.png,20,1,tv,16.6689686807,0.2111104726,1.0651223
BSD68,test037.png,20,1,adaptive,23.8965356958642,0.652125173906861,5.1354003
BSD68,test037.png,20,1,bilateral,26.9031421428212,0.638993227123822,0.6110374
BSD68,test037.png,20,1,guided,26.6821030469064,0.633076872691878,0.0126605
BSD68,test037.png,20,1,l0,22.0531067669111,0.560002477361049,2.4651329
BSD68,test037.png,20,1,lgss,25.383078583,0.7026160567,4.1002582
BSD68,test037.png,20,1,original,19.6888277095392,0.483083882384848,4.4502398
BSD68,test037.png,20,1,tv,16.9864903181,0.226734324,1.0613373
BSD68,test038.png,20,1,adaptive,24.2440819304527,0.596240976913388,4.7414389
BSD68,test038.png,20,1,bilateral,26.6802196820526,0.642330018011684,0.6166239
BSD68,test038.png,20,1,guided,26.4857507193308,0.631681727103982,0.0099958
BSD68,test038.png,20,1,l0,20.9821730368762,0.483510445362457,2.4698177
BSD68,test038.png,20,1,lgss,25.742138285,0.6890887022,4.0659936
BSD68,test038.png,20,1,original,19.0628582459285,0.421913320689753,4.4202265
BSD68,test038.png,20,1,tv,16.9352861549,0.2248365737,1.0655867
BSD68,test039.png,20,1,adaptive,25.1995805023494,0.747766791548882,6.7772555
BSD68,test039.png,20,1,bilateral,27.5693700733625,0.617392611421041,0.8102269
BSD68,test039.png,20,1,guided,27.0706261552292,0.599625920793219,0.0142158
BSD68,test039.png,20,1,l0,23.5168281259219,0.728893084205325,3.8252158
BSD68,test039.png,20,1,lgss,27.4588991267,0.8300059691,5.2876944
BSD68,test039.png,20,1,original,19.7798924583435,0.659020559462496,7.4045238
BSD68,test039.png,20,1,tv,16.6560834057,0.1706796975,1.1243072
BSD68,test040.png,20,1,adaptive,25.348967837176,0.670973699336167,7.2199078
BSD68,test040.png,20,1,bilateral,26.7653606616739,0.664973832757585,0.8396104
BSD68,test040.png,20,1,guided,26.1725056090469,0.650157610501252,0.0157726
BSD68,test040.png,20,1,l0,22.5722114015127,0.610500174078223,3.5446418
BSD68,test040.png,20,1,lgss,26.1525668533,0.7152022122,3.6759536
BSD68,test040.png,20,1,original,20.4212462177838,0.524679483430707,6.6559977
BSD68,test040.png,20,1,tv,16.8618090117,0.261060699,0.9572251
BSD68,test041.png,20,1,adaptive,24.1234774502105,0.689837626501903,4.9318133
BSD68,test041.png,20,1,bilateral,26.3441609396015,0.705266387373778,0.5871151
BSD68,test041.png,20,1,guided,25.8504386279628,0.691997901122442,0.0107629
BSD68,test041.png,20,1,l0,21.6282556861736,0.557469045984113,2.4486174
BSD68,test041.png,20,1,lgss,24.8997377887,0.722893499,3.8182868
BSD68,test041.png,20,1,original,18.5992825549561,0.439884981670656,4.8562766
BSD68,test041.png,20,1,tv,17.3231508267,0.3084016028,0.9817082
BSD68,test042.png,20,1,adaptive,25.6737516517848,0.701828652531946,4.9399429
BSD68,test042.png,20,1,bilateral,27.0481263657079,0.630035177980744,0.6880886
BSD68,test042.png,20,1,guided,26.6579575569736,0.622309344783761,0.009693
BSD68,test042.png,20,1,l0,23.0903704585237,0.670674548527064,2.7188673
BSD68,test042.png,20,1,lgss,26.097995782,0.7505099606,3.8962815
BSD68,test042.png,20,1,original,20.3567495624706,0.60777136458694,5.0207567
BSD68,test042.png,20,1,tv,16.8301339195,0.2278305169,0.972941
BSD68,test043.png,20,1,adaptive,23.9603764390816,0.7155621503586,6.3303895
BSD68,test043.png,20,1,bilateral,26.7148314074058,0.676717677600208,0.7506424
BSD68,test043.png,20,1,guided,26.1251219810957,0.662659882007916,0.0140334
BSD68,test043.png,20,1,l0,21.2529907144003,0.662786389611567,2.7023512
BSD68,test043.png,20,1,lgss,25.0181272373,0.7647523783,3.6884825
BSD68,test043.png,20,1,original,20.335783148182,0.613624930330329,7.3038552
BSD68,test043.png,20,1,tv,17.0608509404,0.2625849024,0.9739263
BSD68,test044.png,20,1,adaptive,23.9579251451982,0.72083034963621,6.8974585
BSD68,test044.png,20,1,bilateral,25.7203314335977,0.693082401621361,0.7560819
BSD68,test044.png,20,1,guided,25.4130045277117,0.682045817928356,0.0134066
BSD68,test044.png,20,1,l0,21.2470830875391,0.516515654844895,3.3264514
BSD68,test044.png,20,1,lgss,24.4959292476,0.7701883414,3.6936705
BSD68,test044.png,20,1,original,19.5884043755561,0.429239699391298,5.5867591
BSD68,test044.png,20,1,tv,17.0101636052,0.3269033109,0.9741285
BSD68,test045.png,20,1,adaptive,25.1349922029134,0.714157345489082,4.5292062
BSD68,test045.png,20,1,bilateral,28.2762187464261,0.554875558603683,0.549698
BSD68,test045.png,20,1,guided,28.3789849638794,0.558671554301942,0.0091592
BSD68,test045.png,20,1,l0,20.7626084546691,0.708346603567099,2.1730423
BSD68,test045.png,20,1,lgss,27.7879322295,0.7942839695,3.6690846
BSD68,test045.png,20,1,original,20.6262689747427,0.686084242452682,4.2810977
BSD68,test045.png,20,1,tv,16.5935435773,0.1063470785,1.0009624
BSD68,test046.png,20,1,adaptive,24.0839825502121,0.686256956767192,4.9329647
BSD68,test046.png,20,1,bilateral,25.3527686995923,0.739920084704005,0.5565991
BSD68,test046.png,20,1,guided,24.7902006962241,0.719827457138241,0.0095524
BSD68,test046.png,20,1,l0,21.0439108356888,0.51096833746689,2.2062432
BSD68,test046.png,20,1,lgss,24.0868711779,0.6768712323,3.6922201
BSD68,test046.png,20,1,original,19.9273747737324,0.429006105687709,4.2061603
BSD68,test046.png,20,1,tv,17.0506587633,0.3967530117,0.9728568
BSD68,test047.png,20,1,adaptive,23.1190257337693,0.594425592885657,4.6476799
BSD68,test047.png,20,1,bilateral,25.3652436511281,0.710613323263966,0.5562347
BSD68,test047.png,20,1,guided,25.1279901762559,0.698247598284883,0.0098487
BSD68,test047.png,20,1,l0,19.9025274570139,0.371754343590835,2.2131861
BSD68,test047.png,20,1,lgss,24.2220407685,0.6620345326,3.7019582
BSD68,test047.png,20,1,original,18.656215831958,0.292468686855853,4.3255148
BSD68,test047.png,20,1,tv,16.7812828606,0.3386628577,0.9863488
BSD68,test048.png,20,1,adaptive,24.2791281304016,0.776713889959707,8.4239079
BSD68,test048.png,20,1,bilateral,26.393902024449,0.71907333211486,1.3888606
BSD68,test048.png,20,1,guided,25.5799214148883,0.697164545082532,0.029475
BSD68,test048.png,20,1,l0,21.910382167577,0.703560534702564,3.450633
BSD68,test048.png,20,1,lgss,25.3351573303,0.8212477212,3.8231336
BSD68,test048.png,20,1,original,20.0817255378906,0.634391635559476,7.1173939
BSD68,test048.png,20,1,tv,17.2489337117,0.3250090643,0.9871537
BSD68,test049.png,20,1,adaptive,24.142394683062,0.714531056604815,4.5169581
BSD68,test049.png,20,1,bilateral,28.1243108021044,0.628212492679923,0.5550664
BSD68,test049.png,20,1,guided,27.9859250482266,0.631126354549269,0.0097475
BSD68,test049.png,20,1,l0,24.1210412814562,0.713746107626773,3.2445508
BSD68,test049.png,20,1,lgss,26.833865621,0.7676266984,3.6959671
BSD68,test049.png,20,1,original,19.1992007934604,0.652178052771541,4.2967167
BSD68,test049.png,20,1,tv,16.9604024996,0.1381254889,0.9850005
BSD68,test050.png,20,1,adaptive,23.4701450856782,0.651801718549415,4.7139217
BSD68,test050.png,20,1,bilateral,25.6814716487334,0.718254662879391,0.5503394
BSD68,test050.png,20,1,guided,25.396741136063,0.709561759269431,0.0092178
BSD68,test050.png,20,1,l0,20.5395210356858,0.472752831497026,2.2572209
BSD68,test050.png,20,1,lgss,23.9510005087,0.6704428579,3.6867098
BSD68,test050.png,20,1,original,18.2964367575526,0.376130367201177,4.2595118
BSD68,test050.png,20,1,tv,17.0480217282,0.33652866,0.9769724
BSD68,test051.png,20,1,adaptive,23.6684746664536,0.673946074445312,4.4902473
BSD68,test051.png,20,1,bilateral,26.151147051868,0.692002150776563,0.5525684
BSD68,test051.png,20,1,guided,25.5060084015626,0.681915529882467,0.008929
BSD68,test051.png,20,1,l0,20.8817543250616,0.600404449586755,2.199129
BSD68,test051.png,20,1,lgss,24.4692254064,0.7098010114,3.7318495
BSD68,test051.png,20,1,original,21.0568518148991,0.584759809701767,4.087898
BSD68,test051.png,20,1,tv,16.8682072489,0.3278201264,0.9583789
BSD68,test052.png,20,1,adaptive,23.3956319968604,0.723728466790772,6.4920391
BSD68,test052.png,20,1,bilateral,28.3973646701058,0.651262946183615,0.7451212
BSD68,test052.png,20,1,guided,28.2711735597197,0.65954261950632,0.0131019
BSD68,test052.png,20,1,l0,23.7590806854423,0.706370919913424,3.0876045
BSD68,test052.png,20,1,lgss,26.7757488806,0.7663222586,3.9338124
BSD68,test052.png,20,1,original,20.1921166546145,0.674044903078148,6.1065082
BSD68,test052.png,20,1,tv,17.1682431827,0.1373079566,0.9778079
BSD68,test053.png,20,1,adaptive,24.9708058715922,0.619406206596166,6.7475687
BSD68,test053.png,20,1,bilateral,27.9585676339472,0.56856247077995,0.8305155
BSD68,test053.png,20,1,guided,28.0894255538252,0.571429038230166,0.0158786
BSD68,test053.png,20,1,l0,22.9188502961712,0.617002298096234,3.7564096
BSD68,test053.png,20,1,lgss,27.3371894232,0.6981694446,3.7439767
BSD68,test053.png,20,1,original,21.5294543724049,0.597904794783065,8.337152
BSD68,test053.png,20,1,tv,16.638850609,0.1223345228,0.9816143
BSD68,test054.png,20,1,adaptive,24.1557728476562,0.667550339010437,8.4149533
BSD68,test054.png,20,1,bilateral,26.2900288202497,0.677149631546287,1.1991199
BSD68,test054.png,20,1,guided,25.8016277270686,0.658795451451127,0.0243964
BSD68,test054.png,20,1,l0,22.2525048181032,0.580895679460346,5.0062342
BSD68,test054.png,20,1,lgss,25.5312574955,0.7285198281,3.6284298
BSD68,test054.png,20,1,original,17.9381026140529,0.44478666722095,6.7926045
BSD68,test054.png,20,1,tv,16.8282569767,0.2741840821,0.9657009
BSD68,test055.png,20,1,adaptive,24.3163417543088,0.651816837863928,11.1810477
BSD68,test055.png,20,1,bilateral,25.9356468184779,0.698467503337766,0.8626747
BSD68,test055.png,20,1,guided,25.3798114635772,0.677516288531879,0.01721
BSD68,test055.png,20,1,l0,21.5753743009371,0.512361939102262,2.8537139
BSD68,test055.png,20,1,lgss,24.812919351,0.6875802526,3.7462365
BSD68,test055.png,20,1,original,20.2998520240654,0.448973959582869,10.0780437
BSD68,test055.png,20,1,tv,16.9704421448,0.3229394618,0.9713443
BSD68,test056.png,20,1,adaptive,22.9168807712238,0.740465293402623,11.7001936
BSD68,test056.png,20,1,bilateral,24.3438972585159,0.789492881964204,0.5877869
BSD68,test056.png,20,1,guided,24.0824550573282,0.778633999659542,0.0095264
BSD68,test056.png,20,1,l0,19.3167776058428,0.374610081674466,2.8018247
BSD68,test056.png,20,1,lgss,22.8786982648,0.7064360367,3.8619684
BSD68,test056.png,20,1,original,18.1402753872669,0.282001932962319,15.6910079
BSD68,test056.png,20,1,tv,17.1517137067,0.5118214565,0.9826427
BSD68,test057.png,20,1,adaptive,25.0750793416931,0.707669726193219,4.6197907
BSD68,test057.png,20,1,bilateral,26.6600451127075,0.632436419968521,0.5814736
BSD68,test057.png,20,1,guided,26.5543659465973,0.628770735378952,0.0090947
BSD68,test057.png,20,1,l0,21.6253068304897,0.561799751630606,2.2043425
BSD68,test057.png,20,1,lgss,25.7027735707,0.7888571067,3.6960837
BSD68,test057.png,20,1,original,19.763403758555,0.509916594648026,4.4303968
BSD68,test057.png,20,1,tv,16.8628970928,0.2300250555,1.0270317
BSD68,test058.png,20,1,adaptive,24.8945426230909,0.647480188360436,9.1923283
BSD68,test058.png,20,1,bilateral,27.9082946365369,0.567270651687031,0.9255807
BSD68,test058.png,20,1,guided,28.0547533162913,0.572356704008341,0.0140078
BSD68,test058.png,20,1,l0,23.0977326119757,0.637200055329129,7.214624
BSD68,test058.png,20,1,lgss,27.2925447877,0.7336487818,3.7924677
BSD68,test058.png,20,1,original,19.9647978095292,0.611000771710914,5.207261
BSD68,test058.png,20,1,tv,16.5770308405,0.1254487161,0.9682185
BSD68,test059.png,20,1,adaptive,25.2515971507029,0.65382881040773,5.1067141
BSD68,test059.png,20,1,bilateral,27.6569819263377,0.592759033089327,0.5892909
BSD68,test059.png,20,1,guided,27.488376430079,0.58863227710813,0.0108854
BSD68,test059.png,20,1,l0,23.3517756928257,0.632067497269046,2.4027883
BSD68,test059.png,20,1,lgss,26.9021205686,0.7214206255,3.6148942
BSD68,test059.png,20,1,original,18.8649242841076,0.554537465189018,5.2499347
BSD68,test059.png,20,1,tv,16.7518982041,0.1611894001,0.9648426
BSD68,test060.png,20,1,adaptive,25.7781279160552,0.680272307938759,5.0388329
BSD68,test060.png,20,1,bilateral,27.8526326643824,0.568723576087429,1.0048312
BSD68,test060.png,20,1,guided,27.8956937024297,0.570207194678085,0.0135025
BSD68,test060.png,20,1,l0,22.4715561726314,0.650381897530716,3.3302417
BSD68,test060.png,20,1,lgss,27.9162767826,0.7471444143,3.7445977
BSD68,test060.png,20,1,original,22.299696954017,0.630394142663041,4.8506218
BSD68,test060.png,20,1,tv,16.5894975862,0.131695849,0.970462
BSD68,test061.png,20,1,adaptive,26.5166796686849,0.705070708123298,5.500912
BSD68,test061.png,20,1,bilateral,27.6217717227776,0.591759488585109,0.6923637
BSD68,test061.png,20,1,guided,27.4295460850994,0.587840271863153,0.020162
BSD68,test061.png,20,1,l0,22.6420691397557,0.666496271891435,2.5626881
BSD68,test061.png,20,1,lgss,26.666047381,0.7586147366,3.7394282
BSD68,test061.png,20,1,original,22.313499802042,0.643803633497112,5.2286771
BSD68,test061.png,20,1,tv,16.7447764143,0.1677453828,0.9447859
BSD68,test062.png,20,1,adaptive,24.2514799131429,0.759897452992758,6.4930706
BSD68,test062.png,20,1,bilateral,28.1934817656192,0.723918975897886,0.7823073
BSD68,test062.png,20,1,guided,27.3276287414641,0.717568553254553,0.0180297
BSD68,test062.png,20,1,l0,22.6518774674197,0.720769004592395,3.6613164
BSD68,test062.png,20,1,lgss,24.9096758502,0.7926875979,3.6505613
BSD68,test062.png,20,1,original,20.6335980558629,0.681507233377738,6.5376678
BSD68,test062.png,20,1,tv,17.7801006594,0.2145561879,0.999846
BSD68,test063.png,20,1,adaptive,22.8763890620233,0.622769642329999,5.7796256
BSD68,test063.png,20,1,bilateral,25.1259931310945,0.737369997843243,0.660304
BSD68,test063.png,20,1,guided,24.8289016297005,0.722494339492413,0.0122484
BSD68,test063.png,20,1,l0,19.6984043617039,0.397970799018677,2.9460234
BSD68,test063.png,20,1,lgss,23.8280978481,0.6763470513,3.6691418
BSD68,test063.png,20,1,original,18.2706956834231,0.301624606760149,5.4986296
BSD68,test063.png,20,1,tv,16.980139276,0.374946906,0.9701423
BSD68,test064.png,20,1,adaptive,24.0578597654606,0.592796478628555,6.2638048
BSD68,test064.png,20,1,bilateral,25.6890184441161,0.691314818014647,1.5350757
BSD68,test064.png,20,1,guided,25.4479657390315,0.681208144145617,0.0181885
BSD68,test064.png,20,1,l0,21.1824976816794,0.406718474176736,4.9071026
BSD68,test064.png,20,1,lgss,24.6302382119,0.6389679282,3.6646151
BSD68,test064.png,20,1,original,19.4283315700592,0.337837603949667,5.7077461
BSD68,test064.png,20,1,tv,16.9048623261,0.3205253788,0.9785691
BSD68,test065.png,20,1,adaptive,23.4955703394642,0.626269135662927,6.9198774
BSD68,test065.png,20,1,bilateral,27.0192754526532,0.708750359619384,0.8317671
BSD68,test065.png,20,1,guided,26.6145765832415,0.695039047102453,0.0142147
BSD68,test065.png,20,1,l0,20.9730319691848,0.494003425897151,3.0629722
BSD68,test065.png,20,1,lgss,24.1860799705,0.656556652,3.7715584
BSD68,test065.png,20,1,original,18.4716159164964,0.401426906176777,6.5497864
BSD68,test065.png,20,1,tv,17.448332924,0.2405579642,0.9495345
BSD68,test066.png,20,1,adaptive,27.9586223917976,0.884712075040314,7.1043063
BSD68,test066.png,20,1,bilateral,29.2823096053984,0.535135453302745,0.6931723
BSD68,test066.png,20,1,guided,29.3013091149374,0.542092388178362,0.0140794
BSD68,test066.png,20,1,l0,26.1525500836438,0.934041142516137,3.191675
BSD68,test066.png,20,1,lgss,28.368085706,0.924897882,3.8090689
BSD68,test066.png,20,1,original,23.391509846074,0.898185268039313,5.906081
BSD68,test066.png,20,1,tv,16.6033162277,0.0738580265,0.9588583
BSD68,test067.png,20,1,adaptive,23.178911473546,0.790712448190325,7.4613684
BSD68,test067.png,20,1,bilateral,24.1102062695764,0.829173103475891,0.7158633
BSD68,test067.png,20,1,guided,23.6716241932279,0.81605970721287,0.0146277
BSD68,test067.png,20,1,l0,19.6419684432847,0.561097179721091,3.2204122
BSD68,test067.png,20,1,lgss,22.8360478133,0.7498876365,4.968426
BSD68,test067.png,20,1,original,19.0235429333583,0.482742377144321,9.0307339
BSD68,test067.png,20,1,tv,17.2417803037,0.5672320866,0.9637603
BSD68,test068.png,20,1,adaptive,24.1068781005182,0.818627297062079,4.5186686
BSD68,test068.png,20,1,bilateral,25.7042508875475,0.818209249755461,0.5553676
BSD68,test068.png,20,1,guided,25.1926076238298,0.81094603931655,0.0098436
BSD68,test068.png,20,1,l0,20.314174542306,0.617145039152812,2.2491998
BSD68,test068.png,20,1,lgss,24.2497092193,0.8220636811,5.1591239
BSD68,test068.png,20,1,original,19.2184881649334,0.536688455176259,4.41532
BSD68,test068.png,20,1,tv,17.818220309,0.4039650136,1.6430622
BSD68,test001.png,25,1,adaptive,22.187308485241,0.581718362771769,3.9560248
BSD68,test001.png,25,1,bilateral,23.4711373808216,0.631150789752857,0.5895273
BSD68,test001.png,25,1,guided,23.4137568294431,0.624734325842202,0.0077272
BSD68,test001.png,25,1,l0,20.6196682377344,0.412310153409021,1.8628491
BSD68,test001.png,25,1,lgss,22.8080497406,0.585202483,4.7659831
BSD68,test001.png,25,1,original,19.437947712886,0.342832215019348,3.6135853
BSD68,test001.png,25,1,tv,16.5448805287,0.3367787029,1.4405983
BSD68,test002.png,25,1,adaptive,23.914222586094,0.65740109498775,4.9756784
BSD68,test002.png,25,1,bilateral,24.8935827400716,0.57709010930897,0.7587851
BSD68,test002.png,25,1,guided,24.7729930860456,0.587950823290978,0.0114147
BSD68,test002.png,25,1,l0,22.5732449707577,0.692565143945185,2.0990891
BSD68,test002.png,25,1,lgss,24.8141764574,0.7831917598,4.4297707
BSD68,test002.png,25,1,original,20.2027571905138,0.651395962590235,4.4167979
BSD68,test002.png,25,1,tv,16.518157325,0.1934110106,1.1496966
BSD68,test003.png,25,1,adaptive,23.5787196651487,0.525914331952581,3.8629151
BSD68,test003.png,25,1,bilateral,24.366301694126,0.476017384766372,0.7498772
BSD68,test003.png,25,1,guided,24.4026113722681,0.477589679454697,0.0099038
BSD68,test003.png,25,1,l0,21.7240646743764,0.70485356948314,2.1483161
BSD68,test003.png,25,1,lgss,24.3318608889,0.7726144724,4.2316307
BSD68,test003.png,25,1,original,21.0317926603096,0.675037949723429,3.5523359
BSD68,test003.png,25,1,tv,16.1983710104,0.2024962699,1.0988759
BSD68,test004.png,25,1,adaptive,23.7051333990753,0.509443133131943,4.7465199
BSD68,test004.png,25,1,bilateral,24.4773730613663,0.471817192879676,0.5660264
BSD68,test004.png,25,1,guided,24.6344391606808,0.472872977398291,0.0096093
BSD68,test004.png,25,1,l0,21.3460560921978,0.563544637684267,2.4406174
BSD68,test004.png,25,1,lgss,24.2743447778,0.6506796933,4.5699004
BSD68,test004.png,25,1,original,19.2106431566174,0.520665125082353,4.3455772
BSD68,test004.png,25,1,tv,16.0978468199,0.1579692337,1.1582734
BSD68,test005.png,25,1,adaptive,22.5114037852639,0.636376336816597,5.292279
BSD68,test005.png,25,1,bilateral,24.0562788571196,0.629456582254749,0.6252475
BSD68,test005.png,25,1,guided,24.0594816813373,0.63716617434974,0.0131758
BSD68,test005.png,25,1,l0,20.1546494650719,0.50713049420051,2.6142138
BSD68,test005.png,25,1,lgss,23.003192871,0.6761408257,4.3053351
BSD68,test005.png,25,1,original,18.1904824990076,0.433593066032698,4.7117936
BSD68,test005.png,25,1,tv,16.6339397959,0.2710326777,1.0846124
BSD68,test006.png,25,1,adaptive,23.2378863717653,0.589688299353748,4.6013985
BSD68,test006.png,25,1,bilateral,25.5930129198189,0.465357424568359,0.5959257
BSD68,test006.png,25,1,guided,25.7589909137692,0.485341993050111,0.0108956
BSD68,test006.png,25,1,l0,21.4879068195114,0.734178890568803,2.2997551
BSD68,test006.png,25,1,lgss,23.4058302795,0.7594520777,4.2416246
BSD68,test006.png,25,1,original,18.8306947810035,0.71215425404994,5.3844116
BSD68,test006.png,25,1,tv,16.5313593386,0.1154488963,1.0715901
BSD68,test007.png,25,1,adaptive,22.866386621343,0.579048067745387,4.6714206
BSD68,test007.png,25,1,bilateral,23.6698444509349,0.578297625455391,0.5591944
BSD68,test007.png,25,1,guided,23.6288594685652,0.571538696923501,0.0096942
BSD68,test007.png,25,1,l0,21.2215583799527,0.495209800108743,3.0182266
BSD68,test007.png,25,1,lgss,23.5289335222,0.6442896994,4.2333094
BSD68,test007.png,25,1,original,19.8190533505057,0.421471323966483,4.2113122
BSD68,test007.png,25,1,tv,16.2516411759,0.2733194303,1.074728
BSD68,test008.png,25,1,adaptive,22.3527131516233,0.598210420910036,15.7400847
BSD68,test008.png,25,1,bilateral,23.3939310723756,0.615197996342036,0.8425837
BSD68,test008.png,25,1,guided,23.4059870881116,0.612922591542884,0.0264914
BSD68,test008.png,25,1,l0,20.5576536410772,0.449001184361247,3.2154214
BSD68,test008.png,25,1,lgss,22.7974173701,0.6346344647,10.4008595
BSD68,test008.png,25,1,original,20.2892202834978,0.41524107725787,12.5032987
BSD68,test008.png,25,1,tv,16.4789232448,0.3330988012,1.7771916
BSD68,test009.png,25,1,adaptive,23.7357188685547,0.626581742032142,10.6943816
BSD68,test009.png,25,1,bilateral,24.2655094654509,0.546941574811667,1.3494963
BSD68,test009.png,25,1,guided,24.3527893614531,0.552815791957322,0.0203304
BSD68,test009.png,25,1,l0,20.7580250031775,0.531322923707457,5.9389409
BSD68,test009.png,25,1,lgss,24.0480591031,0.6895339641,4.5088637
BSD68,test009.png,25,1,original,19.547384983274,0.487133185381432,12.2019682
BSD68,test009.png,25,1,tv,16.7153844109,0.2359127544,1.6599457
BSD68,test010.png,25,1,adaptive,23.4584542682464,0.498763529280599,9.9266577
BSD68,test010.png,25,1,bilateral,24.367974432246,0.474789433740484,0.9045323
BSD68,test010.png,25,1,guided,24.4710590174123,0.474223090809194,0.016738
BSD68,test010.png,25,1,l0,21.4318996989222,0.573728875878609,4.1003224
BSD68,test010.png,25,1,lgss,24.1338932857,0.6601563642,4.3856747
BSD68,test010.png,25,1,original,19.7397808279198,0.528344165579759,7.9610104
BSD68,test010.png,25,1,tv,16.011712823,0.1696317141,1.0719018
BSD68,test011.png,25,1,adaptive,23.1236774189361,0.663724990737183,9.7348022
BSD68,test011.png,25,1,bilateral,23.8687452595927,0.633214619723327,0.8699147
BSD68,test011.png,25,1,guided,23.4566432075876,0.613128450323775,0.0188722
BSD68,test011.png,25,1,l0,21.6161213583475,0.579432763056647,4.785748
BSD68,test011.png,25,1,lgss,24.0255635837,0.7240932108,6.0933909
BSD68,test011.png,25,1,original,20.1465928218442,0.500180593160206,7.0009505
BSD68,test011.png,25,1,tv,16.6808007631,0.3411778899,1.0953665
BSD68,test012.png,25,1,adaptive,22.8845869838614,0.548170977914966,11.0121189
BSD68,test012.png,25,1,bilateral,23.7836678443176,0.549285644747987,0.8571452
BSD68,test012.png,25,1,guided,23.8000359899003,0.542771241945002,0.0148477
BSD68,test012.png,25,1,l0,21.5192291867617,0.465303200111914,3.3327654
BSD68,test012.png,25,1,lgss,23.7232610464,0.6270031296,4.193141
BSD68,test012.png,25,1,original,19.7942303347695,0.380697794909235,7.551908
BSD68,test012.png,25,1,tv,16.0498567006,0.2383773433,1.0751571
BSD68,test013.png,25,1,adaptive,23.389474368468,0.512122669075134,8.4212827
BSD68,test013.png,25,1,bilateral,24.228705004156,0.494780783654934,0.7993195
BSD68,test013.png,25,1,guided,24.375666337741,0.494884603659533,0.0222153
BSD68,test013.png,25,1,l0,21.024735042946,0.508457564359177,3.4331589
BSD68,test013.png,25,1,lgss,23.9319365084,0.6288423336,4.6560466
BSD68,test013.png,25,1,original,18.0727473259155,0.445288070816081,5.6234978
BSD68,test013.png,25,1,tv,16.0124536455,0.1765283536,1.0480581
BSD68,test014.png,25,1,adaptive,23.8825969559503,0.509353483208653,6.6117761
BSD68,test014.png,25,1,bilateral,24.6967149860525,0.452729476796599,1.0264395
BSD68,test014.png,25,1,guided,24.7228395916746,0.453464371445707,0.0168215
BSD68,test014.png,25,1,l0,23.5198730977861,0.697976249018825,3.1583186
BSD68,test014.png,25,1,lgss,25.5776757782,0.7735578439,4.1152171
BSD68,test014.png,25,1,original,20.4792426960648,0.643311439033906,7.0222599
BSD68,test014.png,25,1,tv,16.153104267,0.1663317658,1.0797667
BSD68,test015.png,25,1,adaptive,22.9246103549815,0.601425508408664,6.7122851
BSD68,test015.png,25,1,bilateral,23.7652835174897,0.57632041027434,0.7378426
BSD68,test015.png,25,1,guided,23.7901826064263,0.577474407938525,0.0164275
BSD68,test015.png,25,1,l0,20.7644571716138,0.516005705989815,3.3242915
BSD68,test015.png,25,1,lgss,23.0622266537,0.6625117552,4.2532043
BSD68,test015.png,25,1,original,19.5710680841104,0.461463214468791,6.7709447
BSD68,test015.png,25,1,tv,16.4947498099,0.2839737483,1.0525713
BSD68,test016.png,25,1,adaptive,22.417096228145,0.655232927923535,8.0144586
BSD68,test016.png,25,1,bilateral,23.2058763450501,0.652632857216331,0.8993428
BSD68,test016.png,25,1,guided,22.850725583323,0.634123381183843,0.0166275
BSD68,test016.png,25,1,l0,21.2370444922484,0.620421406922985,3.4860823
BSD68,test016.png,25,1,lgss,22.922311779,0.7091993227,4.2003879
BSD68,test016.png,25,1,original,19.7030592184218,0.533931165235845,6.6304588
BSD68,test016.png,25,1,tv,16.2752887484,0.3734680967,1.1007657
BSD68,test017.png,25,1,adaptive,24.8873233699156,0.540099963187541,6.6085767
BSD68,test017.png,25,1,bilateral,25.8117694962551,0.440310492234224,0.7527898
BSD68,test017.png,25,1,guided,26.0583970537317,0.454897514396463,0.0303533
BSD68,test017.png,25,1,l0,21.0999377434158,0.648410010792957,3.3556418
BSD68,test017.png,25,1,lgss,25.9110110937,0.7025055254,5.3779682
BSD68,test017.png,25,1,original,18.6609035822004,0.581086385220019,6.3273175
BSD68,test017.png,25,1,tv,16.6403412699,0.1025872782,1.1088404
BSD68,test018.png,25,1,adaptive,24.4975316755046,0.48172449368275,7.5645082
BSD68,test018.png,25,1,bilateral,25.1888906756436,0.396890449310377,0.8137418
BSD68,test018.png,25,1,guided,25.4530226600134,0.404571860196439,0.0161984
BSD68,test018.png,25,1,l0,23.5495455187957,0.742417935264123,3.6303349
BSD68,test018.png,25,1,lgss,26.3963117667,0.7558004634,4.1035691
BSD68,test018.png,25,1,original,20.0966111170758,0.688997930919169,6.5366108
BSD68,test018.png,25,1,tv,16.1966449559,0.1079723332,1.096077
BSD68,test019.png,25,1,adaptive,23.2795090913046,0.584372288451265,7.0011532
BSD68,test019.png,25,1,bilateral,24.3694378362889,0.543465955800195,0.8270024
BSD68,test019.png,25,1,guided,24.1970960084449,0.540081292334938,0.0151808
BSD68,test019.png,25,1,l0,22.2653601175444,0.610857179986854,3.5042618
BSD68,test019.png,25,1,lgss,24.4767634477,0.702070112,4.1772877
BSD68,test019.png,25,1,original,20.9155614765486,0.570295560674509,6.5303861
BSD68,test019.png,25,1,tv,16.4301896127,0.2500647346,1.0684089
BSD68,test020.png,25,1,adaptive,23.9315470900242,0.561543323770452,6.9580793
BSD68,test020.png,25,1,bilateral,24.6074395324324,0.492598014120684,0.732768
BSD68,test020.png,25,1,guided,24.5989992629786,0.495246374136143,0.0143148
BSD68,test020.png,25,1,l0,21.9912545700692,0.706001158129067,3.6680147
BSD68,test020.png,25,1,lgss,24.56164915,0.7735222794,4.1380873
BSD68,test020.png,25,1,original,20.1539107749881,0.664393793523925,6.2762357
BSD68,test020.png,25,1,tv,16.5288129413,0.2159510078,1.0547709
BSD68,test021.png,25,1,adaptive,22.4893654060731,0.733288510611298,7.2548676
BSD68,test021.png,25,1,bilateral,23.2387600567138,0.701892905952418,0.8888164
BSD68,test021.png,25,1,guided,22.9027867777191,0.684562686589499,0.0189824
BSD68,test021.png,25,1,l0,20.8720918392806,0.655788103417132,3.35749
BSD68,test021.png,25,1,lgss,22.7302885255,0.7536451784,4.1903555
BSD68,test021.png,25,1,original,20.0447518132915,0.58971439387267,6.609762
BSD68,test021.png,25,1,tv,16.9208720558,0.4363333223,1.3227287
BSD68,test022.png,25,1,adaptive,22.3544573685855,0.644038731328902,9.7192657
BSD68,test022.png,25,1,bilateral,23.283075600087,0.657455959397835,0.8631988
BSD68,test022.png,25,1,guided,23.1292202341276,0.646343069904939,0.01672
BSD68,test022.png,25,1,l0,20.7820514040027,0.492977893704689,2.9478739
BSD68,test022.png,25,1,lgss,22.8763100459,0.6576732051,4.1459338
BSD68,test022.png,25,1,original,19.4858871018911,0.400092401283365,7.9060864
BSD68,test022.png,25,1,tv,16.5379363923,0.3708266219,1.0710632
BSD68,test023.png,25,1,adaptive,23.2327264168757,0.57740627851636,6.6747178
BSD68,test023.png,25,1,bilateral,23.991264602733,0.54990349250497,0.7547222
BSD68,test023.png,25,1,guided,23.8910436856554,0.543029787190242,0.0140226
BSD68,test023.png,25,1,l0,21.9699949945731,0.608055901023849,3.2514894
BSD68,test023.png,25,1,lgss,24.1774941834,0.7099657355,4.1294848
BSD68,test023.png,25,1,original,19.6213500673787,0.516021784099482,6.4772729
BSD68,test023.png,25,1,tv,16.3229201565,0.2518194634,1.0873119
BSD68,test024.png,25,1,adaptive,23.201025115804,0.647379060889008,5.1421055
BSD68,test024.png,25,1,bilateral,24.1812740337121,0.606203444367483,0.593278
BSD68,test024.png,25,1,guided,24.1031161826277,0.603728425708997,0.0102943
BSD68,test024.png,25,1,l0,21.1094956991172,0.548056492029248,2.5479408
BSD68,test024.png,25,1,lgss,23.1840483118,0.6800592422,4.5553647
BSD68,test024.png,25,1,original,18.8383659173411,0.447096270743225,4.7544722
BSD68,test024.png,25,1,tv,16.8225842078,0.2706628357,1.0821445
BSD68,test025.png,25,1,adaptive,23.3916552052826,0.58375247606034,10.1727278
BSD68,test025.png,25,1,bilateral,24.0766437213608,0.49902622633495,0.9140948
BSD68,test025.png,25,1,guided,24.1263384694426,0.502721194192642,0.0168245
BSD68,test025.png,25,1,l0,22.3308667720941,0.744477761988283,3.5794763
BSD68,test025.png,25,1,lgss,23.410508063,0.8319824838,4.1258018
BSD68,test025.png,25,1,original,19.8845646754598,0.680476951657953,10.6631758
BSD68,test025.png,25,1,tv,16.2548296942,0.2288144475,1.1145075
BSD68,test026.png,25,1,adaptive,23.0689331357205,0.560186869328505,5.0568615
BSD68,test026.png,25,1,bilateral,23.9994814908783,0.549156969427858,0.6010157
BSD68,test026.png,25,1,guided,24.0271774528561,0.547056659245136,0.0107854
BSD68,test026.png,25,1,l0,21.8074373554689,0.537797219023777,2.6219651
BSD68,test026.png,25,1,lgss,23.8999449825,0.6547799082,4.2879754
BSD68,test026.png,25,1,original,19.0992614546005,0.451116546117163,4.8630978
BSD68,test026.png,25,1,tv,16.2990074085,0.2380856777,1.0767662
BSD68,test027.png,25,1,adaptive,23.5066754830701,0.505326773084949,4.9086838
BSD68,test027.png,25,1,bilateral,24.3921728516817,0.474179300676441,0.608153
BSD68,test027.png,25,1,guided,24.5897293290126,0.477894948333472,0.0104867
BSD68,test027.png,25,1,l0,21.2382605183523,0.552633665287447,2.3842109
BSD68,test027.png,25,1,lgss,24.1500007331,0.6562044345,4.1979006
BSD68,test027.png,25,1,original,19.1462351681214,0.49565503536354,4.6622277
BSD68,test027.png,25,1,tv,16.0922523337,0.1685296061,1.0743887
BSD68,test028.png,25,1,adaptive,26.9132547418759,0.801583026924805,5.0866556
BSD68,test028.png,25,1,bilateral,27.4092755186185,0.616416310035452,0.5920664
BSD68,test028.png,25,1,guided,26.9716500447199,0.642182486481542,0.0135702
BSD68,test028.png,25,1,l0,25.8495640420582,0.77024470582966,2.4705082
BSD68,test028.png,25,1,lgss,27.1419142313,0.8339847421,4.3138941
BSD68,test028.png,25,1,original,25.2751599297909,0.761157112143409,4.8795697
BSD68,test028.png,25,1,tv,17.9774845938,0.1438973266,1.1525377
BSD68,test029.png,25,1,adaptive,21.7144131895377,0.718631261221062,5.1675085
BSD68,test029.png,25,1,bilateral,22.6724513795414,0.710022330358736,0.5793567
BSD68,test029.png,25,1,guided,22.5491198735445,0.704113922948213,0.0099054
BSD68,test029.png,25,1,l0,19.9198102676597,0.59539673272611,2.3812197
BSD68,test029.png,25,1,lgss,22.1153173859,0.7312097409,4.043753
BSD68,test029.png,25,1,original,19.9028855076498,0.562614848486721,6.5645319
BSD68,test029.png,25,1,tv,16.6888283567,0.492006523,1.0741767
BSD68,test030.png,25,1,adaptive,23.5113577592685,0.485137086395768,5.3221522
BSD68,test030.png,25,1,bilateral,24.3704825511086,0.473386269588026,0.5933757
BSD68,test030.png,25,1,guided,24.5046191327057,0.472532210347928,0.009736
BSD68,test030.png,25,1,l0,21.5291982952344,0.537496349035637,2.438397
BSD68,test030.png,25,1,lgss,24.4436989975,0.6102200555,4.2509559
BSD68,test030.png,25,1,original,20.4810658873517,0.502108613165614,4.4822383
BSD68,test030.png,25,1,tv,15.974893877,0.1630047885,1.204224
BSD68,test031.png,25,1,adaptive,21.1375864407445,0.718517960183093,6.4112313
BSD68,test031.png,25,1,bilateral,22.3469719713584,0.739764081029666,0.7734456
BSD68,test031.png,25,1,guided,22.3556296882053,0.733360567310003,0.0162093
BSD68,test031.png,25,1,l0,19.4246400810345,0.451345351746916,2.5580808
BSD68,test031.png,25,1,lgss,21.3554145003,0.7053318152,4.0661972
BSD68,test031.png,25,1,original,18.7594263275002,0.352938169983163,9.0767255
BSD68,test031.png,25,1,tv,16.3762717695,0.496612836,1.0616901
BSD68,test032.png,25,1,adaptive,22.0196222735703,0.6400000978917,4.2608784
BSD68,test032.png,25,1,bilateral,22.9836567507197,0.653562229311941,0.5444622
BSD68,test032.png,25,1,guided,22.9408513100248,0.644839828816936,0.0102389
BSD68,test032.png,25,1,l0,20.4063716922051,0.420776804041929,2.4061814
BSD68,test032.png,25,1,lgss,22.5073188525,0.6560846187,4.737064
BSD68,test032.png,25,1,original,18.4254304574706,0.274255853211214,4.0137563
BSD68,test032.png,25,1,tv,16.0766586744,0.3488273495,1.0775319
BSD68,test033.png,25,1,adaptive,23.0819834397328,0.616669915175195,4.6182438
BSD68,test033.png,25,1,bilateral,23.8440549162996,0.552259388407657,0.5680217
BSD68,test033.png,25,1,guided,23.7438666696266,0.547326252803742,0.0104789
BSD68,test033.png,25,1,l0,21.9104959134617,0.720593655504829,2.36245
BSD68,test033.png,25,1,lgss,24.4868826693,0.829262939,4.058744
BSD68,test033.png,25,1,original,19.9177508203,0.628410606573867,4.3570369
BSD68,test033.png,25,1,tv,16.3106913524,0.2880017046,1.0712588
BSD68,test034.png,25,1,adaptive,24.7551240543924,0.566259730772729,4.6016432
BSD68,test034.png,25,1,bilateral,25.2984025487932,0.440300296523103,0.5574581
BSD68,test034.png,25,1,guided,25.4634929936892,0.451421730941292,0.0116439
BSD68,test034.png,25,1,l0,22.6645597343215,0.723229185439861,2.3721125
BSD68,test034.png,25,1,lgss,25.8580979863,0.7374927973,4.1602898
BSD68,test034.png,25,1,original,19.502053601228,0.674413088147819,4.3137608
BSD68,test034.png,25,1,tv,16.4579047547,0.1254946897,1.0854841
BSD68,test035.png,25,1,adaptive,23.1947156069267,0.585744248469614,5.1297718
BSD68,test035.png,25,1,bilateral,24.0118594093997,0.548685581512513,0.6243894
BSD68,test035.png,25,1,guided,23.9889135572784,0.546546646719542,0.0097148
BSD68,test035.png,25,1,l0,21.92810264939,0.560358463071364,2.245509
BSD68,test035.png,25,1,lgss,23.9864584787,0.6889548328,4.1167117
BSD68,test035.png,25,1,original,19.2917580901759,0.47559315071396,4.9139384
BSD68,test035.png,25,1,tv,16.3469799488,0.2485210052,1.1180758
BSD68,test036.png,25,1,adaptive,22.674496681447,0.421118988728644,4.7249879
BSD68,test036.png,25,1,bilateral,24.3221925161126,0.488269189654764,0.5748247
BSD68,test036.png,25,1,guided,24.5735665853262,0.494242039860179,0.0112679
BSD68,test036.png,25,1,l0,24.9817013011224,0.38739703191562,2.2936466
BSD68,test036.png,25,1,lgss,22.654992241,0.4378375964,4.1410444
BSD68,test036.png,25,1,original,24.8863736305627,0.374366492234093,4.214074
BSD68,test036.png,25,1,tv,15.9545628032,0.1873180413,1.0678933
BSD68,test037.png,25,1,adaptive,23.3238267591264,0.541262318778953,4.6214268
BSD68,test037.png,25,1,bilateral,24.4424332468258,0.507302661440379,0.6135396
BSD68,test037.png,25,1,guided,24.5274222862006,0.509288761052048,0.0121175
BSD68,test037.png,25,1,l0,22.0159609486428,0.562659019185998,2.4057408
BSD68,test037.png,25,1,lgss,24.073588949,0.6586626535,4.0516154
BSD68,test037.png,25,1,original,20.0772085771988,0.491186611440881,4.2774022
BSD68,test037.png,25,1,tv,16.3719261287,0.2060560695,1.0483475
BSD68,test038.png,25,1,adaptive,23.3946626946482,0.530759612972205,4.7899397
BSD68,test038.png,25,1,bilateral,24.2875957950628,0.515660723238962,0.5881374
BSD68,test038.png,25,1,guided,24.4010166706795,0.514938862542163,0.0112896
BSD68,test038.png,25,1,l0,21.343021121237,0.494478054465469,2.3840294
BSD68,test038.png,25,1,lgss,24.1148460424,0.6353009998,4.1012747
BSD68,test038.png,25,1,original,19.4230721870416,0.429821181529073,4.4789634
BSD68,test038.png,25,1,tv,16.3365543853,0.2040519772,1.0738139
BSD68,test039.png,25,1,adaptive,24.0487500117353,0.519892568463457,6.3745848
BSD68,test039.png,25,1,bilateral,24.6198101329818,0.456260299472513,0.7421264
BSD68,test039.png,25,1,guided,24.5363817827368,0.449008018087429,0.0150691
BSD68,test039.png,25,1,l0,23.6642698571775,0.72572209712876,3.3410859
BSD68,test039.png,25,1,lgss,25.9175752769,0.7563222027,3.7010855
BSD68,test039.png,25,1,original,20.6018383496215,0.676660575261732,6.6021498
BSD68,test039.png,25,1,tv,16.0276457958,0.1558991767,0.9777689
BSD68,test040.png,25,1,adaptive,23.3228548502981,0.552705060923505,7.0491963
BSD68,test040.png,25,1,bilateral,24.230457455387,0.538247397094432,0.7776691
BSD68,test040.png,25,1,guided,24.0327675763488,0.531953388848587,0.0180306
BSD68,test040.png,25,1,l0,22.5863533696875,0.611646313352191,3.5871907
BSD68,test040.png,25,1,lgss,24.7675127478,0.6803247758,3.6875242
BSD68,test040.png,25,1,original,20.7200557336346,0.537384161635406,6.6597042
BSD68,test040.png,25,1,tv,16.1777668332,0.2395429757,0.9719147
BSD68,test041.png,25,1,adaptive,23.0183888588395,0.618116404136848,5.1321684
BSD68,test041.png,25,1,bilateral,24.129978672082,0.590954937598516,0.8950384
BSD68,test041.png,25,1,guided,24.011037802789,0.588080424106955,0.0129157
BSD68,test041.png,25,1,l0,21.5347719046075,0.561541487688599,2.852083
BSD68,test041.png,25,1,lgss,23.8034002617,0.6995149374,3.7722435
BSD68,test041.png,25,1,original,18.8876888902164,0.454938268245842,4.5661923
BSD68,test041.png,25,1,tv,16.6679008202,0.2836261177,0.9613746
BSD68,test042.png,25,1,adaptive,23.4554545149847,0.518056127859122,4.9154056
BSD68,test042.png,25,1,bilateral,24.3711237337089,0.488483000786356,0.6585474
BSD68,test042.png,25,1,guided,24.335311090836,0.486882719246781,0.0094002
BSD68,test042.png,25,1,l0,23.1378518430799,0.669192696449651,2.5530822
BSD68,test042.png,25,1,lgss,25.1950292834,0.7158586937,3.771548
BSD68,test042.png,25,1,original,21.3829772639147,0.627092676828241,5.1449011
BSD68,test042.png,25,1,tv,16.1654414485,0.2090287427,1.0476629
BSD68,test043.png,25,1,adaptive,23.5976001833436,0.598171162600435,5.8050623
BSD68,test043.png,25,1,bilateral,24.219347176115,0.543159844054537,0.7178888
BSD68,test043.png,25,1,guided,24.0394767877578,0.538389799062765,0.0102979
BSD68,test043.png,25,1,l0,21.1540764390358,0.66037224414245,2.6726485
BSD68,test043.png,25,1,lgss,24.3012200424,0.7393923474,3.7172819
BSD68,test043.png,25,1,original,20.6051503540652,0.621465422128117,5.0007456
BSD68,test043.png,25,1,tv,16.441077198,0.2432315602,0.983286
BSD68,test044.png,25,1,adaptive,22.4239374253829,0.596421108164213,6.9260473
BSD68,test044.png,25,1,bilateral,23.5604544514338,0.578539886924496,0.8591898
BSD68,test044.png,25,1,guided,23.5847693472525,0.575125188047698,0.0169324
BSD68,test044.png,25,1,l0,21.3722617195029,0.53638623884769,3.0044496
BSD68,test044.png,25,1,lgss,22.9258490126,0.7263094935,3.775238
BSD68,test044.png,25,1,original,20.0507252135827,0.459823474410026,6.2544365
BSD68,test044.png,25,1,tv,16.3329600077,0.2993039904,0.9830844
BSD68,test045.png,25,1,adaptive,24.3076541050604,0.444253254011479,4.5393737
BSD68,test045.png,25,1,bilateral,25.0957699947819,0.380005656632898,0.567687
BSD68,test045.png,25,1,guided,25.3948357599011,0.387538411151236,0.009226
BSD68,test045.png,25,1,l0,22.0233233774684,0.713663456717899,2.1787802
BSD68,test045.png,25,1,lgss,25.5200890023,0.7087397928,3.6543691
BSD68,test045.png,25,1,original,20.6424534509982,0.686722188780183,4.3247934
BSD68,test045.png,25,1,tv,15.9528558001,0.0942588991,0.96636
BSD68,test046.png,25,1,adaptive,22.2479140530598,0.634814853140748,4.5123936
BSD68,test046.png,25,1,bilateral,23.2968661729127,0.649342307760192,0.5540062
BSD68,test046.png,25,1,guided,23.051686209083,0.636942480526554,0.0095286
BSD68,test046.png,25,1,l0,21.065376179993,0.524778479396052,2.1956742
BSD68,test046.png,25,1,lgss,22.8989092719,0.6519259882,3.6640915
BSD68,test046.png,25,1,original,20.3662349276261,0.45727269190114,4.1853273
BSD68,test046.png,25,1,tv,16.3454094943,0.3676475155,0.9776566
BSD68,test047.png,25,1,adaptive,22.1256136095604,0.587989942299593,4.5381183
BSD68,test047.png,25,1,bilateral,23.2896665905578,0.611927139842467,0.8058723
BSD68,test047.png,25,1,guided,23.3242112335009,0.607112892733102,0.0121719
BSD68,test047.png,25,1,l0,20.2983623638196,0.398639203284867,3.4575647
BSD68,test047.png,25,1,lgss,22.5565784903,0.6089495873,4.3350961
BSD68,test047.png,25,1,original,19.0496367695932,0.315959358782897,4.1914985
BSD68,test047.png,25,1,tv,16.0616888128,0.3072932414,1.0055361
BSD68,test048.png,25,1,adaptive,23.3824707227368,0.659670452296195,4.8621299
BSD68,test048.png,25,1,bilateral,24.0813385638532,0.601483462124823,0.572264
BSD68,test048.png,25,1,guided,23.6957806165188,0.588329568222556,0.010055
BSD68,test048.png,25,1,l0,21.9534568610992,0.706558430303363,2.5015323
BSD68,test048.png,25,1,lgss,24.4784912529,0.7981345393,3.844615
BSD68,test048.png,25,1,original,20.1503751370594,0.640441721085692,5.598384
BSD68,test048.png,25,1,tv,16.6279904179,0.304242091,0.9746638
BSD68,test049.png,25,1,adaptive,23.983108872488,0.541158094745734,6.736951
BSD68,test049.png,25,1,bilateral,25.2515725001585,0.47028102693489,0.596661
BSD68,test049.png,25,1,guided,25.3916529629784,0.484058953655559,0.0100665
BSD68,test049.png,25,1,l0,24.5179572919642,0.715469290814242,2.3936233
BSD68,test049.png,25,1,lgss,25.3980353787,0.7105288465,3.6720146
BSD68,test049.png,25,1,original,19.0719222842982,0.655538327581268,6.7482441
BSD68,test049.png,25,1,tv,16.3747233139,0.1241159728,0.9452413
BSD68,test050.png,25,1,adaptive,22.2580773816725,0.604268054177496,5.0672174
BSD68,test050.png,25,1,bilateral,23.6084717667381,0.618326448114343,0.5557248
BSD68,test050.png,25,1,guided,23.6016206288007,0.618925569288728,0.0094462
BSD68,test050.png,25,1,l0,20.7018190714251,0.4861143769161,2.188159
BSD68,test050.png,25,1,lgss,22.7824794572,0.6404781958,3.8256039
BSD68,test050.png,25,1,original,18.6463132196053,0.401568069413532,4.3652146
BSD68,test050.png,25,1,tv,16.3735886422,0.3077601836,0.9780258
BSD68,test051.png,25,1,adaptive,22.7098673783463,0.577085000257213,5.253658
BSD68,test051.png,25,1,bilateral,23.7453619241242,0.574711736788038,0.7918348
BSD68,test051.png,25,1,guided,23.4666222331031,0.569621132738824,0.0151712
BSD68,test051.png,25,1,l0,20.9049254743346,0.602458679501203,3.0626843
BSD68,test051.png,25,1,lgss,23.316384072,0.6645355774,3.6930693
BSD68,test051.png,25,1,original,21.1179902550085,0.594008745954097,4.1583201
BSD68,test051.png,25,1,tv,16.1483092757,0.3057835767,1.0289645
BSD68,test052.png,25,1,adaptive,23.835477628225,0.593842337980895,7.2791057
BSD68,test052.png,25,1,bilateral,25.5564230898218,0.494932244848879,0.7494046
BSD68,test052.png,25,1,guided,25.7144297939707,0.516173297081011,0.0120452
BSD68,test052.png,25,1,l0,23.6225180289584,0.707781325448424,3.0045659
BSD68,test052.png,25,1,lgss,25.1968164625,0.6921452035,3.7216763
BSD68,test052.png,25,1,original,20.4057504131828,0.679519886414604,5.9816435
BSD68,test052.png,25,1,tv,16.569861005,0.1238278253,0.945495
BSD68,test053.png,25,1,adaptive,24.0048422141117,0.43573634628075,7.8446338
BSD68,test053.png,25,1,bilateral,24.9785400777874,0.407600186354227,0.8102169
BSD68,test053.png,25,1,guided,25.2952887772229,0.415118733681854,0.0156058
BSD68,test053.png,25,1,l0,22.9553744365185,0.613401010622004,3.4045983
BSD68,test053.png,25,1,lgss,25.2844442316,0.6096257982,3.6826444
BSD68,test053.png,25,1,original,21.5949073764423,0.599325884178244,6.0632187
BSD68,test053.png,25,1,tv,16.0242057854,0.1086873189,1.04264
BSD68,test054.png,25,1,adaptive,22.9684404844756,0.564400314682044,10.4142248
BSD68,test054.png,25,1,bilateral,23.8802864528535,0.555660671289263,0.7672109
BSD68,test054.png,25,1,guided,23.7882576722188,0.54808486451212,0.0117431
BSD68,test054.png,25,1,l0,22.4330745129535,0.591029720868517,4.4842129
BSD68,test054.png,25,1,lgss,24.1622883059,0.6875251041,3.7409528
BSD68,test054.png,25,1,original,18.6843877028978,0.469569964441979,10.5485245
BSD68,test054.png,25,1,tv,16.1622022903,0.2506504715,0.981715
BSD68,test055.png,25,1,adaptive,22.7574023424731,0.586902779433088,5.4491444
BSD68,test055.png,25,1,bilateral,23.7064418533838,0.592582681781271,1.8014838
BSD68,test055.png,25,1,guided,23.5092568572996,0.581153922743394,0.0241923
BSD68,test055.png,25,1,l0,21.6961843130758,0.523596490063894,4.4483775
BSD68,test055.png,25,1,lgss,23.5475740788,0.651207395,3.8861445
BSD68,test055.png,25,1,original,20.6879185716857,0.467323334459287,5.1800636
BSD68,test055.png,25,1,tv,16.3404805014,0.2980660657,0.9833127
BSD68,test056.png,25,1,adaptive,21.1797766249447,0.696353587070715,5.1888755
BSD68,test056.png,25,1,bilateral,22.55218912574,0.721466410827607,0.5629965
BSD68,test056.png,25,1,guided,22.5192119571689,0.71543717354255,0.0098609
BSD68,test056.png,25,1,l0,19.4972018179953,0.407733205043911,2.4397152
BSD68,test056.png,25,1,lgss,21.4369613561,0.6744847301,3.6601973
BSD68,test056.png,25,1,original,18.5556723919118,0.326762872635006,4.7957544
BSD68,test056.png,25,1,tv,16.3418701036,0.4698854805,0.9630212
BSD68,test057.png,25,1,adaptive,23.2042518722312,0.541181186277725,4.7849699
BSD68,test057.png,25,1,bilateral,24.2367525971223,0.496035105078207,0.9090196
BSD68,test057.png,25,1,guided,24.4071860899435,0.498604906017732,0.0133138
BSD68,test057.png,25,1,l0,21.9425722703372,0.577106703515499,2.3207281
BSD68,test057.png,25,1,lgss,23.9247304389,0.7471181732,3.6833348
BSD68,test057.png,25,1,original,20.1663296855629,0.522757359591461,4.172471
BSD68,test057.png,25,1,tv,16.2117234231,0.2082015683,1.0749877
BSD68,test058.png,25,1,adaptive,23.9009976718407,0.437321986870852,16.393191
BSD68,test058.png,25,1,bilateral,24.9125362175691,0.403946564932131,2.4024618
BSD68,test058.png,25,1,guided,25.2236480981951,0.412067669711538,0.0968062
BSD68,test058.png,25,1,l0,23.4833972449025,0.636905156580535,9.2010383
BSD68,test058.png,25,1,lgss,25.4035591258,0.6761101713,3.7124145
BSD68,test058.png,25,1,original,19.9825176228441,0.611412153042431,13.2364374
BSD68,test058.png,25,1,tv,15.9055655161,0.1106180147,1.0106552
BSD68,test059.png,25,1,adaptive,23.8444577880414,0.476315428689966,4.9931631
BSD68,test059.png,25,1,bilateral,24.793213717006,0.440628272299121,0.8373914
BSD68,test059.png,25,1,guided,24.9360026720046,0.443887138722655,0.0142044
BSD68,test059.png,25,1,l0,23.3012296141773,0.632603236626014,3.1377253
BSD68,test059.png,25,1,lgss,25.2938955774,0.6705901825,3.6768831
BSD68,test059.png,25,1,original,19.2183619417401,0.562058136011917,4.6431608
BSD68,test059.png,25,1,tv,16.1311281137,0.1449184866,0.9611735
BSD68,test060.png,25,1,adaptive,23.8887011773445,0.44603345194646,9.9465281
BSD68,test060.png,25,1,bilateral,24.8710002547947,0.404543190962433,0.9013478
BSD68,test060.png,25,1,guided,25.1301604488859,0.410182089996934,0.0158621
BSD68,test060.png,25,1,l0,22.7296605652235,0.652604055660299,4.8238537
BSD68,test060.png,25,1,lgss,25.4731030697,0.6519132682,3.7744211
BSD68,test060.png,25,1,original,22.4509186876581,0.633118101980083,7.1996429
BSD68,test060.png,25,1,tv,15.930659671,0.1172906901,0.9563458
BSD68,test061.png,25,1,adaptive,23.9208159892811,0.479158188176182,6.2232608
BSD68,test061.png,25,1,bilateral,24.7767820122956,0.437036030461428,0.6528604
BSD68,test061.png,25,1,guided,24.8774427501675,0.43857514401645,0.0112248
BSD68,test061.png,25,1,l0,22.6914476193061,0.665955919848671,2.9869436
BSD68,test061.png,25,1,lgss,25.4879218911,0.7180903255,3.6732036
BSD68,test061.png,25,1,original,22.3838319533808,0.64859907860476,6.8822828
BSD68,test061.png,25,1,tv,16.1240316768,0.1525978746,0.9739377
BSD68,test062.png,25,1,adaptive,24.6218881158715,0.698184998077119,5.8105417
BSD68,test062.png,25,1,bilateral,25.5824767028696,0.57327042670386,1.1073652
BSD68,test062.png,25,1,guided,25.1649028539576,0.579802207389212,0.0184704
BSD68,test062.png,25,1,l0,22.5643782058366,0.704269597569155,3.1167912
BSD68,test062.png,25,1,lgss,23.7358208736,0.7561897325,3.7397459
BSD68,test062.png,25,1,original,20.4661465870638,0.668224670832739,5.3512898
BSD68,test062.png,25,1,tv,17.1950838587,0.2005028902,0.9892123
BSD68,test063.png,25,1,adaptive,22.1406054621843,0.627177600339962,6.3061882
BSD68,test063.png,25,1,bilateral,23.1476814416623,0.645962732021475,0.7126837
BSD68,test063.png,25,1,guided,23.1235761840393,0.63875025457963,0.0094416
BSD68,test063.png,25,1,l0,20.009472218533,0.425884287187543,3.4527106
BSD68,test063.png,25,1,lgss,22.4622949425,0.6368568829,3.6579646
BSD68,test063.png,25,1,original,18.5144898449402,0.32469300278908,5.5315015
BSD68,test063.png,25,1,tv,16.2998642502,0.3438528495,0.9615175
BSD68,test064.png,25,1,adaptive,22.3790598732129,0.564270130909279,7.7725918
BSD68,test064.png,25,1,bilateral,23.5736923535079,0.591555068184923,0.7750566
BSD68,test064.png,25,1,guided,23.5915418978031,0.588645929261692,0.0159985
BSD68,test064.png,25,1,l0,21.4918335589151,0.424771559535012,3.3276481
BSD68,test064.png,25,1,lgss,23.0730666495,0.6025659384,3.6615364
BSD68,test064.png,25,1,original,19.5073494694837,0.347629966391475,7.4727527
BSD68,test064.png,25,1,tv,16.2333327616,0.2918784288,0.9784553
BSD68,test065.png,25,1,adaptive,23.1438909912067,0.596593569253646,6.1101086
BSD68,test065.png,25,1,bilateral,24.7392871064432,0.582373433229642,0.6366025
BSD68,test065.png,25,1,guided,24.6522730616503,0.581587890289399,0.0112609
BSD68,test065.png,25,1,l0,21.0082668384499,0.497482948048435,2.794601
BSD68,test065.png,25,1,lgss,23.3108470702,0.6246559363,3.5425023
BSD68,test065.png,25,1,original,18.7629653873367,0.408964781336859,6.9524857
BSD68,test065.png,25,1,tv,16.8153549379,0.2194126184,0.9700015
BSD68,test066.png,25,1,adaptive,25.1718006136426,0.465735734848212,7.5448684
BSD68,test066.png,25,1,bilateral,25.5657264263753,0.332132712241894,0.893606
BSD68,test066.png,25,1,guided,25.8159283907896,0.339812539492287,0.0132681
BSD68,test066.png,25,1,l0,25.9855337784424,0.922654633083659,4.277922
BSD68,test066.png,25,1,lgss,28.2695009552,0.8619245385,3.8177455
BSD68,test066.png,25,1,original,23.869486768617,0.903657688185622,6.3372031
BSD68,test066.png,25,1,tv,15.9503718196,0.066206365,0.9628654
BSD68,test067.png,25,1,adaptive,21.4142906629888,0.752176021334404,4.7104493
BSD68,test067.png,25,1,bilateral,22.2819165817198,0.767440950791369,0.5551123
BSD68,test067.png,25,1,guided,22.079074453606,0.757365816097488,0.0079835
BSD68,test067.png,25,1,l0,19.6548362643326,0.577958230451504,1.9873303
BSD68,test067.png,25,1,lgss,21.6706947959,0.7294324219,5.2581963
BSD68,test067.png,25,1,original,19.3620311266678,0.519983476489603,3.9886596
BSD68,test067.png,25,1,tv,16.4825437013,0.5303796905,0.945853
BSD68,test068.png,25,1,adaptive,22.7486169533919,0.800633032928239,4.5177176
BSD68,test068.png,25,1,bilateral,23.8586160586396,0.723310440533755,0.5549396
BSD68,test068.png,25,1,guided,23.6056397048121,0.7296390828087,0.0093957
BSD68,test068.png,25,1,l0,20.3227338846942,0.634688713073758,2.7124659
BSD68,test068.png,25,1,lgss,22.8337985264,0.7986673326,6.2688377
BSD68,test068.png,25,1,original,19.5829141635125,0.56601452957226,5.3398026
BSD68,test068.png,25,1,tv,17.1279476833,0.3744900101,1.3066555
BSD68,test001.png,50,1,adaptive,15.2133920652624,0.279480559795774,4.0850984
BSD68,test001.png,50,1,bilateral,16.4665737470227,0.307498971186075,0.6980493
BSD68,test001.png,50,1,guided,16.9063075141802,0.317015615529691,0.0101981
BSD68,test001.png,50,1,l0,17.2393451415076,0.320510916486908,2.3578711
BSD68,test001.png,50,1,lgss,15.9818831574,0.3189966757,8.1420223
BSD68,test001.png,50,1,original,17.5715252408887,0.360590767991965,3.5735201
BSD68,test001.png,50,1,tv,13.371984527,0.2053234898,1.1892238
BSD68,test002.png,50,1,adaptive,15.3925753434584,0.196509606918192,3.5461185
BSD68,test002.png,50,1,bilateral,16.7131727795343,0.195451501043191,0.5381112
BSD68,test002.png,50,1,guided,17.0828632713541,0.212950175759595,0.0079296
BSD68,test002.png,50,1,l0,17.5322189292446,0.331593195759822,1.7294266
BSD68,test002.png,50,1,lgss,16.3924170001,0.399462774,4.9665915
BSD68,test002.png,50,1,original,17.6760878676008,0.437589932825231,3.6452387
BSD68,test002.png,50,1,tv,13.2411430028,0.1134395943,1.3270879
BSD68,test003.png,50,1,adaptive,14.8052714556601,0.16942013954257,3.5723368
BSD68,test003.png,50,1,bilateral,16.2338259979089,0.19029503025055,0.6599109
BSD68,test003.png,50,1,guided,16.6396140731652,0.195568453902126,0.0090495
BSD68,test003.png,50,1,l0,17.2639393713966,0.234015269137964,2.3384447
BSD68,test003.png,50,1,lgss,16.1641831531,0.2330788325,4.5223055
BSD68,test003.png,50,1,original,17.3510049905912,0.275631570896099,3.4927709
BSD68,test003.png,50,1,tv,12.9766532098,0.1287856415,1.0928276
BSD68,test004.png,50,1,adaptive,14.7623083801532,0.127257891316163,8.1786767
BSD68,test004.png,50,1,bilateral,16.2615238392967,0.153490167682811,0.6873499
BSD68,test004.png,50,1,guided,16.6912134561673,0.159934760464629,0.0359385
BSD68,test004.png,50,1,l0,17.356404691635,0.200627469414658,3.2506306
BSD68,test004.png,50,1,lgss,15.5225276686,0.1658632857,4.1634512
BSD68,test004.png,50,1,original,17.5474156999167,0.254597904585575,7.1503839
BSD68,test004.png,50,1,tv,12.9337047415,0.0873642161,1.0731217
BSD68,test005.png,50,1,adaptive,15.4423529585082,0.2484823334443,4.6596644
BSD68,test005.png,50,1,bilateral,16.6825578900234,0.262581275389778,0.6812832
BSD68,test005.png,50,1,guided,17.1098700050559,0.280087986271524,0.0096514
BSD68,test005.png,50,1,l0,17.1889274775186,0.340917714012788,2.7520359
BSD68,test005.png,50,1,lgss,16.0479198292,0.3779577245,4.1128741
BSD68,test005.png,50,1,original,17.418792689808,0.427036190241778,4.2905307
BSD68,test005.png,50,1,tv,13.3766629807,0.1602267212,1.0645272
BSD68,test006.png,50,1,adaptive,15.3767050959124,0.108435598849999,4.9541684
BSD68,test006.png,50,1,bilateral,16.850389599139,0.123348957492933,0.669696
BSD68,test006.png,50,1,guided,17.3411404295424,0.136811934580414,0.0465606
BSD68,test006.png,50,1,l0,17.7365575399929,0.251804371034822,2.1767477
BSD68,test006.png,50,1,lgss,16.7262280323,0.2923709822,4.3567427
BSD68,test006.png,50,1,original,17.9431438421774,0.383307465705013,4.5572304
BSD68,test006.png,50,1,tv,13.3545071236,0.0639322921,1.0784965
BSD68,test007.png,50,1,adaptive,14.9419887889996,0.229846606295582,4.7541997
BSD68,test007.png,50,1,bilateral,16.2847105895649,0.259480666426018,0.5727421
BSD68,test007.png,50,1,guided,16.7058535540212,0.266701237881339,0.0108154
BSD68,test007.png,50,1,l0,17.3106036815716,0.300208138307108,3.0147014
BSD68,test007.png,50,1,lgss,15.6955677957,0.2676448768,4.1408636
BSD68,test007.png,50,1,original,17.6330417945869,0.351862739246761,4.5710408
BSD68,test007.png,50,1,tv,13.1331935068,0.1676522039,1.0781307
BSD68,test008.png,50,1,adaptive,15.135085780819,0.280450609445712,6.4663825
BSD68,test008.png,50,1,bilateral,16.4080337112243,0.309012985005103,0.5984623
BSD68,test008.png,50,1,guided,16.8707923590256,0.318186988529928,0.0154107
BSD68,test008.png,50,1,l0,17.3044202804407,0.332532988974122,2.3022711
BSD68,test008.png,50,1,lgss,15.8432331999,0.3250360317,6.2328451
BSD68,test008.png,50,1,original,17.7007994135899,0.389965692881201,6.1852383
BSD68,test008.png,50,1,tv,13.3693272064,0.2125336567,1.8776498
BSD68,test009.png,50,1,adaptive,15.5106344457681,0.201035335532371,19.3818768
BSD68,test009.png,50,1,bilateral,16.8580870400966,0.229101890943103,2.1732648
BSD68,test009.png,50,1,guided,17.4024437853729,0.240606032200217,0.0371271
BSD68,test009.png,50,1,l0,18.0441573667935,0.316596657912688,6.1682757
BSD68,test009.png,50,1,lgss,16.7966077028,0.359340099,8.1478642
BSD68,test009.png,50,1,original,18.8691072223019,0.442616283905938,17.0055485
BSD68,test009.png,50,1,tv,13.6401148334,0.143589716,1.3092615
BSD68,test010.png,50,1,adaptive,14.6204161874195,0.135726836592833,9.2323419
BSD68,test010.png,50,1,bilateral,16.1179047615517,0.161096498848056,0.8451341
BSD68,test010.png,50,1,guided,16.5000978537853,0.166102120218592,0.0168441
BSD68,test010.png,50,1,l0,17.1072898459373,0.197344261339348,3.9535843
BSD68,test010.png,50,1,lgss,15.4043337666,0.1697813338,4.7293515
BSD68,test010.png,50,1,original,17.0705129026551,0.231411091029646,7.1671907
BSD68,test010.png,50,1,tv,12.7788334491,0.0947780288,1.4530167
BSD68,test011.png,50,1,adaptive,15.4208621149854,0.299166732907565,8.6498157
BSD68,test011.png,50,1,bilateral,16.6083060332821,0.324087087628274,0.9474636
BSD68,test011.png,50,1,guided,16.9761839868091,0.329229790436731,0.0181828
BSD68,test011.png,50,1,l0,17.5644223233969,0.371477250116525,3.6277126
BSD68,test011.png,50,1,lgss,16.4821639451,0.3790382464,4.1161523
BSD68,test011.png,50,1,original,17.9948986331608,0.429954470800288,8.0523372
BSD68,test011.png,50,1,tv,13.5138651503,0.2253741245,1.0591428
BSD68,test012.png,50,1,adaptive,14.6338546465786,0.194681711998242,10.5827355
BSD68,test012.png,50,1,bilateral,16.0463820279406,0.223838352058183,0.8395674
BSD68,test012.png,50,1,guided,16.4122286173689,0.229317140445087,0.0201985
BSD68,test012.png,50,1,l0,16.8559257144702,0.251938225503161,3.7115272
BSD68,test012.png,50,1,lgss,15.1999837411,0.2211698191,4.2490075
BSD68,test012.png,50,1,original,16.9282015782434,0.296552898431035,6.718043
BSD68,test012.png,50,1,tv,12.7968056126,0.1365490668,1.0777444
BSD68,test013.png,50,1,adaptive,14.5867880665389,0.140729591743439,7.3933589
BSD68,test013.png,50,1,bilateral,16.0714513627547,0.168104722216806,0.9283715
BSD68,test013.png,50,1,guided,16.4464752559403,0.173664046466872,0.0200777
BSD68,test013.png,50,1,l0,16.9730105514331,0.196033574023536,3.3475725
BSD68,test013.png,50,1,lgss,15.1949664538,0.1620541978,4.2600152
BSD68,test013.png,50,1,original,16.9786216444178,0.235560428907043,6.7268047
BSD68,test013.png,50,1,tv,12.7335844409,0.0954882944,1.0472167
BSD68,test014.png,50,1,adaptive,14.7829173393503,0.139446763874918,8.9537052
BSD68,test014.png,50,1,bilateral,16.273616448213,0.16117268111593,0.7705889
BSD68,test014.png,50,1,guided,16.6688005530189,0.16665397094072,0.012243
BSD68,test014.png,50,1,l0,17.3629947034374,0.209840819116953,3.0931339
BSD68,test014.png,50,1,lgss,16.0358383746,0.1940956395,4.6150118
BSD68,test014.png,50,1,original,17.3657684029815,0.249219890646578,7.6261102
BSD68,test014.png,50,1,tv,12.9248179352,0.0996489511,1.068827
BSD68,test015.png,50,1,adaptive,15.1570010660733,0.235741305625601,7.2290211
BSD68,test015.png,50,1,bilateral,16.4792661010231,0.263214167999849,0.7406467
BSD68,test015.png,50,1,guided,16.9313776979269,0.272567229231458,0.0134185
BSD68,test015.png,50,1,l0,17.3420357754552,0.316473445880044,3.4460489
BSD68,test015.png,50,1,lgss,16.1783036706,0.3422231732,4.0381154
BSD68,test015.png,50,1,original,17.8064072952084,0.40677858005481,8.3998024
BSD68,test015.png,50,1,tv,13.3136755997,0.1736865771,1.1407516
BSD68,test016.png,50,1,adaptive,14.8999683972099,0.324577000740008,6.5654184
BSD68,test016.png,50,1,bilateral,16.0867635359309,0.353464235451303,0.7887992
BSD68,test016.png,50,1,guided,16.4179034916748,0.358280106670643,0.0127935
BSD68,test016.png,50,1,l0,16.9509668637336,0.393952539225888,4.2635154
BSD68,test016.png,50,1,lgss,15.7567000114,0.3654294196,4.156444
BSD68,test016.png,50,1,original,17.2345828792229,0.440943467218602,6.6216442
BSD68,test016.png,50,1,tv,13.1026657041,0.2486274877,1.0721487
BSD68,test017.png,50,1,adaptive,15.4555434397345,0.0939092581908108,7.7873077
BSD68,test017.png,50,1,bilateral,16.9472709430688,0.110749306344696,0.8216169
BSD68,test017.png,50,1,guided,17.4512052730864,0.121271044834873,0.0175638
BSD68,test017.png,50,1,l0,18.0476429038504,0.196421043432311,3.7714377
BSD68,test017.png,50,1,lgss,16.6211313287,0.2294027055,4.1859726
BSD68,test017.png,50,1,original,18.1969813464753,0.273637519330455,6.4896755
BSD68,test017.png,50,1,tv,13.4023986472,0.0541686735,1.0764796
BSD68,test018.png,50,1,adaptive,14.8780637605043,0.0894196829012031,16.8479001
BSD68,test018.png,50,1,bilateral,16.4312042565778,0.109095244006257,0.8248851
BSD68,test018.png,50,1,guided,16.8914158060142,0.116061391861775,0.0161145
BSD68,test018.png,50,1,l0,17.6729413228114,0.157774940333335,4.3393349
BSD68,test018.png,50,1,lgss,16.1038077954,0.1373599765,4.1957331
BSD68,test018.png,50,1,original,17.6872543442244,0.196255441231377,9.0015099
BSD68,test018.png,50,1,tv,13.0143394818,0.0595499644,1.0603372
BSD68,test019.png,50,1,adaptive,15.0443583248744,0.210445574447307,7.4745945
BSD68,test019.png,50,1,bilateral,16.4213646140004,0.234466371888779,0.7987888
BSD68,test019.png,50,1,guided,16.7773123575841,0.240733064558502,0.0143307
BSD68,test019.png,50,1,l0,17.2530285918976,0.287664783289829,3.1270483
BSD68,test019.png,50,1,lgss,16.0436702504,0.294603207,4.1214682
BSD68,test019.png,50,1,original,17.3722601533827,0.351995695254978,6.5852366
BSD68,test019.png,50,1,tv,13.1352897861,0.1584750762,1.0303894
BSD68,test020.png,50,1,adaptive,15.1445015536146,0.184423821020429,7.1335963
BSD68,test020.png,50,1,bilateral,16.5449857518991,0.205360529711497,0.8213401
BSD68,test020.png,50,1,guided,16.9599977968894,0.21250950581658,0.0158723
BSD68,test020.png,50,1,l0,17.5172347968866,0.253332748042655,3.0459737
BSD68,test020.png,50,1,lgss,16.4559252306,0.2469077438,4.1479501
BSD68,test020.png,50,1,original,17.7140585450326,0.305594882904956,6.3463139
BSD68,test020.png,50,1,tv,13.2483420112,0.1404522195,1.0676573
BSD68,test021.png,50,1,adaptive,15.5533046285808,0.385332972347977,6.8848976
BSD68,test021.png,50,1,bilateral,16.5754290865265,0.410014946969317,0.7577192
BSD68,test021.png,50,1,guided,16.9409193810515,0.416569478569459,0.0256497
BSD68,test021.png,50,1,l0,17.2507658269908,0.465861732950936,3.8551238
BSD68,test021.png,50,1,lgss,16.4996817863,0.4769538356,4.1629153
BSD68,test021.png,50,1,original,17.8357185251503,0.546809246721015,6.2693214
BSD68,test021.png,50,1,tv,13.6558371099,0.3006516022,1.0678508
BSD68,test022.png,50,1,adaptive,15.1878863043592,0.3146096862179,7.6949434
BSD68,test022.png,50,1,bilateral,16.3852880441364,0.343676593800979,0.7775083
BSD68,test022.png,50,1,guided,16.7936445581558,0.35183132234688,0.0148404
BSD68,test022.png,50,1,l0,17.1374056895552,0.369195297484229,3.5920443
BSD68,test022.png,50,1,lgss,15.9077563454,0.3595219979,4.0621267
BSD68,test022.png,50,1,original,17.546637375921,0.423005374380245,5.9732086
BSD68,test022.png,50,1,tv,13.3507036647,0.235435577,1.0758863
BSD68,test023.png,50,1,adaptive,15.0128768096313,0.214845586347649,5.3033236
BSD68,test023.png,50,1,bilateral,16.3575652828918,0.240814540211089,0.6080536
BSD68,test023.png,50,1,guided,16.7803038468225,0.248482568203364,0.0121476
BSD68,test023.png,50,1,l0,17.3620157991745,0.289824263808261,2.5965852
BSD68,test023.png,50,1,lgss,15.95031764,0.2670696655,4.1078808
BSD68,test023.png,50,1,original,17.6323183563738,0.344444744005642,6.451269
BSD68,test023.png,50,1,tv,13.1689727696,0.1568399508,1.0571803
BSD68,test024.png,50,1,adaptive,15.6417260378443,0.238246988338911,5.0214321
BSD68,test024.png,50,1,bilateral,16.8708484463679,0.26595403654539,0.8798795
BSD68,test024.png,50,1,guided,17.3412990203266,0.276802598584705,0.0186897
BSD68,test024.png,50,1,l0,17.7621150223103,0.342335346983907,2.9167036
BSD68,test024.png,50,1,lgss,16.7857471767,0.376193947,4.0681537
BSD68,test024.png,50,1,original,18.4019981016607,0.439012684283951,6.0808091
BSD68,test024.png,50,1,tv,13.6541366883,0.1654118963,1.0554841
BSD68,test025.png,50,1,adaptive,14.9383321885712,0.19239977100553,6.6425348
BSD68,test025.png,50,1,bilateral,16.3298577478789,0.216220855951158,0.8835008
BSD68,test025.png,50,1,guided,16.7699264250822,0.222541204578855,0.0175247
BSD68,test025.png,50,1,l0,17.4692702653294,0.283617587509625,3.4853636
BSD68,test025.png,50,1,lgss,16.5406177409,0.321933791,4.5688638
BSD68,test025.png,50,1,original,17.7896053154338,0.367247500994044,7.9322578
BSD68,test025.png,50,1,tv,13.1362456677,0.1443390934,1.0769766
BSD68,test026.png,50,1,adaptive,14.9977103149252,0.198640581616269,5.0188009
BSD68,test026.png,50,1,bilateral,16.3730219118567,0.226145452566607,0.6115664
BSD68,test026.png,50,1,guided,16.8063638030806,0.234987117370096,0.0102414
BSD68,test026.png,50,1,l0,17.3834045638987,0.27838888316823,2.5883682
BSD68,test026.png,50,1,lgss,16.0337789633,0.2718952047,4.0843026
BSD68,test026.png,50,1,original,17.6483797571631,0.342399825725393,4.5780401
BSD68,test026.png,50,1,tv,13.1449957221,0.1399001884,1.0789846
BSD68,test027.png,50,1,adaptive,14.7452093885295,0.136256411539495,6.7009483
BSD68,test027.png,50,1,bilateral,16.2352303939767,0.161694078172209,0.5948999
BSD68,test027.png,50,1,guided,16.6666653669724,0.168152048632206,0.0111894
BSD68,test027.png,50,1,l0,17.2640784157397,0.201557288528522,2.5483904
BSD68,test027.png,50,1,lgss,15.5761213575,0.1786695127,4.0768085
BSD68,test027.png,50,1,original,17.3591857600498,0.247505273071561,5.3326502
BSD68,test027.png,50,1,tv,12.9150205301,0.0937835018,1.0523291
BSD68,test028.png,50,1,adaptive,17.7600733972115,0.185857573692145,5.212325
BSD68,test028.png,50,1,bilateral,18.7554594356119,0.171388392353871,0.6005424
BSD68,test028.png,50,1,guided,19.3765123324872,0.199264681105672,0.011097
BSD68,test028.png,50,1,l0,20.2323336640944,0.446289020123162,2.6453923
BSD68,test028.png,50,1,lgss,20.1972176949,0.5821741914,4.1141982
BSD68,test028.png,50,1,original,22.5459494841545,0.685586520761423,4.5214485
BSD68,test028.png,50,1,tv,14.8180615533,0.0850802457,1.1577865
BSD68,test029.png,50,1,adaptive,15.1024288595649,0.418319963623382,4.8261354
BSD68,test029.png,50,1,bilateral,16.1456237828353,0.441462932118205,0.5789823
BSD68,test029.png,50,1,guided,16.4794234654775,0.446863414370078,0.0098712
BSD68,test029.png,50,1,l0,16.4709586716301,0.449088686088341,2.350047
BSD68,test029.png,50,1,lgss,15.9094921144,0.4745292987,4.065818
BSD68,test029.png,50,1,original,16.7060064191885,0.498006821256828,4.6991479
BSD68,test029.png,50,1,tv,13.3188783932,0.3406908509,1.0652264
BSD68,test030.png,50,1,adaptive,14.5103752090479,0.129301174969252,5.0619695
BSD68,test030.png,50,1,bilateral,16.0106154448264,0.154179978200661,0.5869318
BSD68,test030.png,50,1,guided,16.3639403662284,0.158752845704634,0.0119324
BSD68,test030.png,50,1,l0,16.8277034513487,0.177909869762677,2.3324138
BSD68,test030.png,50,1,lgss,15.060099475,0.1462183932,4.1439839
BSD68,test030.png,50,1,original,16.7906633450289,0.211307828176285,4.4247234
BSD68,test030.png,50,1,tv,12.6388155755,0.0889441022,1.0607868
BSD68,test031.png,50,1,adaptive,14.6986267768903,0.409317769022689,6.0630434
BSD68,test031.png,50,1,bilateral,15.8260702125723,0.43891421051866,0.5693841
BSD68,test031.png,50,1,guided,16.1525557778798,0.445827269147145,0.0104868
BSD68,test031.png,50,1,l0,15.932337989185,0.422651022532831,2.4468099
BSD68,test031.png,50,1,lgss,14.8911027261,0.4173679926,4.0485552
BSD68,test031.png,50,1,original,16.0135181335677,0.460401360478152,4.6592371
BSD68,test031.png,50,1,tv,12.899627553,0.3166914304,1.0595762
BSD68,test032.png,50,1,adaptive,14.5773146136345,0.287135368602192,4.4401029
BSD68,test032.png,50,1,bilateral,15.8533654052214,0.320567481585614,0.5362081
BSD68,test032.png,50,1,guided,16.168459198204,0.326088959281948,0.0124328
BSD68,test032.png,50,1,l0,16.3379620000929,0.329135969614617,2.2811823
BSD68,test032.png,50,1,lgss,14.8378692927,0.2977182689,4.100232
BSD68,test032.png,50,1,original,16.4461121257266,0.372076127206315,4.0459121
BSD68,test032.png,50,1,tv,12.7231233538,0.206866375,0.8713872
BSD68,test033.png,50,1,adaptive,14.8060027634679,0.243570736344607,5.1260234
BSD68,test033.png,50,1,bilateral,16.1167467294618,0.265313817413799,0.5436843
BSD68,test033.png,50,1,guided,16.4567002829354,0.270382294052298,0.0096828
BSD68,test033.png,50,1,l0,16.7409470667278,0.295838610159525,2.3890189
BSD68,test033.png,50,1,lgss,15.815617624,0.2857800066,3.9950747
BSD68,test033.png,50,1,original,16.7572363753352,0.330572138746826,4.119173
BSD68,test033.png,50,1,tv,12.9068315472,0.1848673863,1.0700981
BSD68,test034.png,50,1,adaptive,15.2576297834894,0.107879236759606,4.4593856
BSD68,test034.png,50,1,bilateral,16.7536964160353,0.129874366859042,0.5414292
BSD68,test034.png,50,1,guided,17.2625529348507,0.139662925723853,0.0102132
BSD68,test034.png,50,1,l0,18.1706714454366,0.242004843370728,2.2329827
BSD68,test034.png,50,1,lgss,16.977222314,0.29610882,4.0705698
BSD68,test034.png,50,1,original,18.6151965625995,0.370118292613099,4.2804992
BSD68,test034.png,50,1,tv,13.354695522,0.0728889122,1.0587324
BSD68,test035.png,50,1,adaptive,15.0441433571714,0.208141237344705,4.2967444
BSD68,test035.png,50,1,bilateral,16.4136273573106,0.23546935895766,0.5427503
BSD68,test035.png,50,1,guided,16.8441269236533,0.243150542768126,0.0097695
BSD68,test035.png,50,1,l0,17.4382268119412,0.286881535260456,2.381509
BSD68,test035.png,50,1,lgss,15.985427456,0.291303397,4.0425235
BSD68,test035.png,50,1,original,17.7253597682457,0.36276880557675,4.0194084
BSD68,test035.png,50,1,tv,13.1954512552,0.1510953483,1.049595
BSD68,test036.png,50,1,adaptive,14.3246769000105,0.135176439919631,4.4769281
BSD68,test036.png,50,1,bilateral,15.8541511359464,0.160233438832738,0.5873614
BSD68,test036.png,50,1,guided,16.1652341461077,0.165021656208192,0.0108334
BSD68,test036.png,50,1,l0,16.4152982910348,0.157399336298427,2.3123445
BSD68,test036.png,50,1,lgss,14.4479300523,0.1374963041,4.0677094
BSD68,test036.png,50,1,original,16.116257057453,0.173268564341763,4.1522963
BSD68,test036.png,50,1,tv,12.4212142352,0.095445164,1.1367462
BSD68,test037.png,50,1,adaptive,15.0690598597736,0.166639125059665,5.0467125
BSD68,test037.png,50,1,bilateral,16.5114496033671,0.193091358967541,0.5524685
BSD68,test037.png,50,1,guided,16.9803686956097,0.201383449656406,0.0107815
BSD68,test037.png,50,1,l0,17.5555371458377,0.248954247790235,2.5177926
BSD68,test037.png,50,1,lgss,16.0760641725,0.2474293189,4.1516067
BSD68,test037.png,50,1,original,17.8417603739615,0.325849740877681,4.5432517
BSD68,test037.png,50,1,tv,13.2231752551,0.1188674703,1.1245677
BSD68,test038.png,50,1,adaptive,15.0460597112386,0.170042857721844,4.8582872
BSD68,test038.png,50,1,bilateral,16.4855191644388,0.197207117595049,0.5730734
BSD68,test038.png,50,1,guided,16.9619775494114,0.206273307938573,0.0106275
BSD68,test038.png,50,1,l0,17.6256605735368,0.244912021797675,2.5531012
BSD68,test038.png,50,1,lgss,15.8625665564,0.2230102588,4.042389
BSD68,test038.png,50,1,original,17.9483033075912,0.311023124401278,4.4529572
BSD68,test038.png,50,1,tv,13.2085227061,0.1172824575,1.0557085
BSD68,test039.png,50,1,adaptive,14.650265695986,0.129669399618021,8.3553978
BSD68,test039.png,50,1,bilateral,16.1313064695662,0.153752148168163,0.833262
BSD68,test039.png,50,1,guided,16.4994888177614,0.157915606331571,0.016935
BSD68,test039.png,50,1,l0,17.2446338633299,0.203342044124612,3.8073919
BSD68,test039.png,50,1,lgss,15.4295058605,0.150546591,3.80054
BSD68,test039.png,50,1,original,17.2524532285187,0.233766818167827,6.4762653
BSD68,test039.png,50,1,tv,12.8044050681,0.092943724,1.0202922
BSD68,test040.png,50,1,adaptive,14.737593226959,0.201944086387686,7.4563027
BSD68,test040.png,50,1,bilateral,16.1188273826277,0.224720448187711,1.0244794
BSD68,test040.png,50,1,guided,16.4352118280366,0.229608659745639,0.0160858
BSD68,test040.png,50,1,l0,16.8970339482058,0.266814976208732,3.4322083
BSD68,test040.png,50,1,lgss,15.7199451945,0.2591754729,3.728878
BSD68,test040.png,50,1,original,16.8872474811322,0.310569239022962,6.0785492
BSD68,test040.png,50,1,tv,12.8303037809,0.1489034568,0.9956426
BSD68,test041.png,50,1,adaptive,15.3689104209148,0.241556987092432,5.333728
BSD68,test041.png,50,1,bilateral,16.6444004078886,0.266763751670965,0.6149639
BSD68,test041.png,50,1,guided,17.0807965002798,0.276324864865254,0.0102463
BSD68,test041.png,50,1,l0,17.4475068874364,0.316489245009847,2.5933752
BSD68,test041.png,50,1,lgss,16.363738519,0.3365205971,3.6569024
BSD68,test041.png,50,1,original,17.7583149614392,0.380747223963798,5.6704037
BSD68,test041.png,50,1,tv,13.4306070274,0.1753903234,0.9733995
BSD68,test042.png,50,1,adaptive,14.8126612071542,0.173619648722006,5.1459251
BSD68,test042.png,50,1,bilateral,16.2419224236288,0.196183743757184,0.6295958
BSD68,test042.png,50,1,guided,16.6458235884952,0.201822124731704,0.0098217
BSD68,test042.png,50,1,l0,17.3281817593008,0.23561969215309,2.5145666
BSD68,test042.png,50,1,lgss,15.9372789993,0.2178945906,3.6691136
BSD68,test042.png,50,1,original,17.3196980244876,0.265856061928542,5.3575166
BSD68,test042.png,50,1,tv,12.9946358449,0.1315902865,1.0141833
BSD68,test043.png,50,1,adaptive,15.1412663357905,0.211354014346459,6.5791016
BSD68,test043.png,50,1,bilateral,16.4665786013414,0.236792422686963,0.8944484
BSD68,test043.png,50,1,guided,16.8658739814754,0.243261435044487,0.0151516
BSD68,test043.png,50,1,l0,17.4681134709117,0.302269938867472,3.1877438
BSD68,test043.png,50,1,lgss,16.348991505,0.297331067,3.7170095
BSD68,test043.png,50,1,original,17.8828108377281,0.376651849050633,5.3776379
BSD68,test043.png,50,1,tv,13.259065415,0.1567886648,1.0062407
BSD68,test044.png,50,1,adaptive,14.9183479686798,0.245446241234725,6.2509276
BSD68,test044.png,50,1,bilateral,16.2456683423069,0.272471021106443,0.6791516
BSD68,test044.png,50,1,guided,16.6764520158544,0.279997621332218,0.0103483
BSD68,test044.png,50,1,l0,17.0057159393371,0.293413509491573,3.3597567
BSD68,test044.png,50,1,lgss,15.7474675563,0.3034037416,3.6252825
BSD68,test044.png,50,1,original,17.1444689254082,0.347156634222091,6.1037248
BSD68,test044.png,50,1,tv,13.1160797926,0.181836,0.9727237
BSD68,test045.png,50,1,adaptive,14.4663034705766,0.0712704853643118,4.6637384
BSD68,test045.png,50,1,bilateral,16.0568656248363,0.0905463620518196,0.5656327
BSD68,test045.png,50,1,guided,16.4228759070935,0.0946300034050046,0.0094079
BSD68,test045.png,50,1,l0,17.0063992891067,0.127711012090638,2.2990131
BSD68,test045.png,50,1,lgss,15.4327265538,0.1051161424,3.6273959
BSD68,test045.png,50,1,original,16.831902262168,0.15248817419535,4.1054961
BSD68,test045.png,50,1,tv,12.5800664356,0.0474222751,1.026681
BSD68,test046.png,50,1,adaptive,14.9202802516097,0.314431799697689,4.5916245
BSD68,test046.png,50,1,bilateral,16.1413242243848,0.341120255792432,0.6818115
BSD68,test046.png,50,1,guided,16.4623962751182,0.346555319634892,0.0112681
BSD68,test046.png,50,1,l0,16.7856423121657,0.365612466929589,3.0531919
BSD68,test046.png,50,1,lgss,15.6813369304,0.3570431264,3.6245657
BSD68,test046.png,50,1,original,16.9312329388747,0.408725613642152,4.1641294
BSD68,test046.png,50,1,tv,13.0731517055,0.2408011171,0.9694776
BSD68,test047.png,50,1,adaptive,14.543555763355,0.248366895919317,7.6175807
BSD68,test047.png,50,1,bilateral,15.8928772231919,0.279705610474224,0.6775105
BSD68,test047.png,50,1,guided,16.2211640680619,0.2856637696878,0.0140392
BSD68,test047.png,50,1,l0,16.399502389198,0.285479437723473,3.0313679
BSD68,test047.png,50,1,lgss,14.8043576741,0.2579944909,3.5756953
BSD68,test047.png,50,1,original,16.3853040035414,0.320937338174647,9.7271031
BSD68,test047.png,50,1,tv,12.6984358818,0.179690472,1.0000819
BSD68,test048.png,50,1,adaptive,15.4282920440816,0.279677527992308,4.497275
BSD68,test048.png,50,1,bilateral,16.6104915521934,0.29847562088568,0.5656883
BSD68,test048.png,50,1,guided,16.9607086106712,0.304982012963015,0.0090531
BSD68,test048.png,50,1,l0,17.4753646756125,0.3759887182624,2.2631946
BSD68,test048.png,50,1,lgss,16.6334212807,0.3923228273,3.6389736
BSD68,test048.png,50,1,original,18.0290496837234,0.46435404243591,4.3486216
BSD68,test048.png,50,1,tv,13.4414198492,0.2055738142,0.9618712
BSD68,test049.png,50,1,adaptive,15.2445513254301,0.121128587357475,4.8763477
BSD68,test049.png,50,1,bilateral,16.7160011697147,0.129099349279962,0.6506225
BSD68,test049.png,50,1,guided,17.1935071684156,0.14309747866601,0.0136596
BSD68,test049.png,50,1,l0,17.9433451473508,0.243459293430026,2.3537506
BSD68,test049.png,50,1,lgss,16.4166242987,0.2585743757,3.6913764
BSD68,test049.png,50,1,original,18.0556227827007,0.33703143461068,4.3433665
BSD68,test049.png,50,1,tv,13.2550233394,0.0676099155,0.996003
BSD68,test050.png,50,1,adaptive,14.9899680476921,0.259581055596755,4.4318632
BSD68,test050.png,50,1,bilateral,16.2751280099483,0.282564593261216,0.5530232
BSD68,test050.png,50,1,guided,16.6657205360812,0.2938675060762,0.010827
BSD68,test050.png,50,1,l0,16.8932511664426,0.317000761067298,2.1958753
BSD68,test050.png,50,1,lgss,15.6307437973,0.3207479122,3.604358
BSD68,test050.png,50,1,original,16.9804981461625,0.370523386315493,4.1498466
BSD68,test050.png,50,1,tv,13.0889557563,0.1843488829,1.1413244
BSD68,test051.png,50,1,adaptive,14.5877548254058,0.261947671388564,6.1431289
BSD68,test051.png,50,1,bilateral,15.9070434714271,0.28498713116354,0.9400772
BSD68,test051.png,50,1,guided,16.1736883078981,0.287105019077992,0.0141634
BSD68,test051.png,50,1,l0,16.4643767738785,0.301087147469509,3.1039617
BSD68,test051.png,50,1,lgss,15.1176839296,0.2794946996,3.6444001
BSD68,test051.png,50,1,original,16.4156954621533,0.327837363090785,5.7334764
BSD68,test051.png,50,1,tv,12.7283944962,0.2095507759,0.9621675
BSD68,test052.png,50,1,adaptive,15.39858419272,0.125958335960294,9.6334759
BSD68,test052.png,50,1,bilateral,16.8452199163747,0.131493518234491,0.8812541
BSD68,test052.png,50,1,guided,17.2950735583714,0.148324367162644,0.0124474
BSD68,test052.png,50,1,l0,17.6388645288048,0.269431691634853,4.5935438
BSD68,test052.png,50,1,lgss,16.2107040022,0.2792103794,3.5751195
BSD68,test052.png,50,1,original,17.7982590249949,0.397853504716766,8.2173637
BSD68,test052.png,50,1,tv,13.2833438769,0.0666313325,0.970993
BSD68,test053.png,50,1,adaptive,14.6644009047104,0.0835594327014097,6.1169583
BSD68,test053.png,50,1,bilateral,16.2431054922145,0.105265725050622,0.8062826
BSD68,test053.png,50,1,guided,16.6744674804232,0.111085367669082,0.0172986
BSD68,test053.png,50,1,l0,17.3875304950174,0.142335033432791,4.468517
BSD68,test053.png,50,1,lgss,15.500895843,0.1134461651,3.627139
BSD68,test053.png,50,1,original,17.3401687448869,0.175692773274311,5.9436742
BSD68,test053.png,50,1,tv,12.8221565106,0.0555826457,0.967221
BSD68,test054.png,50,1,adaptive,14.7643785669453,0.210119467794288,10.6464324
BSD68,test054.png,50,1,bilateral,16.128313825349,0.23770598223515,0.9790994
BSD68,test054.png,50,1,guided,16.4951772198683,0.244226742264747,0.0171042
BSD68,test054.png,50,1,l0,16.9706189441237,0.274767252909998,4.4270262
BSD68,test054.png,50,1,lgss,15.5393833495,0.2469916262,3.6539036
BSD68,test054.png,50,1,original,17.0510647696595,0.315005686860841,13.0138487
BSD68,test054.png,50,1,tv,12.9014734075,0.1505678659,1.0444696
BSD68,test055.png,50,1,adaptive,15.0348643917317,0.252117515983763,6.8515283
BSD68,test055.png,50,1,bilateral,16.3509949352067,0.281643475588343,0.7912312
BSD68,test055.png,50,1,guided,16.7604171422301,0.288286431663369,0.0173821
BSD68,test055.png,50,1,l0,17.4284208026918,0.323702131564636,3.1486359
BSD68,test055.png,50,1,lgss,15.8792545693,0.2922409233,3.6701702
BSD68,test055.png,50,1,original,17.7583944678251,0.372839144576098,9.4904108
BSD68,test055.png,50,1,tv,13.2391203162,0.1882648161,0.9582637
BSD68,test056.png,50,1,adaptive,14.7176416313605,0.380855383627241,5.2939834
BSD68,test056.png,50,1,bilateral,15.8854225579018,0.411619160231293,0.5654248
BSD68,test056.png,50,1,guided,16.2211654324136,0.418915013868944,0.009545
BSD68,test056.png,50,1,l0,16.0891031034946,0.390232424568152,2.2965528
BSD68,test056.png,50,1,lgss,14.9354106218,0.3898385676,3.5746125
BSD68,test056.png,50,1,original,16.1355887487521,0.427192098857172,4.5697725
BSD68,test056.png,50,1,tv,12.9285589429,0.2943385939,0.9751871
BSD68,test057.png,50,1,adaptive,14.8278400433386,0.16632162095133,4.6710346
BSD68,test057.png,50,1,bilateral,16.2992409961381,0.192170235662535,0.6863477
BSD68,test057.png,50,1,guided,16.7361319189584,0.199717406686399,0.0132926
BSD68,test057.png,50,1,l0,17.2523911268544,0.224697249687869,3.1909876
BSD68,test057.png,50,1,lgss,15.8512991452,0.221412162,3.6005884
BSD68,test057.png,50,1,original,17.3562998894843,0.273682345603633,4.5879142
BSD68,test057.png,50,1,tv,12.9986117643,0.1188931033,0.9669042
BSD68,test058.png,50,1,adaptive,14.4084638853605,0.0833029197794139,15.614506
BSD68,test058.png,50,1,bilateral,15.985465982804,0.104193804303773,1.5975531
BSD68,test058.png,50,1,guided,16.335841859618,0.108465265492021,0.0942772
BSD68,test058.png,50,1,l0,16.7914549710079,0.12476959422313,3.4679097
BSD68,test058.png,50,1,lgss,15.3543859777,0.1063561142,3.5526022
BSD68,test058.png,50,1,original,16.5734630990436,0.14090217077911,10.7067735
BSD68,test058.png,50,1,tv,12.5209102712,0.0553743328,0.9752451
BSD68,test059.png,50,1,adaptive,14.7756815093176,0.114489654577476,10.398078
BSD68,test059.png,50,1,bilateral,16.307489140221,0.138370858620896,0.6636002
BSD68,test059.png,50,1,guided,16.7392135082341,0.144884351389105,0.0110436
BSD68,test059.png,50,1,l0,17.4488317999436,0.184241938730116,2.5171794
BSD68,test059.png,50,1,lgss,15.7946957837,0.1590381619,3.5641384
BSD68,test059.png,50,1,original,17.4541652829072,0.226567081244349,5.6850874
BSD68,test059.png,50,1,tv,12.9316537976,0.0799077547,0.9563121
BSD68,test060.png,50,1,adaptive,14.4382905208773,0.0893225119421013,11.5464053
BSD68,test060.png,50,1,bilateral,16.0096992589649,0.109894434708889,0.8743658
BSD68,test060.png,50,1,guided,16.3620766535686,0.114091871876297,0.0136056
BSD68,test060.png,50,1,l0,16.86588434056,0.133645748000618,3.1878166
BSD68,test060.png,50,1,lgss,15.1266322565,0.1060733111,3.6468584
BSD68,test060.png,50,1,original,16.6406494574757,0.150110651983462,7.9150598
BSD68,test060.png,50,1,tv,12.5591459981,0.0607155282,0.9600728
BSD68,test061.png,50,1,adaptive,14.8182860720578,0.125913480091056,5.7231744
BSD68,test061.png,50,1,bilateral,16.3350489781372,0.14722577543247,0.9464551
BSD68,test061.png,50,1,guided,16.7669581683432,0.152602786649284,0.0275163
BSD68,test061.png,50,1,l0,17.5605706874942,0.194334400584134,3.3672916
BSD68,test061.png,50,1,lgss,16.1658877973,0.1778316686,3.6053997
BSD68,test061.png,50,1,original,17.5738926520354,0.228819277015313,5.2992039
BSD68,test061.png,50,1,tv,12.9951887338,0.0906581902,0.9862621
BSD68,test062.png,50,1,adaptive,16.2090609240119,0.197376576824987,9.775416
BSD68,test062.png,50,1,bilateral,17.3701757844254,0.209305660271246,0.830666
BSD68,test062.png,50,1,guided,17.7950210592441,0.218547403473868,0.0108223
BSD68,test062.png,50,1,l0,18.4089052460395,0.348152239193719,3.0547693
BSD68,test062.png,50,1,lgss,17.9527972578,0.4529747156,3.6412049
BSD68,test062.png,50,1,original,19.002659196358,0.475264370778523,5.8202095
BSD68,test062.png,50,1,tv,13.9166476959,0.1315507315,0.9703607
BSD68,test063.png,50,1,adaptive,14.8786318316529,0.286522859624131,7.3085277
BSD68,test063.png,50,1,bilateral,16.1236053453925,0.317643384856998,0.5693613
BSD68,test063.png,50,1,guided,16.4897160343646,0.324669670100718,0.0103816
BSD68,test063.png,50,1,l0,16.678561667775,0.329675262575845,4.4588273
BSD68,test063.png,50,1,lgss,15.2755366457,0.3099281963,3.5796132
BSD68,test063.png,50,1,original,16.932506715894,0.380491979903958,6.3350978
BSD68,test063.png,50,1,tv,13.0318045542,0.2088613728,1.0484202
BSD68,test064.png,50,1,adaptive,14.8097792360705,0.23621999164129,6.7349189
BSD68,test064.png,50,1,bilateral,16.1626651983858,0.266657290343306,0.7792578
BSD68,test064.png,50,1,guided,16.5441831393502,0.27408397293169,0.0116692
BSD68,test064.png,50,1,l0,16.9485970597905,0.288396535385813,3.3164866
BSD68,test064.png,50,1,lgss,15.3964397119,0.270612031,3.6558431
BSD68,test064.png,50,1,original,17.1074923084244,0.336686388161603,6.2004066
BSD68,test064.png,50,1,tv,12.9798528302,0.1720794128,0.9816466
BSD68,test065.png,50,1,adaptive,15.6949727421819,0.199566720621484,5.8358636
BSD68,test065.png,50,1,bilateral,16.9592922014376,0.21919161944836,0.7376448
BSD68,test065.png,50,1,guided,17.3976300584891,0.229959694815945,0.0118069
BSD68,test065.png,50,1,l0,17.6538539839685,0.297382457414391,3.0424772
BSD68,test065.png,50,1,lgss,16.6975708861,0.3340678877,3.7305645
BSD68,test065.png,50,1,original,17.9531483059421,0.380409991027962,5.2507626
BSD68,test065.png,50,1,tv,13.5716844615,0.1300401362,1.3001502
BSD68,test066.png,50,1,adaptive,14.4279990276543,0.0541761003646551,7.076558
BSD68,test066.png,50,1,bilateral,16.0316279070111,0.0687200582225915,1.0214426
BSD68,test066.png,50,1,guided,16.3649682781331,0.0715158372161278,0.0137935
BSD68,test066.png,50,1,l0,16.9513737560778,0.104694221031895,2.6068893
BSD68,test066.png,50,1,lgss,15.8253521498,0.0847646861,3.5995015
BSD68,test066.png,50,1,original,16.6625228573488,0.116790741700484,6.6868297
BSD68,test066.png,50,1,tv,12.4973940056,0.0362870048,0.9589842
BSD68,test067.png,50,1,adaptive,14.9123779509115,0.454054452882877,3.9522032
BSD68,test067.png,50,1,bilateral,15.8914966049734,0.481944021593757,0.5190372
BSD68,test067.png,50,1,guided,16.1805074578206,0.487447156115703,0.0081823
BSD68,test067.png,50,1,l0,16.2435154282712,0.485336135155226,2.0482192
BSD68,test067.png,50,1,lgss,15.275118227,0.4720103372,4.3483758
BSD68,test067.png,50,1,original,16.4988879505835,0.52306073484556,3.6701365
BSD68,test067.png,50,1,tv,13.1141708387,0.3587392313,0.9985874
BSD68,test068.png,50,1,adaptive,16.0015680960295,0.34676651858498,5.4583546
BSD68,test068.png,50,1,bilateral,17.0047915130095,0.353747369022605,0.5604987
BSD68,test068.png,50,1,guided,17.3982621738331,0.371873401924373,0.0098618
BSD68,test068.png,50,1,l0,17.3677810665557,0.480354324408265,2.7108413
BSD68,test068.png,50,1,lgss,16.872403097,0.5904091602,4.731128
BSD68,test068.png,50,1,original,17.9439681696132,0.617950634184506,4.4915955
BSD68,test068.png,50,1,tv,13.8234986621,0.242874037,0.9942296
Kodak24,kodim01.png,10,1,adaptive,22.4715301454558,0.549066778793671,5.7150117
Kodak24,kodim01.png,10,1,bilateral,28.7293278235118,0.836226584412929,0.9329017
Kodak24,kodim01.png,10,1,guided,27.557119974023,0.815329341841134,0.0157213
Kodak24,kodim01.png,10,1,l0,20.8700505164357,0.422978961133392,3.8676747
Kodak24,kodim01.png,10,1,lgss,25.4968478323,0.6850258743,4.8632135
Kodak24,kodim01.png,10,1,original,17.5813481230752,0.303274552163768,4.7161011
Kodak24,kodim01.png,10,1,tv,17.521429828,0.379711872,1.6372466
Kodak24,kodim02.png,10,1,adaptive,24.9364901807024,0.665160583284233,5.0908749
Kodak24,kodim02.png,10,1,bilateral,32.5360752003143,0.82712274328234,0.9748063
Kodak24,kodim02.png,10,1,guided,31.7469555120619,0.814476208294576,0.0191935
Kodak24,kodim02.png,10,1,l0,24.040995386433,0.646619432541045,2.3635736
Kodak24,kodim02.png,10,1,lgss,28.7424081586,0.7423396157,5.4996746
Kodak24,kodim02.png,10,1,original,23.6929259986332,0.638087460299231,4.4038417
Kodak24,kodim02.png,10,1,tv,17.0978053764,0.1376207938,1.6295628
Kodak24,kodim03.png,10,1,adaptive,22.1492624119389,0.771117216653229,5.5944324
Kodak24,kodim03.png,10,1,bilateral,34.551031874698,0.890539980532304,0.9875441
Kodak24,kodim03.png,10,1,guided,33.1354012247094,0.877557120275037,0.0154815
Kodak24,kodim03.png,10,1,l0,24.8382382037183,0.791031645294629,2.855157
Kodak24,kodim03.png,10,1,lgss,27.696598403,0.8336503751,4.8554191
Kodak24,kodim03.png,10,1,original,19.981478948536,0.730361506790674,4.8801364
Kodak24,kodim03.png,10,1,tv,17.0674387599,0.1183969391,1.8081495
Kodak24,kodim04.png,10,1,adaptive,20.9553128540202,0.638069187061524,6.2078766
Kodak24,kodim04.png,10,1,bilateral,33.2924271306958,0.838771697764908,0.864322
Kodak24,kodim04.png,10,1,guided,32.1731447216068,0.822945715877361,0.0121686
Kodak24,kodim04.png,10,1,l0,20.9112767528936,0.645563670619705,2.3366451
Kodak24,kodim04.png,10,1,lgss,25.3763581012,0.7143567001,8.045486
Kodak24,kodim04.png,10,1,original,19.7088319243174,0.614933948092295,5.7825434
Kodak24,kodim04.png,10,1,tv,17.0777169175,0.128904015,2.4352484
Kodak24,kodim05.png,10,1,adaptive,22.6104678764496,0.617411215122687,5.6311318
Kodak24,kodim05.png,10,1,bilateral,29.097664858914,0.875499353843172,0.8706715
Kodak24,kodim05.png,10,1,guided,27.5564412267015,0.843675841464377,0.0150389
Kodak24,kodim05.png,10,1,l0,20.5936839453036,0.506801934984284,3.7882605
Kodak24,kodim05.png,10,1,lgss,25.358734037,0.7314495836,9.8710066
Kodak24,kodim05.png,10,1,original,18.9714175827979,0.406672960698766,5.1287463
Kodak24,kodim05.png,10,1,tv,17.8292404403,0.4224148749,2.3738514
Kodak24,kodim06.png,10,1,adaptive,24.242667832771,0.597163028349295,6.9218014
Kodak24,kodim06.png,10,1,bilateral,30.0131664889748,0.828684141485068,1.0345138
Kodak24,kodim06.png,10,1,guided,29.1029218282866,0.810708841761394,0.0165461
Kodak24,kodim06.png,10,1,l0,22.4485061187393,0.519261719826916,2.9806585
Kodak24,kodim06.png,10,1,lgss,26.4893134154,0.7036124975,11.4580642
Kodak24,kodim06.png,10,1,original,20.4047857546725,0.468003911040964,6.2274884
Kodak24,kodim06.png,10,1,tv,17.5682300314,0.2645823707,2.2515278
Kodak24,kodim07.png,10,1,adaptive,20.3208044487341,0.614574359978924,6.9029732
Kodak24,kodim07.png,10,1,bilateral,31.7105886680495,0.896025990797719,1.05789
Kodak24,kodim07.png,10,1,guided,29.7404561632254,0.864074913460204,0.0162635
Kodak24,kodim07.png,10,1,l0,21.2021681015474,0.616128494418583,3.6918364
Kodak24,kodim07.png,10,1,lgss,25.4308124013,0.7696605217,6.0615528
Kodak24,kodim07.png,10,1,original,18.2017557659902,0.535964304726463,6.3715347
Kodak24,kodim07.png,10,1,tv,17.1619847377,0.2162353272,2.0447642
Kodak24,kodim08.png,10,1,adaptive,23.4899978445488,0.700897332324492,6.4258713
Kodak24,kodim08.png,10,1,bilateral,29.0713614013448,0.878765075706116,1.009895
Kodak24,kodim08.png,10,1,guided,27.7307435059122,0.862672259992511,0.0149894
Kodak24,kodim08.png,10,1,l0,21.172637600538,0.599878762504191,2.8761547
Kodak24,kodim08.png,10,1,lgss,24.3736393066,0.7160203864,4.6456332
Kodak24,kodim08.png,10,1,original,19.1509618469333,0.506449624776413,5.7940855
Kodak24,kodim08.png,10,1,tv,18.0095952539,0.4757766405,1.6865875
Kodak24,kodim09.png,10,1,adaptive,23.6523322525811,0.801790813916528,6.60679
Kodak24,kodim09.png,10,1,bilateral,33.9719986910427,0.899310701964868,1.0031939
Kodak24,kodim09.png,10,1,guided,32.3575683561619,0.88638789013127,0.0150373
Kodak24,kodim09.png,10,1,l0,24.1408911944558,0.805700810765522,2.871731
Kodak24,kodim09.png,10,1,lgss,28.2491711225,0.8591845894,7.6657074
Kodak24,kodim09.png,10,1,original,20.7233067132626,0.738353762216727,6.034086
Kodak24,kodim09.png,10,1,tv,17.1454877776,0.1618987211,1.9267711
Kodak24,kodim10.png,10,1,adaptive,23.4926029784032,0.736591975931949,6.8639393
Kodak24,kodim10.png,10,1,bilateral,33.3953239059089,0.871323497481164,1.0264793
Kodak24,kodim10.png,10,1,guided,32.0017603663728,0.855673951611708,0.0154833
Kodak24,kodim10.png,10,1,l0,21.5596757149106,0.72003715100926,3.0019009
Kodak24,kodim10.png,10,1,lgss,27.1914486238,0.7989856879,4.9145808
Kodak24,kodim10.png,10,1,original,21.5218544191627,0.693401861474168,6.2455586
Kodak24,kodim10.png,10,1,tv,17.1055275548,0.1443442197,1.6486825
Kodak24,kodim11.png,10,1,adaptive,23.0501022675662,0.608832227144014,9.3522565
Kodak24,kodim11.png,10,1,bilateral,30.6161282934846,0.83079623301402,1.3510744
Kodak24,kodim11.png,10,1,guided,29.4674765533128,0.81073681337277,0.0230061
Kodak24,kodim11.png,10,1,l0,22.114365087355,0.566895611334784,4.0011188
Kodak24,kodim11.png,10,1,lgss,26.4664910285,0.7034309661,5.1884555
Kodak24,kodim11.png,10,1,original,19.5865327351194,0.475836143829566,8.55896
Kodak24,kodim11.png,10,1,tv,17.4744187216,0.2578720725,1.6039995
Kodak24,kodim12.png,10,1,adaptive,24.264296049772,0.705600163995685,18.9496342
Kodak24,kodim12.png,10,1,bilateral,32.9321630720037,0.83745686193666,2.1819404
Kodak24,kodim12.png,10,1,guided,32.1471818596868,0.825826589015954,0.038679
Kodak24,kodim12.png,10,1,l0,23.9465286206429,0.697673444456904,6.6679738
Kodak24,kodim12.png,10,1,lgss,26.240993686,0.742165227,5.2025612
Kodak24,kodim12.png,10,1,original,20.9863167155289,0.67135102211913,14.3937755
Kodak24,kodim12.png,10,1,tv,17.2682666727,0.1469941994,2.1614808
Kodak24,kodim13.png,10,1,adaptive,22.6230933546524,0.527826282041505,23.2421921
Kodak24,kodim13.png,10,1,bilateral,28.2125577674804,0.826379354724948,3.3022903
Kodak24,kodim13.png,10,1,guided,27.2845478430628,0.809178474614043,0.4898104
Kodak24,kodim13.png,10,1,l0,20.5017619267756,0.416164824735158,14.2246779
Kodak24,kodim13.png,10,1,lgss,24.7221301874,0.6232072563,5.8700622
Kodak24,kodim13.png,10,1,original,19.2743883074798,0.345052013100387,26.0033791
Kodak24,kodim13.png,10,1,tv,17.8490553436,0.4322147884,2.1632029
Kodak24,kodim14.png,10,1,adaptive,21.3681312811197,0.529547452744842,13.3612957
Kodak24,kodim14.png,10,1,bilateral,29.9259225170421,0.826196364550428,2.0333579
Kodak24,kodim14.png,10,1,guided,28.6707033528851,0.801721991042815,0.0400426
Kodak24,kodim14.png,10,1,l0,21.0014450437947,0.48944826061567,11.5668662
Kodak24,kodim14.png,10,1,lgss,25.0900825154,0.6542962778,12.9302776
Kodak24,kodim14.png,10,1,original,18.3894422189113,0.406687497578903,12.414508
Kodak24,kodim14.png,10,1,tv,17.3517493849,0.2867840279,1.8903363
Kodak24,kodim15.png,10,1,adaptive,22.0890086741023,0.598987205530825,19.0479642
Kodak24,kodim15.png,10,1,bilateral,32.2079072269066,0.826099845267164,4.0585859
Kodak24,kodim15.png,10,1,guided,31.4320923639188,0.812322208037581,0.4046193
Kodak24,kodim15.png,10,1,l0,20.3346006178803,0.573708388137669,12.345058
Kodak24,kodim15.png,10,1,lgss,25.4718501229,0.6696581364,5.2934705
Kodak24,kodim15.png,10,1,original,20.204409761967,0.555142692577872,26.4349326
Kodak24,kodim15.png,10,1,tv,17.5466657137,0.1660494464,1.6392637
Kodak24,kodim16.png,10,1,adaptive,23.1734591852438,0.615967912896769,19.3519661
Kodak24,kodim16.png,10,1,bilateral,31.6669362515341,0.820681886846107,2.7701994
Kodak24,kodim16.png,10,1,guided,30.8438668647445,0.804524745215876,0.0481737
Kodak24,kodim16.png,10,1,l0,21.4867877214053,0.59432365030113,9.6407847
Kodak24,kodim16.png,10,1,lgss,26.5328963609,0.6919896889,4.919172
Kodak24,kodim16.png,10,1,original,20.3459975140235,0.565443670097661,17.9091578
Kodak24,kodim16.png,10,1,tv,17.1459190822,0.1642070413,1.7841903
Kodak24,kodim17.png,10,1,adaptive,21.7049561726271,0.574877329212917,18.8963428
Kodak24,kodim17.png,10,1,bilateral,31.6781701269403,0.848352147436993,2.5043292
Kodak24,kodim17.png,10,1,guided,30.2379437950652,0.822333387118761,0.0424323
Kodak24,kodim17.png,10,1,l0,21.4968134361528,0.559846651603439,7.2274677
Kodak24,kodim17.png,10,1,lgss,25.2340509921,0.682480252,4.7341066
Kodak24,kodim17.png,10,1,original,18.6319147598931,0.488818385886423,17.9016906
Kodak24,kodim17.png,10,1,tv,17.3011699292,0.1931219655,1.5986644
Kodak24,kodim18.png,10,1,adaptive,22.4428138013745,0.527819469008041,12.545089
Kodak24,kodim18.png,10,1,bilateral,30.0005703774228,0.827122723283459,2.590881
Kodak24,kodim18.png,10,1,guided,28.8977754997679,0.802496657289645,0.0416439
Kodak24,kodim18.png,10,1,l0,21.5346386935873,0.48645586383722,6.1505891
Kodak24,kodim18.png,10,1,lgss,25.7219542234,0.6653159679,4.9835155
Kodak24,kodim18.png,10,1,original,20.1279898947402,0.43796302520681,11.756819
Kodak24,kodim18.png,10,1,tv,17.4107166955,0.2641793928,1.6232469
Kodak24,kodim19.png,10,1,adaptive,24.5102707226671,0.744516028480346,19.0590637
Kodak24,kodim19.png,10,1,bilateral,31.0412072551808,0.881752128275987,2.5254404
Kodak24,kodim19.png,10,1,guided,29.4312777985643,0.862922192317558,0.0296188
Kodak24,kodim19.png,10,1,l0,22.381117582216,0.669013196422289,6.7221796
Kodak24,kodim19.png,10,1,lgss,25.8812145337,0.7940798952,5.1060557
Kodak24,kodim19.png,10,1,original,20.0313117411824,0.597648458330855,12.1252013
Kodak24,kodim19.png,10,1,tv,17.435113969,0.2973173754,1.6242951
Kodak24,kodim20.png,10,1,adaptive,25.0283107994852,0.808526720103511,11.100894
Kodak24,kodim20.png,10,1,bilateral,33.2053934070841,0.91632690647591,1.785219
Kodak24,kodim20.png,10,1,guided,31.912583326435,0.902645244276906,0.0164406
Kodak24,kodim20.png,10,1,l0,24.3595287419778,0.794171400836592,5.7445609
Kodak24,kodim20.png,10,1,lgss,28.8085807952,0.8560667144,4.7891767
Kodak24,kodim20.png,10,1,original,21.9065924017264,0.749731344158445,11.1626303
Kodak24,kodim20.png,10,1,tv,18.3956108,0.1975556942,1.6005293
Kodak24,kodim21.png,10,1,adaptive,23.9568808565551,0.717569237297248,6.1932874
Kodak24,kodim21.png,10,1,bilateral,31.0320989761513,0.880742580806053,0.9567537
Kodak24,kodim21.png,10,1,guided,29.8207115314776,0.866265635280503,0.015338
Kodak24,kodim21.png,10,1,l0,21.9616096868957,0.65282903908669,3.1254035
Kodak24,kodim21.png,10,1,lgss,26.5944162668,0.8016694025,4.896203
Kodak24,kodim21.png,10,1,original,19.9998660153443,0.580724596275352,5.660575
Kodak24,kodim21.png,10,1,tv,17.3602958673,0.2559924294,1.646599
Kodak24,kodim22.png,10,1,adaptive,23.3689135435777,0.632582658505534,6.2444549
Kodak24,kodim22.png,10,1,bilateral,31.5778271838877,0.831567678439109,0.9683879
Kodak24,kodim22.png,10,1,guided,30.4797826018746,0.813582819992733,0.016151
Kodak24,kodim22.png,10,1,l0,22.469155134718,0.610016841668213,2.9468274
Kodak24,kodim22.png,10,1,lgss,25.7884565919,0.6990447886,4.8858091
Kodak24,kodim22.png,10,1,original,21.1403447062219,0.573644526282846,5.6120801
Kodak24,kodim22.png,10,1,tv,17.2066982863,0.1882483184,1.6146652
Kodak24,kodim23.png,10,1,adaptive,21.164526793631,0.769335463826715,6.0345906
Kodak24,kodim23.png,10,1,bilateral,34.2478699975164,0.896892435779106,0.9741265
Kodak24,kodim23.png,10,1,guided,33.1379244128703,0.887814349673229,0.0206128
Kodak24,kodim23.png,10,1,l0,21.8338900629607,0.758868176034137,2.7131073
Kodak24,kodim23.png,10,1,lgss,25.1406706667,0.8189435591,4.8998992
Kodak24,kodim23.png,10,1,original,19.3207227121986,0.727480604915544,5.4387183
Kodak24,kodim23.png,10,1,tv,17.129104535,0.1352515893,1.5867169
Kodak24,kodim24.png,10,1,adaptive,20.9638730513714,0.566099759466317,6.5360222
Kodak24,kodim24.png,10,1,bilateral,30.8781844689491,0.848657919510687,0.9652313
Kodak24,kodim24.png,10,1,guided,29.3965495191615,0.817845936391539,0.0144284
Kodak24,kodim24.png,10,1,l0,20.4398094825114,0.548166846108772,2.7552024
Kodak24,kodim24.png,10,1,lgss,25.4430315339,0.6989057755,4.6827159
Kodak24,kodim24.png,10,1,original,19.5844740697184,0.515208052863787,5.5256882
Kodak24,kodim24.png,10,1,tv,17.262674067,0.2451587591,1.6049004
Kodak24,kodim01.png,20,1,adaptive,24.2997145943566,0.676169859241391,5.0794697
Kodak24,kodim01.png,20,1,bilateral,25.5034236419893,0.706887029174963,0.9159321
Kodak24,kodim01.png,20,1,guided,25.1363619960236,0.691289257635515,0.0131938
Kodak24,kodim01.png,20,1,l0,21.4196337899688,0.45963334310035,2.5491959
Kodak24,kodim01.png,20,1,lgss,24.7495610717,0.6983803044,4.6113244
Kodak24,kodim01.png,20,1,original,18.3345672816211,0.337836641896057,5.1270129
Kodak24,kodim01.png,20,1,tv,16.8348643442,0.3499756865,1.769803
Kodak24,kodim02.png,20,1,adaptive,26.5734048933918,0.676734217712779,5.7686835
Kodak24,kodim02.png,20,1,bilateral,27.9756813913045,0.56693207264709,0.832154
Kodak24,kodim02.png,20,1,guided,28.025660636653,0.568997408551688,0.0119219
Kodak24,kodim02.png,20,1,l0,24.1520366490309,0.652030957224521,2.4067582
Kodak24,kodim02.png,20,1,lgss,28.6838615029,0.7519012474,5.695706
Kodak24,kodim02.png,20,1,original,23.7519693728728,0.640112178082265,4.5436683
Kodak24,kodim02.png,20,1,tv,16.6761778992,0.1291667048,1.8595456
Kodak24,kodim03.png,20,1,adaptive,26.4894905773528,0.77051243032996,7.2316527
Kodak24,kodim03.png,20,1,bilateral,28.3882587246016,0.558564111898872,0.9052462
Kodak24,kodim03.png,20,1,guided,28.3423338003726,0.560642509996516,0.011832
Kodak24,kodim03.png,20,1,l0,25.6406648225177,0.795761938931298,2.7251291
Kodak24,kodim03.png,20,1,lgss,28.9935806441,0.8320902094,4.8376231
Kodak24,kodim03.png,20,1,original,20.0871196924536,0.73245029557311,6.1050115
Kodak24,kodim03.png,20,1,tv,16.6394194461,0.111195933,1.6313417
Kodak24,kodim04.png,20,1,adaptive,24.280657368866,0.662383531791485,7.3816506
Kodak24,kodim04.png,20,1,bilateral,28.0773482725662,0.57141834754414,1.2020415
Kodak24,kodim04.png,20,1,guided,28.1016500574627,0.573005993082524,0.0148786
Kodak24,kodim04.png,20,1,l0,21.4719699491629,0.656522434858251,2.7178339
Kodak24,kodim04.png,20,1,lgss,26.9868461476,0.7337634616,9.3117954
Kodak24,kodim04.png,20,1,original,19.778030648612,0.616931826807133,5.2501181
Kodak24,kodim04.png,20,1,tv,16.6738593728,0.1205750967,2.6644263
Kodak24,kodim05.png,20,1,adaptive,24.0567678748092,0.710782462933639,6.6336968
Kodak24,kodim05.png,20,1,bilateral,25.4182900149386,0.746205096384562,1.0654461
Kodak24,kodim05.png,20,1,guided,24.7615313999291,0.719386229702254,0.0153908
Kodak24,kodim05.png,20,1,l0,20.853017553282,0.528360548968422,3.0269089
Kodak24,kodim05.png,20,1,lgss,24.6059999414,0.7373650001,6.4470257
Kodak24,kodim05.png,20,1,original,19.2729519116057,0.430113295819327,6.3121119
Kodak24,kodim05.png,20,1,tv,17.2070781481,0.3944307343,2.1344166
Kodak24,kodim06.png,20,1,adaptive,25.1483782525612,0.673536638688518,6.7851682
Kodak24,kodim06.png,20,1,bilateral,26.6432574288126,0.659100443065447,1.0963768
Kodak24,kodim06.png,20,1,guided,26.4863189165735,0.657769955859942,0.0162598
Kodak24,kodim06.png,20,1,l0,22.5678039591967,0.535415954302673,3.1402446
Kodak24,kodim06.png,20,1,lgss,25.7255146934,0.7268913296,6.1778029
Kodak24,kodim06.png,20,1,original,21.2689615088574,0.482136656951695,6.2196041
Kodak24,kodim06.png,20,1,tv,17.00590572,0.24385509,3.3071753
Kodak24,kodim07.png,20,1,adaptive,24.453175383404,0.726977476762475,6.4234315
Kodak24,kodim07.png,20,1,bilateral,26.8795176326316,0.629396073978488,1.0324861
Kodak24,kodim07.png,20,1,guided,26.5566036519798,0.61714263124938,0.0146561
Kodak24,kodim07.png,20,1,l0,21.9467634901095,0.639764256720728,2.9745908
Kodak24,kodim07.png,20,1,lgss,26.7961079051,0.8184544758,6.2455465
Kodak24,kodim07.png,20,1,original,18.365928739025,0.543345310739164,6.0510941
Kodak24,kodim07.png,20,1,tv,16.6771922204,0.2017155465,1.6468749
Kodak24,kodim08.png,20,1,adaptive,24.1709751013543,0.753539631737744,6.2438852
Kodak24,kodim08.png,20,1,bilateral,25.2850216387809,0.760926357532286,1.0400248
Kodak24,kodim08.png,20,1,guided,24.554945366141,0.742384972627413,0.0169462
Kodak24,kodim08.png,20,1,l0,21.4153187703799,0.622594275540062,2.870258
Kodak24,kodim08.png,20,1,lgss,23.8717394451,0.7228996471,4.9038429
Kodak24,kodim08.png,20,1,original,19.5698652781839,0.532947128834697,5.822722
Kodak24,kodim08.png,20,1,tv,17.247821868,0.4450267208,1.9025
Kodak24,kodim09.png,20,1,adaptive,27.0779129100707,0.799089857841233,6.5364972
Kodak24,kodim09.png,20,1,bilateral,27.9481146025011,0.583571029043966,1.0363175
Kodak24,kodim09.png,20,1,guided,27.6519928762439,0.581064348717745,0.0154523
Kodak24,kodim09.png,20,1,l0,24.3346273126565,0.809683329608043,3.0313482
Kodak24,kodim09.png,20,1,lgss,28.9517970981,0.8638167972,6.1657309
Kodak24,kodim09.png,20,1,original,20.9518660405258,0.749426546271135,5.8935477
Kodak24,kodim09.png,20,1,tv,16.686169709,0.1524303353,3.1155236
Kodak24,kodim10.png,20,1,adaptive,25.8764449710616,0.739348155337083,6.8219664
Kodak24,kodim10.png,20,1,bilateral,27.9598550456701,0.574775864753231,1.0474348
Kodak24,kodim10.png,20,1,guided,27.8468110485217,0.574854862075959,0.0205901
Kodak24,kodim10.png,20,1,l0,21.9684021074278,0.732725324000276,5.3004417
Kodak24,kodim10.png,20,1,lgss,28.0047144833,0.8142142461,5.0868104
Kodak24,kodim10.png,20,1,original,21.8889451309839,0.700054754755254,6.230676
Kodak24,kodim10.png,20,1,tv,16.6244606064,0.1346400987,1.6426971
Kodak24,kodim11.png,20,1,adaptive,24.903846299773,0.662941813390744,9.1377343
Kodak24,kodim11.png,20,1,bilateral,26.7271421114743,0.644115212995335,1.5073824
Kodak24,kodim11.png,20,1,guided,26.4540586941812,0.635808478794203,0.0202896
Kodak24,kodim11.png,20,1,l0,22.4291408366687,0.579804580671108,3.9883908
Kodak24,kodim11.png,20,1,lgss,26.4206062607,0.7215425284,4.7278717
Kodak24,kodim11.png,20,1,original,20.1517531951943,0.494852468068418,8.2056749
Kodak24,kodim11.png,20,1,tv,16.8866490075,0.2376809481,1.6341515
Kodak24,kodim12.png,20,1,adaptive,26.575856168328,0.700844524374889,20.6672362
Kodak24,kodim12.png,20,1,bilateral,28.1429443307484,0.588124126578921,4.0647465
Kodak24,kodim12.png,20,1,guided,28.0541667307551,0.590279728606231,0.0747292
Kodak24,kodim12.png,20,1,l0,24.0555534525997,0.7012493363475,6.983324
Kodak24,kodim12.png,20,1,lgss,26.1689265512,0.7447520954,7.515332
Kodak24,kodim12.png,20,1,original,21.5348458897896,0.677701412118534,18.7788504
Kodak24,kodim12.png,20,1,tv,16.8411642299,0.137436232,1.9256198
Kodak24,kodim13.png,20,1,adaptive,23.492444020015,0.633379788014241,26.457926
Kodak24,kodim13.png,20,1,bilateral,25.1698329141524,0.736372501096331,4.3647352
Kodak24,kodim13.png,20,1,guided,24.8086001627905,0.723376010789233,0.1577315
Kodak24,kodim13.png,20,1,l0,20.5900682198926,0.43590699323153,14.8547258
Kodak24,kodim13.png,20,1,lgss,23.8684165768,0.6443029852,6.3948143
Kodak24,kodim13.png,20,1,original,19.6711572664081,0.370303739763094,27.5557777
Kodak24,kodim13.png,20,1,tv,17.065492669,0.3966866225,2.4785853
Kodak24,kodim14.png,20,1,adaptive,24.2441190167126,0.622714826280061,26.1305533
Kodak24,kodim14.png,20,1,bilateral,26.2713506512817,0.667364703201512,4.3689358
Kodak24,kodim14.png,20,1,guided,25.9058388366145,0.653900257109538,0.0992549
Kodak24,kodim14.png,20,1,l0,21.246338852408,0.503680531368704,10.7389573
Kodak24,kodim14.png,20,1,lgss,25.0918132087,0.6821131841,5.8230759
Kodak24,kodim14.png,20,1,original,19.034111474763,0.424885418756358,21.8441068
Kodak24,kodim14.png,20,1,tv,16.8338557361,0.2660680092,1.7116611
Kodak24,kodim15.png,20,1,adaptive,23.9574976513368,0.62322307271524,21.4260326
Kodak24,kodim15.png,20,1,bilateral,27.9234174993389,0.611316664109601,3.3621003
Kodak24,kodim15.png,20,1,guided,27.8886788771287,0.61392902970824,0.9487539
Kodak24,kodim15.png,20,1,l0,21.126391623013,0.581597426017032,6.3666109
Kodak24,kodim15.png,20,1,lgss,26.105143548,0.6977114141,4.7728691
Kodak24,kodim15.png,20,1,original,20.1820987949731,0.555573715955189,29.6680477
Kodak24,kodim15.png,20,1,tv,17.1578573675,0.1549848562,1.6205802
Kodak24,kodim16.png,20,1,adaptive,25.5136141265633,0.645007237572899,21.0455184
Kodak24,kodim16.png,20,1,bilateral,27.5869142063047,0.585674053765164,2.6461513
Kodak24,kodim16.png,20,1,guided,27.6118440372848,0.586584584037346,0.0378096
Kodak24,kodim16.png,20,1,l0,21.6807186884794,0.598730323076956,9.7904819
Kodak24,kodim16.png,20,1,lgss,26.4253348133,0.7150584053,4.838026
Kodak24,kodim16.png,20,1,original,20.5556346685746,0.569537612387765,19.3672429
Kodak24,kodim16.png,20,1,tv,16.7235285339,0.1536159352,1.57217
Kodak24,kodim17.png,20,1,adaptive,24.2090135452858,0.632674184657489,17.5863389
Kodak24,kodim17.png,20,1,bilateral,27.3030754415508,0.62799166934253,2.1001296
Kodak24,kodim17.png,20,1,guided,27.0771668821469,0.621455259538258,0.0437157
Kodak24,kodim17.png,20,1,l0,21.8245484170591,0.571868271638243,5.0783742
Kodak24,kodim17.png,20,1,lgss,26.3474415042,0.71806019,5.0437153
Kodak24,kodim17.png,20,1,original,18.8508070347958,0.496247447257465,15.2313756
Kodak24,kodim17.png,20,1,tv,16.8599286909,0.1805160216,1.6682869
Kodak24,kodim18.png,20,1,adaptive,24.068981831635,0.60593237669773,14.4856668
Kodak24,kodim18.png,20,1,bilateral,26.4862005854044,0.650941019187219,2.2508646
Kodak24,kodim18.png,20,1,guided,26.2062379756918,0.641255152870725,0.0293577
Kodak24,kodim18.png,20,1,l0,21.7689237099131,0.49844101014498,6.2255535
Kodak24,kodim18.png,20,1,lgss,25.8411490601,0.7106068184,4.7746674
Kodak24,kodim18.png,20,1,original,20.3688837684949,0.447163826613697,13.2978497
Kodak24,kodim18.png,20,1,tv,16.9684254543,0.2466641611,1.6016067
Kodak24,kodim19.png,20,1,adaptive,25.3666742846827,0.757428235837683,17.5812338
Kodak24,kodim19.png,20,1,bilateral,26.4985572857309,0.661440216032635,2.2728786
Kodak24,kodim19.png,20,1,guided,26.0094624597177,0.651463568393268,0.0427683
Kodak24,kodim19.png,20,1,l0,22.6786403072341,0.690058023766778,8.7345768
Kodak24,kodim19.png,20,1,lgss,25.2884235524,0.7997640262,4.6941006
Kodak24,kodim19.png,20,1,original,20.5645301518696,0.624171762002094,16.8175788
Kodak24,kodim19.png,20,1,tv,16.8497452196,0.2791763955,1.6025821
Kodak24,kodim20.png,20,1,adaptive,26.0880129376737,0.826417395708463,9.3511679
Kodak24,kodim20.png,20,1,bilateral,28.5284842343469,0.764229896552595,1.5419839
Kodak24,kodim20.png,20,1,guided,27.8935488494327,0.768350015938491,0.0186756
Kodak24,kodim20.png,20,1,l0,23.7345825526342,0.794836484947227,4.4136684
Kodak24,kodim20.png,20,1,lgss,27.7834017585,0.8665042495,4.7945366
Kodak24,kodim20.png,20,1,original,21.837653646441,0.756401068294973,12.5722385
Kodak24,kodim20.png,20,1,tv,17.7365246573,0.178737253,1.5940972
Kodak24,kodim21.png,20,1,adaptive,25.8657284113047,0.751659227975797,6.2995956
Kodak24,kodim21.png,20,1,bilateral,26.6970983368414,0.639348066586774,1.0341389
Kodak24,kodim21.png,20,1,guided,26.442247476178,0.634796498066663,0.0156251
Kodak24,kodim21.png,20,1,l0,22.2554416763628,0.667158377540365,2.7232766
Kodak24,kodim21.png,20,1,lgss,26.0027949507,0.8119496117,4.8370297
Kodak24,kodim21.png,20,1,original,20.5739719058359,0.598613299864584,5.6586704
Kodak24,kodim21.png,20,1,tv,16.791800403,0.2364398552,1.5880508
Kodak24,kodim22.png,20,1,adaptive,25.0371522322429,0.656458483178137,6.1621332
Kodak24,kodim22.png,20,1,bilateral,27.3753609391594,0.601846121416442,1.0073497
Kodak24,kodim22.png,20,1,guided,27.1796473627161,0.597397070214072,0.0147969
Kodak24,kodim22.png,20,1,l0,22.6842348425744,0.615189610458603,2.7553603
Kodak24,kodim22.png,20,1,lgss,26.742634584,0.7297169583,5.0671459
Kodak24,kodim22.png,20,1,original,21.3085006434259,0.581247923104075,5.6190923
Kodak24,kodim22.png,20,1,tv,16.6931476912,0.1748597133,1.6657563
Kodak24,kodim23.png,20,1,adaptive,24.8008027829416,0.768017443154557,6.1210474
Kodak24,kodim23.png,20,1,bilateral,28.1391828275812,0.580824727508796,1.0154675
Kodak24,kodim23.png,20,1,guided,28.1312631805117,0.586164372915396,0.0158468
Kodak24,kodim23.png,20,1,l0,22.1054654842435,0.762908955371035,2.7536231
Kodak24,kodim23.png,20,1,lgss,25.9002242794,0.8214465534,4.9514754
Kodak24,kodim23.png,20,1,original,19.5491414368319,0.734601824436449,5.5871091
Kodak24,kodim23.png,20,1,tv,16.7027710372,0.1269582138,1.714271
Kodak24,kodim24.png,20,1,adaptive,24.1064382243241,0.642133919211217,6.2050823
Kodak24,kodim24.png,20,1,bilateral,26.7329203020776,0.638349545690957,1.0572697
Kodak24,kodim24.png,20,1,guided,26.4084339716256,0.626715824329707,0.0147264
Kodak24,kodim24.png,20,1,l0,20.9235588554517,0.56628666675348,2.9194945
Kodak24,kodim24.png,20,1,lgss,26.3864653448,0.7476681405,4.6624936
Kodak24,kodim24.png,20,1,original,19.6558600911886,0.520178540598526,5.633536
Kodak24,kodim24.png,20,1,tv,16.7528626237,0.2280800234,1.5816546
Kodak24,kodim01.png,25,1,adaptive,22.1531492548515,0.593219531754137,5.2654885
Kodak24,kodim01.png,25,1,bilateral,23.3670947789532,0.60720267336878,1.1740154
Kodak24,kodim01.png,25,1,guided,23.3223787051281,0.599851717727886,0.0150116
Kodak24,kodim01.png,25,1,l0,21.6185089651535,0.481674377824538,3.1620663
Kodak24,kodim01.png,25,1,lgss,23.0627949438,0.6569989669,4.5323135
Kodak24,kodim01.png,25,1,original,19.2446417607635,0.374912237985745,5.0533385
Kodak24,kodim01.png,25,1,tv,16.1149241675,0.3195570972,1.618607
Kodak24,kodim02.png,25,1,adaptive,24.0743579066026,0.443634025756238,10.5706461
Kodak24,kodim02.png,25,1,bilateral,24.9910827744371,0.404480567733051,1.0576968
Kodak24,kodim02.png,25,1,guided,25.2517696434247,0.411058780619862,0.0125145
Kodak24,kodim02.png,25,1,l0,24.2232054844676,0.652261282333258,2.2819034
Kodak24,kodim02.png,25,1,lgss,26.2664439487,0.6800732427,4.6053366
Kodak24,kodim02.png,25,1,original,23.8824212671212,0.642676217531238,5.4370042
Kodak24,kodim02.png,25,1,tv,16.0582203205,0.115703582,1.6134693
Kodak24,kodim03.png,25,1,adaptive,24.4464746615043,0.459138270781124,5.9104071
Kodak24,kodim03.png,25,1,bilateral,25.1405329859691,0.379361088411363,0.8860346
Kodak24,kodim03.png,25,1,guided,25.3621983008149,0.385492674007534,0.0124386
Kodak24,kodim03.png,25,1,l0,25.6911906875623,0.791222556638147,2.6696693
Kodak24,kodim03.png,25,1,lgss,27.0015813424,0.7554406243,4.6636
Kodak24,kodim03.png,25,1,original,20.3716690422865,0.736474500399302,5.631294
Kodak24,kodim03.png,25,1,tv,16.0081884824,0.099790332,1.6097202
Kodak24,kodim04.png,25,1,adaptive,24.2572516521035,0.451154181868601,5.5694784
Kodak24,kodim04.png,25,1,bilateral,25.0235604090376,0.40528038719091,0.8941105
Kodak24,kodim04.png,25,1,guided,25.2832720597114,0.412018103250668,0.0160705
Kodak24,kodim04.png,25,1,l0,21.6729015127998,0.657051022634975,2.829746
Kodak24,kodim04.png,25,1,lgss,25.7149260432,0.6648948359,7.5143055
Kodak24,kodim04.png,25,1,original,19.8950361999503,0.618844700977682,5.141465
Kodak24,kodim04.png,25,1,tv,16.0602680904,0.1076935518,1.6720049
Kodak24,kodim05.png,25,1,adaptive,22.6115181118727,0.659701849606559,6.3967979
Kodak24,kodim05.png,25,1,bilateral,23.3559789848643,0.653796772814353,1.0801568
Kodak24,kodim05.png,25,1,guided,23.0855370780217,0.637696181571267,0.0144165
Kodak24,kodim05.png,25,1,l0,20.9607877172552,0.540667048046485,3.0672315
Kodak24,kodim05.png,25,1,lgss,23.2431961261,0.7025622716,7.0643325
Kodak24,kodim05.png,25,1,original,19.6036231289747,0.450884035372655,6.3057856
Kodak24,kodim05.png,25,1,tv,16.5353347771,0.3656223718,2.6989811
Kodak24,kodim06.png,25,1,adaptive,23.2162563355583,0.582355901070178,6.7180868
Kodak24,kodim06.png,25,1,bilateral,24.303462407755,0.532204326175062,1.0665601
Kodak24,kodim06.png,25,1,guided,24.4188640140748,0.539988485163099,0.0150389
Kodak24,kodim06.png,25,1,l0,22.7518146519973,0.546495924334945,3.004021
Kodak24,kodim06.png,25,1,lgss,23.8732654719,0.6790033671,7.2835126
Kodak24,kodim06.png,25,1,original,21.6732746457407,0.496372708503861,6.2315195
Kodak24,kodim06.png,25,1,tv,16.3394829585,0.221052367,2.1354119
Kodak24,kodim07.png,25,1,adaptive,23.7733326453552,0.541827257189473,6.1852279
Kodak24,kodim07.png,25,1,bilateral,24.2443129593239,0.479503419389287,1.0314344
Kodak24,kodim07.png,25,1,guided,24.2985485405698,0.475819846757329,0.0168618
Kodak24,kodim07.png,25,1,l0,22.3884397450231,0.654145160921712,2.879705
Kodak24,kodim07.png,25,1,lgss,25.3846361954,0.7711183374,4.755112
Kodak24,kodim07.png,25,1,original,18.6057122963863,0.552019243548438,5.8731663
Kodak24,kodim07.png,25,1,tv,16.0276557758,0.182788114,1.5975082
Kodak24,kodim08.png,25,1,adaptive,22.3788916728452,0.683085101260865,6.1454357
Kodak24,kodim08.png,25,1,bilateral,23.1996658612352,0.673514883470089,1.0375391
Kodak24,kodim08.png,25,1,guided,22.8295246999564,0.662212056658834,0.0150128
Kodak24,kodim08.png,25,1,l0,21.4417707300169,0.632948144882823,2.9592482
Kodak24,kodim08.png,25,1,lgss,22.8510800477,0.7060791577,4.7155604
Kodak24,kodim08.png,25,1,original,19.7998461261062,0.552897558114597,5.8253586
Kodak24,kodim08.png,25,1,tv,16.5369485123,0.4167568239,1.5886564
Kodak24,kodim09.png,25,1,adaptive,24.2930994632531,0.493922902951578,6.9505141
Kodak24,kodim09.png,25,1,bilateral,24.8548254258991,0.412624616646269,1.0546375
Kodak24,kodim09.png,25,1,guided,24.9096763329909,0.414724856758708,0.016182
Kodak24,kodim09.png,25,1,l0,24.5714566561293,0.806932386599092,3.0389902
Kodak24,kodim09.png,25,1,lgss,27.256037144,0.8192557032,6.4007881
Kodak24,kodim09.png,25,1,original,21.4286005075271,0.759335675432749,6.5707539
Kodak24,kodim09.png,25,1,tv,16.0361807815,0.1397176707,1.9058982
Kodak24,kodim10.png,25,1,adaptive,24.1788615679512,0.469619578893763,10.6916875
Kodak24,kodim10.png,25,1,bilateral,24.8983593076665,0.404619869703299,1.6632064
Kodak24,kodim10.png,25,1,guided,25.0677776796762,0.409029124183575,0.0293865
Kodak24,kodim10.png,25,1,l0,22.1779641153712,0.730442230011894,4.4736872
Kodak24,kodim10.png,25,1,lgss,26.4503074796,0.7577583808,5.7037399
Kodak24,kodim10.png,25,1,original,22.1572681602523,0.70551573151325,10.6083455
Kodak24,kodim10.png,25,1,tv,15.9519971738,0.1211110748,2.1157582
Kodak24,kodim11.png,25,1,adaptive,23.3512018325541,0.543408324364308,8.8893742
Kodak24,kodim11.png,25,1,bilateral,24.2529373733938,0.513153527575467,1.4157869
Kodak24,kodim11.png,25,1,guided,24.2975052170136,0.512813905146751,0.0208953
Kodak24,kodim11.png,25,1,l0,22.6258177912046,0.58455782746611,4.3029473
Kodak24,kodim11.png,25,1,lgss,24.8537516146,0.6782099295,4.8891029
Kodak24,kodim11.png,25,1,original,20.5406394793838,0.509026098633805,8.1109914
Kodak24,kodim11.png,25,1,tv,16.2277509941,0.2170035107,1.6040086
Kodak24,kodim12.png,25,1,adaptive,24.2000505177226,0.48607248598643,12.9467409
Kodak24,kodim12.png,25,1,bilateral,25.1526301023349,0.427024707003954,1.6925077
Kodak24,kodim12.png,25,1,guided,25.3177690647871,0.435809502768223,0.0300331
Kodak24,kodim12.png,25,1,l0,24.1190830662074,0.698553802421308,6.9356199
Kodak24,kodim12.png,25,1,lgss,24.7995785332,0.6594533006,5.5853701
Kodak24,kodim12.png,25,1,original,21.4803641844935,0.679658807219094,14.6777982
Kodak24,kodim12.png,25,1,tv,16.2305232735,0.1242262373,2.179446
Kodak24,kodim13.png,25,1,adaptive,21.9119853989418,0.620183486137225,19.435581
Kodak24,kodim13.png,25,1,bilateral,23.1942379435771,0.651191979446743,3.2639858
Kodak24,kodim13.png,25,1,guided,23.1061793686944,0.645074734303343,0.0764964
Kodak24,kodim13.png,25,1,l0,20.6106270291556,0.450440616492523,9.7191067
Kodak24,kodim13.png,25,1,lgss,22.5381685001,0.6157013345,5.7821748
Kodak24,kodim13.png,25,1,original,19.9555757571639,0.39189946854694,22.1691508
Kodak24,kodim13.png,25,1,tv,16.3348900982,0.3645139482,1.6613982
Kodak24,kodim14.png,25,1,adaptive,23.0069493271256,0.547911424780283,25.6949235
Kodak24,kodim14.png,25,1,bilateral,23.9214943642484,0.5488548870213,4.1927135
Kodak24,kodim14.png,25,1,guided,23.8985674012616,0.544412601470413,0.2080295
Kodak24,kodim14.png,25,1,l0,21.4642780107912,0.511555447309847,12.2391163
Kodak24,kodim14.png,25,1,lgss,23.6575898215,0.6351232923,4.9955101
Kodak24,kodim14.png,25,1,original,19.487625099913,0.439820468449961,26.7354744
Kodak24,kodim14.png,25,1,tv,16.18637804,0.2426575213,1.7012915
Kodak24,kodim15.png,25,1,adaptive,24.1004961152246,0.51144092032469,23.5035882
Kodak24,kodim15.png,25,1,bilateral,25.2033711899408,0.461620690503748,3.768411
Kodak24,kodim15.png,25,1,guided,25.430382359912,0.473119183485525,0.0740505
Kodak24,kodim15.png,25,1,l0,21.0746440046986,0.582832783363064,14.5192069
Kodak24,kodim15.png,25,1,lgss,24.9604885093,0.6484951343,4.7347658
Kodak24,kodim15.png,25,1,original,20.414101690024,0.561306775514471,21.2347611
Kodak24,kodim15.png,25,1,tv,16.5901491053,0.1404477927,1.6181576
Kodak24,kodim16.png,25,1,adaptive,23.7031780787277,0.46160829865933,19.2670584
Kodak24,kodim16.png,25,1,bilateral,24.7887648158734,0.433204375349642,2.501134
Kodak24,kodim16.png,25,1,guided,25.0426190566556,0.439620560143807,0.0903242
Kodak24,kodim16.png,25,1,l0,22.1253483088136,0.599536156201809,8.5045494
Kodak24,kodim16.png,25,1,lgss,24.5430906262,0.6419168724,5.0461451
Kodak24,kodim16.png,25,1,original,20.8737412241722,0.573589847315162,20.030195
Kodak24,kodim16.png,25,1,tv,16.0856196932,0.1375114491,1.6136483
Kodak24,kodim17.png,25,1,adaptive,23.7608218071333,0.524306321264315,13.2475874
Kodak24,kodim17.png,25,1,bilateral,24.631770774813,0.481314194177055,2.1408295
Kodak24,kodim17.png,25,1,guided,24.7409103844064,0.484272143164532,0.052831
Kodak24,kodim17.png,25,1,l0,21.9397362855475,0.575030110913969,6.2665296
Kodak24,kodim17.png,25,1,lgss,24.972901843,0.6596314843,5.2051107
Kodak24,kodim17.png,25,1,original,19.3338937859649,0.509545075857596,10.7113877
Kodak24,kodim17.png,25,1,tv,16.2238281629,0.1629027317,1.5884602
Kodak24,kodim18.png,25,1,adaptive,23.2187421916663,0.535173055282552,14.6145675
Kodak24,kodim18.png,25,1,bilateral,24.1625025568596,0.528029898427125,2.7451581
Kodak24,kodim18.png,25,1,guided,24.1993702404499,0.527130843182937,0.0474791
Kodak24,kodim18.png,25,1,l0,21.8855920309919,0.506565141831613,7.0839371
Kodak24,kodim18.png,25,1,lgss,24.101436384,0.6611833545,4.7687062
Kodak24,kodim18.png,25,1,original,20.6535749919427,0.45968886957628,17.5240378
Kodak24,kodim18.png,25,1,tv,16.3691569701,0.2254480613,1.6420678
Kodak24,kodim19.png,25,1,adaptive,23.1768014051201,0.563471770850447,13.7918062
Kodak24,kodim19.png,25,1,bilateral,23.9783107328579,0.527362409843473,2.3273824
Kodak24,kodim19.png,25,1,guided,23.8831547854532,0.523379212157993,0.0231902
Kodak24,kodim19.png,25,1,l0,22.6673076471753,0.690489546214604,8.1891673
Kodak24,kodim19.png,25,1,lgss,24.035182425,0.7662595148,4.7814628
Kodak24,kodim19.png,25,1,original,20.984381869375,0.64028208908027,13.6958162
Kodak24,kodim19.png,25,1,tv,16.1731346124,0.2587396844,1.5936299
Kodak24,kodim20.png,25,1,adaptive,25.2436116659506,0.776353030350303,9.8557216
Kodak24,kodim20.png,25,1,bilateral,25.9855511499031,0.620598171936026,1.3345905
Kodak24,kodim20.png,25,1,guided,25.7106815968652,0.648242024942845,0.0202144
Kodak24,kodim20.png,25,1,l0,23.5349884542924,0.795735504506672,3.9780784
Kodak24,kodim20.png,25,1,lgss,25.8162682496,0.829292846,4.8227575
Kodak24,kodim20.png,25,1,original,21.7637182932132,0.761592203973626,8.7431567
Kodak24,kodim20.png,25,1,tv,17.1877915159,0.1640312303,1.7663364
Kodak24,kodim21.png,25,1,adaptive,23.2797705280667,0.542897930178126,6.5040842
Kodak24,kodim21.png,25,1,bilateral,24.1601561706,0.497192282339168,1.0260486
Kodak24,kodim21.png,25,1,guided,24.2053692044883,0.497534338216488,0.0155965
Kodak24,kodim21.png,25,1,l0,22.4754553433263,0.675274418226552,2.8174429
Kodak24,kodim21.png,25,1,lgss,24.6233800143,0.7769217008,4.7163466
Kodak24,kodim21.png,25,1,original,21.0609445012446,0.616291112703892,5.7762512
Kodak24,kodim21.png,25,1,tv,16.1068049036,0.2158719287,1.6130298
Kodak24,kodim22.png,25,1,adaptive,23.6767545705553,0.480523667996606,6.0456773
Kodak24,kodim22.png,25,1,bilateral,24.6136760141312,0.452190927585242,1.0348245
Kodak24,kodim22.png,25,1,guided,24.7170428490035,0.454025585412421,0.0255714
Kodak24,kodim22.png,25,1,l0,22.9671521998629,0.616871770297914,2.8569954
Kodak24,kodim22.png,25,1,lgss,24.8623365321,0.6609097378,4.6868228
Kodak24,kodim22.png,25,1,original,21.5508380347053,0.586657706337821,5.6924206
Kodak24,kodim22.png,25,1,tv,16.0374274019,0.1577213223,1.5867085
Kodak24,kodim23.png,25,1,adaptive,24.2802237328344,0.489376911991048,6.0502934
Kodak24,kodim23.png,25,1,bilateral,25.017118307556,0.404829798033922,1.0166377
Kodak24,kodim23.png,25,1,guided,25.2359759849147,0.413381558909071,0.0172632
Kodak24,kodim23.png,25,1,l0,22.5378928125073,0.763075022459736,2.762538
Kodak24,kodim23.png,25,1,lgss,25.2366002243,0.7679859037,4.8238145
Kodak24,kodim23.png,25,1,original,19.7967923723359,0.739563892137521,5.9167746
Kodak24,kodim23.png,25,1,tv,16.068499477,0.1151665439,1.5864083
Kodak24,kodim24.png,25,1,adaptive,23.2896247974612,0.520137640646864,6.0481377
Kodak24,kodim24.png,25,1,bilateral,24.1913121937957,0.502991685635068,1.0116508
Kodak24,kodim24.png,25,1,guided,24.2051077962176,0.500205435971784,0.0167688
Kodak24,kodim24.png,25,1,l0,21.2333495286681,0.577688896885348,2.797418
Kodak24,kodim24.png,25,1,lgss,24.7680251341,0.6906882887,4.6880365
Kodak24,kodim24.png,25,1,original,19.8054178719006,0.525953613058514,5.5617177
Kodak24,kodim24.png,25,1,tv,16.082307974,0.2081121975,1.5917652
Kodak24,kodim01.png,50,1,adaptive,14.5867061057386,0.258677396117562,6.121099
Kodak24,kodim01.png,50,1,bilateral,15.9284234930374,0.288532729486496,0.8518243
Kodak24,kodim01.png,50,1,guided,16.2603115289489,0.294245087062231,0.0127416
Kodak24,kodim01.png,50,1,l0,16.4894591109676,0.299669211498653,2.1349274
Kodak24,kodim01.png,50,1,lgss,15.1043984014,0.2823076653,4.4368747
Kodak24,kodim01.png,50,1,original,16.4760046606009,0.335512277947096,5.7863559
Kodak24,kodim01.png,50,1,tv,12.7552148519,0.1911880913,1.6744283
Kodak24,kodim02.png,50,1,adaptive,14.7827617159906,0.0930553395022732,5.7355295
Kodak24,kodim02.png,50,1,bilateral,16.3499608074027,0.113831807842768,0.9508603
Kodak24,kodim02.png,50,1,guided,16.8139590465512,0.11995580866272,0.012158
Kodak24,kodim02.png,50,1,l0,17.6684418995868,0.156414643056131,2.9583639
Kodak24,kodim02.png,50,1,lgss,15.8453981984,0.1220501641,4.4353358
Kodak24,kodim02.png,50,1,original,17.6398467135918,0.188809023041804,4.9609652
Kodak24,kodim02.png,50,1,tv,12.9730517798,0.0635608908,1.6144623
Kodak24,kodim03.png,50,1,adaptive,14.6547349619965,0.0805158313772459,5.7633275
Kodak24,kodim03.png,50,1,bilateral,16.2324599738442,0.0997689059733273,0.9203091
Kodak24,kodim03.png,50,1,guided,16.6472117485105,0.10464371108569,0.012527
Kodak24,kodim03.png,50,1,l0,17.4283171835532,0.145790623758554,2.530927
Kodak24,kodim03.png,50,1,lgss,15.8698224168,0.1172192697,6.7845335
Kodak24,kodim03.png,50,1,original,17.3720398057372,0.17776926772384,5.1168001
Kodak24,kodim03.png,50,1,tv,12.8054910248,0.0550774531,2.7311992
Kodak24,kodim04.png,50,1,adaptive,14.7294900550786,0.0856283279462734,5.1575433
Kodak24,kodim04.png,50,1,bilateral,16.2967468398756,0.107052982169671,1.0277616
Kodak24,kodim04.png,50,1,guided,16.7324635184642,0.1129633125726,0.016626
Kodak24,kodim04.png,50,1,l0,17.4669551786289,0.153510308877442,2.7595069
Kodak24,kodim04.png,50,1,lgss,15.7934261751,0.1247374921,7.4917766
Kodak24,kodim04.png,50,1,original,17.5377601133687,0.196956641790924,5.4089364
Kodak24,kodim04.png,50,1,tv,12.8813688989,0.0571291064,3.1517462
Kodak24,kodim05.png,50,1,adaptive,15.1870662302156,0.317561876939932,6.27608
Kodak24,kodim05.png,50,1,bilateral,16.3724908453664,0.346317676254054,1.0585239
Kodak24,kodim05.png,50,1,guided,16.7542975967304,0.352835010296544,0.0156303
Kodak24,kodim05.png,50,1,l0,17.1470523139089,0.374855218246934,3.0900199
Kodak24,kodim05.png,50,1,lgss,15.8716612749,0.3572417443,6.7852189
Kodak24,kodim05.png,50,1,original,17.6046182182568,0.431712293978182,5.7391959
Kodak24,kodim05.png,50,1,tv,13.3459441221,0.2380215313,3.4593229
Kodak24,kodim06.png,50,1,adaptive,14.9823271076763,0.18210569079072,6.1546168
Kodak24,kodim06.png,50,1,bilateral,16.39682397494,0.205382471175265,1.0597737
Kodak24,kodim06.png,50,1,guided,16.8183873001155,0.215159702473597,0.0167517
Kodak24,kodim06.png,50,1,l0,17.2453452544999,0.27405609262166,3.0186264
Kodak24,kodim06.png,50,1,lgss,15.8496652674,0.3142847395,5.8980387
Kodak24,kodim06.png,50,1,original,17.3397288330553,0.361062880895624,5.7650544
Kodak24,kodim06.png,50,1,tv,13.0809003584,0.1279351794,2.0941677
Kodak24,kodim07.png,50,1,adaptive,14.5941138386728,0.150762328802592,5.9562335
Kodak24,kodim07.png,50,1,bilateral,16.0550572830021,0.174965063461363,1.0442002
Kodak24,kodim07.png,50,1,guided,16.4176960920416,0.179567079803803,0.0151057
Kodak24,kodim07.png,50,1,l0,16.9449669366344,0.207535844609532,2.9151539
Kodak24,kodim07.png,50,1,lgss,15.403101527,0.1712628427,5.0505315
Kodak24,kodim07.png,50,1,original,16.9781906387628,0.23900874534485,5.9604753
Kodak24,kodim07.png,50,1,tv,12.7224270861,0.1044491595,1.6900712
Kodak24,kodim08.png,50,1,adaptive,15.0747756632524,0.359853541063468,5.9322319
Kodak24,kodim08.png,50,1,bilateral,16.1938861481393,0.385914253091458,1.0221054
Kodak24,kodim08.png,50,1,guided,16.504077170873,0.391288784666542,0.0165455
Kodak24,kodim08.png,50,1,l0,16.8817804635118,0.423479808386178,2.9444404
Kodak24,kodim08.png,50,1,lgss,16.0260125553,0.4251556497,6.0152293
Kodak24,kodim08.png,50,1,original,17.1344287210731,0.477501251481103,5.5400851
Kodak24,kodim08.png,50,1,tv,13.240448984,0.2857709738,3.6815525
Kodak24,kodim09.png,50,1,adaptive,14.6279218759954,0.11702063696066,5.9932334
Kodak24,kodim09.png,50,1,bilateral,16.1428241614153,0.136585329430576,1.0386618
Kodak24,kodim09.png,50,1,guided,16.5162756169359,0.140751427131737,0.0159463
Kodak24,kodim09.png,50,1,l0,17.2087084492558,0.182211089184126,2.9777959
Kodak24,kodim09.png,50,1,lgss,15.9941463959,0.1593247416,5.8989744
Kodak24,kodim09.png,50,1,original,17.1471279571346,0.212216713904701,5.8125133
Kodak24,kodim09.png,50,1,tv,12.7674219415,0.0861830398,1.8480324
Kodak24,kodim10.png,50,1,adaptive,14.4791422892312,0.0976421811663075,9.1129826
Kodak24,kodim10.png,50,1,bilateral,16.0286298737032,0.116780696176572,1.4994742
Kodak24,kodim10.png,50,1,guided,16.3738583319057,0.120783765623213,0.0219553
Kodak24,kodim10.png,50,1,l0,16.9046717362064,0.147202476734982,4.3367587
Kodak24,kodim10.png,50,1,lgss,15.5548037933,0.1235020431,4.7357999
Kodak24,kodim10.png,50,1,original,16.7354310892564,0.166228961152853,8.5294924
Kodak24,kodim10.png,50,1,tv,12.5866685337,0.0683898624,1.8969279
Kodak24,kodim11.png,50,1,adaptive,14.7959689410442,0.179347431614,8.7421905
Kodak24,kodim11.png,50,1,bilateral,16.222859050971,0.203689792583659,1.5634876
Kodak24,kodim11.png,50,1,guided,16.6033403112914,0.210114471184047,0.0225911
Kodak24,kodim11.png,50,1,l0,17.0856397204785,0.245332482585457,4.7021579
Kodak24,kodim11.png,50,1,lgss,15.6751545657,0.2318508583,4.6605534
Kodak24,kodim11.png,50,1,original,17.0963988817889,0.290490492918147,7.9831981
Kodak24,kodim11.png,50,1,tv,12.9102032377,0.1296701009,1.7247935
Kodak24,kodim12.png,50,1,adaptive,15.0011006691267,0.107487043236989,32.1285128
Kodak24,kodim12.png,50,1,bilateral,16.5224049214077,0.125385333384328,5.8126888
Kodak24,kodim12.png,50,1,guided,16.9939977853117,0.134043881386815,0.1295667
Kodak24,kodim12.png,50,1,l0,17.8368578855429,0.196061242264467,12.1463437
Kodak24,kodim12.png,50,1,lgss,15.8889237047,0.1629700278,4.9953678
Kodak24,kodim12.png,50,1,original,17.9410465275163,0.254736666193806,19.2165686
Kodak24,kodim12.png,50,1,tv,13.1357162566,0.0718694843,1.6486566
Kodak24,kodim13.png,50,1,adaptive,14.8334140091098,0.304020817878406,17.0791547
Kodak24,kodim13.png,50,1,bilateral,16.0793683563711,0.331473683247039,2.0283796
Kodak24,kodim13.png,50,1,guided,16.4342135245369,0.338952458060974,0.0323369
Kodak24,kodim13.png,50,1,l0,16.5796035504292,0.341480473469718,6.6200822
Kodak24,kodim13.png,50,1,lgss,15.322024593,0.3356590441,5.9195917
Kodak24,kodim13.png,50,1,original,16.656483019636,0.381962438656692,16.4092037
Kodak24,kodim13.png,50,1,tv,13.0019424799,0.2287150455,5.2468076
Kodak24,kodim14.png,50,1,adaptive,14.782678008222,0.200323295962667,35.6016897
Kodak24,kodim14.png,50,1,bilateral,16.178006258291,0.228624012162127,6.3624411
Kodak24,kodim14.png,50,1,guided,16.5672999172833,0.235010547853996,0.2179946
Kodak24,kodim14.png,50,1,l0,17.0622152756147,0.260851470645825,13.9555378
Kodak24,kodim14.png,50,1,lgss,15.4791107175,0.2372518726,4.8382459
Kodak24,kodim14.png,50,1,original,17.2112112432923,0.308746664706883,24.2310952
Kodak24,kodim14.png,50,1,tv,12.9485404863,0.1446431097,1.7352756
Kodak24,kodim15.png,50,1,adaptive,15.4492778026949,0.121226593688466,21.4537332
Kodak24,kodim15.png,50,1,bilateral,16.9194231593454,0.142427672933436,3.2838008
Kodak24,kodim15.png,50,1,guided,17.4785228356461,0.153605509908675,0.0831325
Kodak24,kodim15.png,50,1,l0,18.2275077714192,0.227300007784858,10.3123284
Kodak24,kodim15.png,50,1,lgss,16.7022486476,0.2341355032,4.6626822
Kodak24,kodim15.png,50,1,original,18.7618164544827,0.327118058586132,18.8639835
Kodak24,kodim15.png,50,1,tv,13.5285035602,0.0788561411,1.5883991
Kodak24,kodim16.png,50,1,adaptive,14.7046479537544,0.109035048156786,20.2773157
Kodak24,kodim16.png,50,1,bilateral,16.2512864798508,0.13135062572623,2.8851656
Kodak24,kodim16.png,50,1,guided,16.6747954287341,0.138098727513754,0.0479611
Kodak24,kodim16.png,50,1,l0,17.2968292330871,0.165232591879308,8.9896009
Kodak24,kodim16.png,50,1,lgss,15.4920975782,0.1328852053,4.4459223
Kodak24,kodim16.png,50,1,original,17.2786098305453,0.204191365266324,17.9849511
Kodak24,kodim16.png,50,1,tv,12.8487269279,0.0742331278,1.5755295
Kodak24,kodim17.png,50,1,adaptive,14.886902045337,0.134582722430836,12.7466407
Kodak24,kodim17.png,50,1,bilateral,16.3646048658506,0.159203180530831,1.6974454
Kodak24,kodim17.png,50,1,guided,16.78506928087,0.166168047424738,0.0451215
Kodak24,kodim17.png,50,1,l0,17.3558501664422,0.212758135278449,5.710228
Kodak24,kodim17.png,50,1,lgss,15.7527840634,0.2138740173,4.5724152
Kodak24,kodim17.png,50,1,original,17.4797749571657,0.27272249797119,9.5024072
Kodak24,kodim17.png,50,1,tv,12.9956110269,0.0913374089,1.6352456
Kodak24,kodim18.png,50,1,adaptive,15.1283416654625,0.189906213768893,17.9972241
Kodak24,kodim18.png,50,1,bilateral,16.5355984131787,0.216703840125611,2.6797619
Kodak24,kodim18.png,50,1,guided,17.020802442113,0.225184265542972,0.0305966
Kodak24,kodim18.png,50,1,l0,17.7433805003202,0.262484286683096,6.6249422
Kodak24,kodim18.png,50,1,lgss,16.0246740193,0.2442368655,4.4799308
Kodak24,kodim18.png,50,1,original,18.1050197232025,0.326082850847959,15.1126628
Kodak24,kodim18.png,50,1,tv,13.3166397175,0.1359010993,1.5916081
Kodak24,kodim19.png,50,1,adaptive,14.7156334583837,0.219283987713528,13.0752181
Kodak24,kodim19.png,50,1,bilateral,16.0869240985572,0.241436231413659,1.9489818
Kodak24,kodim19.png,50,1,guided,16.4392848731467,0.246425211372894,0.0168528
Kodak24,kodim19.png,50,1,l0,16.8803384453349,0.265972968644405,6.0384727
Kodak24,kodim19.png,50,1,lgss,15.7533169987,0.2496659558,4.4215584
Kodak24,kodim19.png,50,1,original,16.9293662593879,0.295657420235289,14.2991517
Kodak24,kodim19.png,50,1,tv,12.8647745543,0.1687496464,1.6776858
Kodak24,kodim20.png,50,1,adaptive,16.5330876836391,0.198627873371016,9.4132493
Kodak24,kodim20.png,50,1,bilateral,17.6941180496141,0.183490990247985,1.0714893
Kodak24,kodim20.png,50,1,guided,18.1872971509723,0.21250651697831,0.0156514
Kodak24,kodim20.png,50,1,l0,18.7263874864061,0.441798137857107,2.9995166
Kodak24,kodim20.png,50,1,lgss,17.9858298442,0.5946683259,4.7301984
Kodak24,kodim20.png,50,1,original,19.5926492107361,0.650530315390506,8.4141132
Kodak24,kodim20.png,50,1,tv,14.0626060941,0.0983216179,1.5976716
Kodak24,kodim21.png,50,1,adaptive,14.6361606935822,0.180062899387817,5.9035932
Kodak24,kodim21.png,50,1,bilateral,16.0642517451031,0.202590583493309,1.0021632
Kodak24,kodim21.png,50,1,guided,16.4087545682232,0.208017769071953,0.0160372
Kodak24,kodim21.png,50,1,l0,16.8167794806396,0.229785552611587,2.8111026
Kodak24,kodim21.png,50,1,lgss,15.6569130915,0.2136804274,4.5425398
Kodak24,kodim21.png,50,1,original,16.7517709029011,0.257679602988336,5.3476018
Kodak24,kodim21.png,50,1,tv,12.7498450787,0.1315334897,1.6016275
Kodak24,kodim22.png,50,1,adaptive,14.6259261342019,0.127442776514666,6.0665564
Kodak24,kodim22.png,50,1,bilateral,16.1338474974416,0.149823623959711,1.0008762
Kodak24,kodim22.png,50,1,guided,16.5143220797702,0.155190124772728,0.0141808
Kodak24,kodim22.png,50,1,l0,17.0882162467865,0.182325366718805,2.8794151
Kodak24,kodim22.png,50,1,lgss,15.4198899293,0.1590475975,4.4242552
Kodak24,kodim22.png,50,1,original,16.9987632823996,0.212847312923143,5.3009238
Kodak24,kodim22.png,50,1,tv,12.7655766735,0.0903872129,1.6112074
Kodak24,kodim23.png,50,1,adaptive,14.6986363700168,0.0964934008659312,5.9166028
Kodak24,kodim23.png,50,1,bilateral,16.240636296716,0.116001360569215,0.9742653
Kodak24,kodim23.png,50,1,guided,16.6455257326664,0.121563238233694,0.0129704
Kodak24,kodim23.png,50,1,l0,17.2953991085278,0.168909060688502,2.7459103
Kodak24,kodim23.png,50,1,lgss,16.0408641226,0.1538517737,4.5286348
Kodak24,kodim23.png,50,1,original,17.3016091180772,0.210445228261918,5.2206468
Kodak24,kodim23.png,50,1,tv,12.8322089717,0.0679110836,1.5813037
Kodak24,kodim24.png,50,1,adaptive,14.6446059472226,0.172560526578544,6.3821504
Kodak24,kodim24.png,50,1,bilateral,16.0876166099111,0.196291377570246,0.9902374
Kodak24,kodim24.png,50,1,guided,16.4444936762467,0.201113733170732,0.0147689
Kodak24,kodim24.png,50,1,l0,16.9243609587713,0.225617923890244,2.7995075
Kodak24,kodim24.png,50,1,lgss,15.3418612781,0.1979893787,4.6448611
Kodak24,kodim24.png,50,1,original,16.9170569220938,0.258564847050388,5.2815663
Kodak24,kodim24.png,50,1,tv,12.7868501959,0.1266675294,1.592471
Set12,01.png,10,1,adaptive,26.1311212192071,0.789699342267868,1.3798152
Set12,01.png,10,1,bilateral,31.9280642425255,0.895499299159867,0.2215918
Set12,01.png,10,1,guided,30.4392432728717,0.87740150427868,0.2858229
Set12,01.png,10,1,l0,24.7122564425549,0.768890822511189,0.6532905
Set12,01.png,10,1,lgss,27.3001909374,0.8197783116,1.1763328
Set12,01.png,10,1,original,22.0444139132377,0.706985090555844,7.7038142
Set12,01.png,10,1,tv,17.8628419287,0.2737967749,0.2065382
Set12,02.png,10,1,adaptive,23.1259869732926,0.732748876843231,2.129768
Set12,02.png,10,1,bilateral,32.9164116155505,0.870790930227224,0.2891086
Set12,02.png,10,1,guided,31.126088958132,0.852498031472772,0.0660437
Set12,02.png,10,1,l0,24.9501072952638,0.756032455277545,0.7175947
Set12,02.png,10,1,lgss,25.3660928278,0.7867918896,0.9256036
Set12,02.png,10,1,original,18.4302390456845,0.634644056811452,1.6499306
Set12,02.png,10,1,tv,17.1445547177,0.1955832316,0.2230134
Set12,03.png,10,1,adaptive,22.295508405252,0.719224910580377,1.7015626
Set12,03.png,10,1,bilateral,32.2029542943158,0.895325120777274,0.3239231
Set12,03.png,10,1,guided,30.2496317618917,0.867847383592449,0.0032017
Set12,03.png,10,1,l0,22.5111538253979,0.700914505667605,0.6607157
Set12,03.png,10,1,lgss,24.5645404117,0.7811252491,0.7586268
Set12,03.png,10,1,original,18.65403069458,0.588523293553842,2.2540824
Set12,03.png,10,1,tv,17.3277172317,0.2484077244,0.1764582
Set12,04.png,10,1,adaptive,21.2212708136767,0.647621788967701,1.5757494
Set12,04.png,10,1,bilateral,30.4310805325436,0.895888599767993,0.1946004
Set12,04.png,10,1,guided,28.321914418704,0.861806489049866,0.003089
Set12,04.png,10,1,l0,20.4682969101269,0.568885031569173,0.5885561
Set12,04.png,10,1,lgss,24.0176433628,0.7498305244,0.8546714
Set12,04.png,10,1,original,17.8943438204628,0.421176093883074,1.4365977
Set12,04.png,10,1,tv,17.5498340107,0.3557460846,0.1864333
Set12,05.png,10,1,adaptive,22.4655775925354,0.726537837851887,1.6314937
Set12,05.png,10,1,bilateral,30.9676362060136,0.919003613140277,0.2159114
Set12,05.png,10,1,guided,28.9418109151082,0.887190419962654,0.0064779
Set12,05.png,10,1,l0,21.9294849724357,0.710609972063975,0.6707117
Set12,05.png,10,1,lgss,25.1110404255,0.8071895547,1.0782775
Set12,05.png,10,1,original,19.5848066580943,0.610687223736606,1.6357392
Set12,05.png,10,1,tv,17.3865079393,0.351362204,0.1819216
Set12,06.png,10,1,adaptive,24.0857689236375,0.779404899106044,2.0083088
Set12,06.png,10,1,bilateral,31.4709013861702,0.901279355474309,0.2366795
Set12,06.png,10,1,guided,29.5914159404073,0.88131895880219,0.0025762
Set12,06.png,10,1,l0,23.3543726919825,0.742170905461229,0.5828755
Set12,06.png,10,1,lgss,26.6866502333,0.8294688349,0.7982335
Set12,06.png,10,1,original,19.6762291986896,0.616940708201007,1.8234027
Set12,06.png,10,1,tv,17.4915907587,0.3005082353,0.217903
Set12,07.png,10,1,adaptive,21.4137668259043,0.682872760563005,1.6871423
Set12,07.png,10,1,bilateral,30.8968249852317,0.888479213306821,0.2216021
Set12,07.png,10,1,guided,29.8431355312146,0.869295253501205,0.0045045
Set12,07.png,10,1,l0,21.429192129281,0.664984900748074,0.6960797
Set12,07.png,10,1,lgss,24.7224641284,0.7538270963,0.9097749
Set12,07.png,10,1,original,18.413447127302,0.582934543050123,1.5629245
Set12,07.png,10,1,tv,17.9711542938,0.3224669603,0.2926077
Set12,08.png,10,1,adaptive,20.6666622961982,0.664951531151093,6.6251175
Set12,08.png,10,1,bilateral,32.7184231612403,0.874501475349159,1.4001143
Set12,08.png,10,1,guided,31.3225872944754,0.857796286889241,0.0498986
Set12,08.png,10,1,l0,22.6082681698589,0.682660518769389,3.4087759
Set12,08.png,10,1,lgss,23.5366604934,0.7500861158,5.5335613
Set12,08.png,10,1,original,18.6735899923739,0.604328333877601,8.3736663
Set12,08.png,10,1,tv,17.0980645553,0.1766293287,1.6457863
Set12,09.png,10,1,adaptive,20.5116662071895,0.638163682750353,7.0225251
Set12,09.png,10,1,bilateral,30.4701065293093,0.877516481682771,1.4399742
Set12,09.png,10,1,guided,29.1915121970579,0.856729615142791,0.020307
Set12,09.png,10,1,l0,20.6039315250692,0.548333576591225,3.1125052
Set12,09.png,10,1,lgss,22.4880627281,0.6699056907,4.4944003
Set12,09.png,10,1,original,17.1278604569153,0.450457248876592,6.2311912
Set12,09.png,10,1,tv,17.5345449536,0.3041324421,1.5034988
Set12,10.png,10,1,adaptive,22.1907482055589,0.595318578938949,5.4964916
Set12,10.png,10,1,bilateral,30.9960656978461,0.83320165495164,1.1227406
Set12,10.png,10,1,guided,29.6758538517761,0.812198661006332,0.0193421
Set12,10.png,10,1,l0,21.9998017222697,0.571525507348252,3.3527997
Set12,10.png,10,1,lgss,25.254383059,0.6848140483,4.4455063
Set12,10.png,10,1,original,19.8797492733996,0.494405888042533,4.6569079
Set12,10.png,10,1,tv,17.2870060311,0.2407448524,1.8403876
Set12,11.png,10,1,adaptive,21.3126622113913,0.580087277336697,8.0197361
Set12,11.png,10,1,bilateral,31.2829553974117,0.84825264868699,1.2657066
Set12,11.png,10,1,guided,29.7866557906134,0.820339741297953,0.0149275
Set12,11.png,10,1,l0,21.3349406435632,0.572919676442948,3.0643019
Set12,11.png,10,1,lgss,25.4015771475,0.6893028162,4.4111643
Set12,11.png,10,1,original,17.5532375406991,0.462762142344803,6.3449096
Set12,11.png,10,1,tv,17.1976633359,0.2199964801,1.6978934
Set12,12.png,10,1,adaptive,22.0294619326957,0.558820812224976,5.8263768
Set12,12.png,10,1,bilateral,30.544819096384,0.83676918850522,1.0650735
Set12,12.png,10,1,guided,29.0977537895639,0.809491822595406,0.0206405
Set12,12.png,10,1,l0,21.3974320007974,0.522398540618686,2.6558265
Set12,12.png,10,1,lgss,25.2534924617,0.6837390141,5.4086694
Set12,12.png,10,1,original,18.1864950371892,0.427501428010129,6.4008013
Set12,12.png,10,1,tv,17.2487585911,0.2570429158,1.9780575
Set12,01.png,20,1,adaptive,26.5002247163325,0.785431245611619,1.3785652
Set12,01.png,20,1,bilateral,27.372697894916,0.669722920981046,0.4799195
Set12,01.png,20,1,guided,26.5428330892768,0.653996890912737,0.0098168
Set12,01.png,20,1,l0,24.6007450696841,0.766396164438212,1.8127728
Set12,01.png,20,1,lgss,27.0308651902,0.8427446415,0.8627331
Set12,01.png,20,1,original,22.9659283994035,0.725707211302939,1.1152908
Set12,01.png,20,1,tv,17.2091975104,0.2555572124,0.2204984
Set12,02.png,20,1,adaptive,26.6796592128034,0.746362916440541,1.6978875
Set12,02.png,20,1,bilateral,27.4345625408412,0.607837874843253,0.2227741
Set12,02.png,20,1,guided,27.0117816981881,0.598081848815586,0.0057505
Set12,02.png,20,1,l0,25.0327449057058,0.757656018813309,0.6572808
Set12,02.png,20,1,lgss,27.6206513843,0.8055188287,1.1657642
Set12,02.png,20,1,original,19.7053425738529,0.655182596001354,1.4987018
Set12,02.png,20,1,tv,16.7294093089,0.1850770181,0.2602209
Set12,03.png,20,1,adaptive,24.7495501454052,0.744619065265558,1.7863816
Set12,03.png,20,1,bilateral,26.972223157517,0.656117657958093,0.2162923
Set12,03.png,20,1,guided,26.3420123512144,0.635205647886035,0.0033807
Set12,03.png,20,1,l0,22.5366886531271,0.704739713801406,0.8182913
Set12,03.png,20,1,lgss,25.1666412581,0.7894428048,0.7533877
Set12,03.png,20,1,original,19.1106293844292,0.600298032268301,1.7716511
Set12,03.png,20,1,tv,16.8107437642,0.233534897,0.1933925
Set12,04.png,20,1,adaptive,23.8110603297051,0.738591734632328,2.1132025
Set12,04.png,20,1,bilateral,25.8753523344478,0.725847691244429,0.3907045
Set12,04.png,20,1,guided,25.2258392828291,0.701119389111538,0.0069053
Set12,04.png,20,1,l0,20.7461370087714,0.591589935970404,0.8408196
Set12,04.png,20,1,lgss,24.1375365004,0.756409973,0.9057357
Set12,04.png,20,1,original,18.284827676657,0.452639761935253,1.3466581
Set12,04.png,20,1,tv,17.0441437472,0.333855922,0.2827247
Set12,05.png,20,1,adaptive,24.7507726646373,0.785095392761938,2.3769559
Set12,05.png,20,1,bilateral,26.3671743743601,0.720282823636612,0.201291
Set12,05.png,20,1,guided,25.1448556993414,0.6838734525085,0.0024081
Set12,05.png,20,1,l0,22.3940466581428,0.724271479246174,0.608799
Set12,05.png,20,1,lgss,25.0258735502,0.8173935532,0.8279448
Set12,05.png,20,1,original,20.0884557113189,0.636143765094524,1.5098473
Set12,05.png,20,1,tv,16.8820225114,0.333993039,0.2025878
Set12,06.png,20,1,adaptive,25.1498798313996,0.78654271294848,1.2982733
Set12,06.png,20,1,bilateral,26.6802221897707,0.669184329674151,0.1981581
Set12,06.png,20,1,guided,25.9000291207171,0.652817097858032,0.0037787
Set12,06.png,20,1,l0,23.428142427287,0.748405910632064,0.5932379
Set12,06.png,20,1,lgss,26.0614144407,0.8277697962,1.3107511
Set12,06.png,20,1,original,20.4633944382722,0.657313942970479,1.1542374
Set12,06.png,20,1,tv,17.0452328725,0.2821548996,0.2649621
Set12,07.png,20,1,adaptive,24.0804127312151,0.730448100095502,1.5493955
Set12,07.png,20,1,bilateral,26.653876168709,0.695036426649413,0.1714409
Set12,07.png,20,1,guided,26.0553110142287,0.682379355399016,0.0031451
Set12,07.png,20,1,l0,21.8947218755579,0.670780751824664,0.9094204
Set12,07.png,20,1,lgss,24.7679763778,0.7717818122,1.1236049
Set12,07.png,20,1,original,18.4338405924061,0.588222419243412,1.6415204
Set12,07.png,20,1,tv,17.3732865065,0.3046811819,0.2864794
Set12,08.png,20,1,adaptive,24.4993834425916,0.71742295971177,8.5363133
Set12,08.png,20,1,bilateral,27.4407286245955,0.606942191993325,1.052425
Set12,08.png,20,1,guided,27.2722662823837,0.60291990842448,0.0168078
Set12,08.png,20,1,l0,23.0297382935931,0.692681950438858,2.8121303
Set12,08.png,20,1,lgss,24.2083866267,0.769844609,4.5887001
Set12,08.png,20,1,original,19.0953053191302,0.615838177947912,6.289161
Set12,08.png,20,1,tv,16.6905490101,0.1667945901,1.7012631
Set12,09.png,20,1,adaptive,23.7287807418952,0.718488668302704,8.6152066
Set12,09.png,20,1,bilateral,26.1527523029901,0.672597622975717,1.2606696
Set12,09.png,20,1,guided,25.9989964258892,0.665471368253254,0.0246551
Set12,09.png,20,1,l0,20.8691353661636,0.57352996059021,3.0544271
Set12,09.png,20,1,lgss,23.7221199892,0.7158276384,4.3998373
Set12,09.png,20,1,original,17.6462068146538,0.47877660908347,6.214688
Set12,09.png,20,1,tv,16.9319485701,0.2784680559,2.138387
Set12,10.png,20,1,adaptive,24.5689114895229,0.649210308082516,6.6245613
Set12,10.png,20,1,bilateral,26.7883874810858,0.641129251755885,1.1988815
Set12,10.png,20,1,guided,26.4946540935457,0.63134878937361,0.0185357
Set12,10.png,20,1,l0,22.3878376234542,0.582473213528113,2.8743899
Set12,10.png,20,1,lgss,25.6198664173,0.711365025,4.6623543
Set12,10.png,20,1,original,20.1761583496572,0.510270600072523,7.0605926
Set12,10.png,20,1,tv,16.7961735935,0.228534291,1.7118931
Set12,11.png,20,1,adaptive,24.455417474537,0.647997332656674,8.0338715
Set12,11.png,20,1,bilateral,26.9397814185751,0.630939435749545,1.4230418
Set12,11.png,20,1,guided,26.6247406671666,0.618669543153482,0.0176832
Set12,11.png,20,1,l0,21.6926984713726,0.584182031979407,3.7217463
Set12,11.png,20,1,lgss,26.2432592222,0.7284388476,7.0238105
Set12,11.png,20,1,original,18.4912875398578,0.482263495016226,6.0897854
Set12,11.png,20,1,tv,16.7477938398,0.2055256356,7.1895557
Set12,12.png,20,1,adaptive,24.4980933420467,0.642121313565975,9.0296471
Set12,12.png,20,1,bilateral,26.5127190415764,0.649614222965837,1.1945929
Set12,12.png,20,1,guided,26.2063977062324,0.637112452333731,0.0155796
Set12,12.png,20,1,l0,21.3974261283399,0.536851281707728,3.3251501
Set12,12.png,20,1,lgss,25.6050129924,0.7118212648,7.0897115
Set12,12.png,20,1,original,18.7106250228876,0.43886461455179,7.0636444
Set12,12.png,20,1,tv,16.7543767752,0.2403906128,1.9201707
Set12,01.png,25,1,adaptive,24.0378194381081,0.612472506018788,2.2718426
Set12,01.png,25,1,bilateral,24.7103887643102,0.528045497623785,0.4354244
Set12,01.png,25,1,guided,24.3310441067835,0.5202651367065,0.0106852
Set12,01.png,25,1,l0,24.4267420368921,0.757817618924493,1.3217246
Set12,01.png,25,1,lgss,25.527769994,0.8164971983,0.9142081
Set12,01.png,25,1,original,23.5074698452242,0.741051197583867,3.3433684
Set12,01.png,25,1,tv,16.5195500139,0.2377641987,0.379117
Set12,02.png,25,1,adaptive,23.9396911761428,0.503773420569101,1.2847972
Set12,02.png,25,1,bilateral,24.5218155277303,0.451231864045466,0.1763441
Set12,02.png,25,1,guided,24.4973967682505,0.448880386593517,0.0028128
Set12,02.png,25,1,l0,25.0174922340884,0.742601373882217,0.8025356
Set12,02.png,25,1,lgss,26.2509089446,0.7616032303,0.9921604
Set12,02.png,25,1,original,20.1709827812709,0.667714867802661,1.3339788
Set12,02.png,25,1,tv,16.0679161111,0.1688806283,0.4867581
Set12,03.png,25,1,adaptive,23.7276367186072,0.56260199774393,3.0199814
Set12,03.png,25,1,bilateral,24.2583322549324,0.512367472566376,0.3893755
Set12,03.png,25,1,guided,24.0672509667574,0.501795414159669,0.0052072
Set12,03.png,25,1,l0,22.6913050106806,0.701558036514746,1.3807863
Set12,03.png,25,1,lgss,24.6160057899,0.7581412113,0.7853039
Set12,03.png,25,1,original,19.8324484985873,0.627615003044642,2.0129636
Set12,03.png,25,1,tv,16.1737693104,0.214639918,0.1732114
Set12,04.png,25,1,adaptive,23.1030147176957,0.659706955034213,1.5911928
Set12,04.png,25,1,bilateral,23.5881620002631,0.613091218703232,0.146981
Set12,04.png,25,1,guided,23.3886255416738,0.60015230707015,0.0023711
Set12,04.png,25,1,l0,21.0841081569356,0.608518426637631,0.5880217
Set12,04.png,25,1,lgss,23.3219465773,0.7195076121,1.0337494
Set12,04.png,25,1,original,18.8412893104349,0.483325970782014,1.3905783
Set12,04.png,25,1,tv,16.4016916691,0.3084827626,0.2018092
Set12,05.png,25,1,adaptive,23.216321760427,0.634721206630869,1.9072031
Set12,05.png,25,1,bilateral,23.8401094237991,0.598214961650806,0.5171035
Set12,05.png,25,1,guided,23.153041338256,0.572763732351619,0.0127194
Set12,05.png,25,1,l0,22.4378210420709,0.729708275398063,0.8584726
Set12,05.png,25,1,lgss,24.0315115256,0.7865787476,0.8007849
Set12,05.png,25,1,original,20.4075101148271,0.65021928552326,1.3145623
Set12,05.png,25,1,tv,16.2454597267,0.3129705805,0.1938403
Set12,06.png,25,1,adaptive,23.4056950991777,0.597050342119762,1.5974943
Set12,06.png,25,1,bilateral,24.1137632480369,0.535249081069977,0.2471682
Set12,06.png,25,1,guided,23.8273577907226,0.527430501083091,0.0028661
Set12,06.png,25,1,l0,23.3828414614402,0.747425231156582,0.7162396
Set12,06.png,25,1,lgss,24.7659879098,0.8023889707,0.8749913
Set12,06.png,25,1,original,20.938582408352,0.678603167780053,1.4981511
Set12,06.png,25,1,tv,16.4473372064,0.263273046,0.1877377
Set12,07.png,25,1,adaptive,23.6427605692663,0.631073459833059,2.1012953
Set12,07.png,25,1,bilateral,24.2962894613736,0.571784199725684,0.2337525
Set12,07.png,25,1,guided,24.025792373361,0.568049086180304,0.0058821
Set12,07.png,25,1,l0,21.9429251202659,0.6705528932412,0.6446074
Set12,07.png,25,1,lgss,23.9889996041,0.7515361394,1.05689
Set12,07.png,25,1,original,18.5016998492035,0.594187601594809,2.0242724
Set12,07.png,25,1,tv,16.6990507471,0.2843410596,0.2737959
Set12,08.png,25,1,adaptive,24.0270951105305,0.507654076837228,7.8403018
Set12,08.png,25,1,bilateral,24.5899490608809,0.448357409826614,1.0667218
Set12,08.png,25,1,guided,24.7169850795676,0.450468315382481,0.0140868
Set12,08.png,25,1,l0,23.6466355245072,0.697297807218751,2.7262571
Set12,08.png,25,1,lgss,24.3251001028,0.7364092139,4.4186785
Set12,08.png,25,1,original,19.461299083309,0.624602715235855,6.1778908
Set12,08.png,25,1,tv,16.0622001537,0.1513204902,1.5492329
Set12,09.png,25,1,adaptive,22.9267837499301,0.586994409767848,5.894926
Set12,09.png,25,1,bilateral,23.8071280014524,0.545011718130562,0.9316432
Set12,09.png,25,1,guided,23.9335770753386,0.546287839755235,0.0125973
Set12,09.png,25,1,l0,21.2124397422916,0.590019433442313,2.2710086
Set12,09.png,25,1,lgss,23.3147646486,0.6935508696,5.6151592
Set12,09.png,25,1,original,17.9593643322488,0.504641781366044,6.4621661
Set12,09.png,25,1,tv,16.2698777957,0.2549195828,1.7717426
Set12,10.png,25,1,adaptive,23.4252300724499,0.529506469532848,7.7231839
Set12,10.png,25,1,bilateral,24.2263803946216,0.506421991725861,1.049686
Set12,10.png,25,1,guided,24.2674381553872,0.504931186272333,0.01343
Set12,10.png,25,1,l0,22.5910279930229,0.588543485968932,2.6073754
Set12,10.png,25,1,lgss,24.3262313846,0.6638977957,4.5278941
Set12,10.png,25,1,original,20.7633765929488,0.524961919199234,5.622234
Set12,10.png,25,1,tv,16.1191036083,0.2077623186,1.5472012
Set12,11.png,25,1,adaptive,23.5577733856636,0.519727940424277,6.8455343
Set12,11.png,25,1,bilateral,24.3186065381592,0.490710370366966,1.3613827
Set12,11.png,25,1,guided,24.3631580147554,0.488124798030479,0.0234371
Set12,11.png,25,1,l0,22.1804144801544,0.594480388845547,2.7138478
Set12,11.png,25,1,lgss,24.7640702927,0.6734435292,5.8710998
Set12,11.png,25,1,original,19.1318248371214,0.499461279726875,6.9023798
Set12,11.png,25,1,tv,16.1125220451,0.1861330505,1.8492929
Set12,12.png,25,1,adaptive,23.1867002743221,0.530452012096418,6.2254842
Set12,12.png,25,1,bilateral,24.0546671412899,0.520223188808343,1.0447471
Set12,12.png,25,1,guided,24.0905988419154,0.516493700337961,0.0183979
Set12,12.png,25,1,l0,21.6911628611588,0.546437737256496,2.7996102
Set12,12.png,25,1,lgss,24.2869814834,0.6654946265,5.2691095
Set12,12.png,25,1,original,19.118283494764,0.453637674883503,5.6316785
Set12,12.png,25,1,tv,16.0897999,0.2182709504,1.8383472
Set12,01.png,50,1,adaptive,15.1215757906042,0.208315038417106,4.7002934
Set12,01.png,50,1,bilateral,16.4431326916777,0.226471419159593,0.5098644
Set12,01.png,50,1,guided,16.7702530746502,0.229391168819574,0.0509115
Set12,01.png,50,1,l0,17.3840852474253,0.294826476653641,1.3351549
Set12,01.png,50,1,lgss,16.4177424818,0.3203976911,0.8634223
Set12,01.png,50,1,original,17.4253300035722,0.353139370213585,3.1618807
Set12,01.png,50,1,tv,13.1691872837,0.158058969,0.3129169
Set12,02.png,50,1,adaptive,14.6407958384843,0.138295845754241,2.0433437
Set12,02.png,50,1,bilateral,16.1133800126271,0.160991434648426,0.3603724
Set12,02.png,50,1,guided,16.4839637174381,0.165233915453974,0.003752
Set12,02.png,50,1,l0,17.229473374651,0.210123518444338,0.9457007
Set12,02.png,50,1,lgss,15.8910889399,0.1817955215,0.8528442
Set12,02.png,50,1,original,17.2184555344664,0.240413735009295,1.5452197
Set12,02.png,50,1,tv,12.7989786501,0.1006554599,0.2507273
Set12,03.png,50,1,adaptive,14.7359333801525,0.177919565824446,2.1582961
Set12,03.png,50,1,bilateral,16.1287933746692,0.203953845900062,0.286049
Set12,03.png,50,1,guided,16.471921890299,0.208138174086563,0.004367
Set12,03.png,50,1,l0,17.0905584494306,0.251486450072298,0.8338901
Set12,03.png,50,1,lgss,15.7815315976,0.2185564546,0.8402625
Set12,03.png,50,1,original,17.2046838061399,0.291709172189691,1.9971068
Set12,03.png,50,1,tv,12.8810207808,0.1303408816,0.3067637
Set12,04.png,50,1,adaptive,15.0013584895971,0.262701818052845,1.3408018
Set12,04.png,50,1,bilateral,16.2494550254155,0.292476965278157,0.236252
Set12,04.png,50,1,guided,16.634244080094,0.299199433293989,0.0049769
Set12,04.png,50,1,l0,17.0883165317515,0.345760258442885,0.906951
Set12,04.png,50,1,lgss,15.8080366694,0.322157639,0.9229725
Set12,04.png,50,1,original,17.5109093748594,0.422935355251152,1.3004125
Set12,04.png,50,1,tv,13.1443755152,0.1933287261,0.2237623
Set12,05.png,50,1,adaptive,14.8319516824929,0.27252545106718,1.5487434
Set12,05.png,50,1,bilateral,16.1116197702202,0.301343567735927,0.21204
Set12,05.png,50,1,guided,16.3693189298487,0.301932960725922,0.004614
Set12,05.png,50,1,l0,17.1812075798087,0.355079985279042,0.8843778
Set12,05.png,50,1,lgss,15.7884380711,0.3097549448,0.8180448
Set12,05.png,50,1,original,17.3582954850523,0.391910977468753,1.5170975
Set12,05.png,50,1,tv,13.0334999457,0.2140007306,0.1819603
Set12,06.png,50,1,adaptive,15.1346370740198,0.224431063870693,2.4425842
Set12,06.png,50,1,bilateral,16.4688126715634,0.250122593913556,0.3225632
Set12,06.png,50,1,guided,16.9108474822722,0.255802108099425,0.0050465
Set12,06.png,50,1,l0,17.8104995060152,0.331333589799073,1.0006387
Set12,06.png,50,1,lgss,16.830157224,0.3550697782,0.8908097
Set12,06.png,50,1,original,18.2137131069201,0.421318544836358,1.4959261
Set12,06.png,50,1,tv,13.3748209365,0.1742539983,0.180989
Set12,07.png,50,1,adaptive,15.3324471022599,0.250499171182993,1.3496734
Set12,07.png,50,1,bilateral,16.5828485181078,0.273476854558311,0.1834748
Set12,07.png,50,1,guided,16.9185586247789,0.279014897365926,0.0031797
Set12,07.png,50,1,l0,17.4566199051704,0.338494262263921,0.7897194
Set12,07.png,50,1,lgss,16.6064188048,0.3736573936,1.0346164
Set12,07.png,50,1,original,17.8367487777318,0.421241567346317,1.1773494
Set12,07.png,50,1,tv,13.3749234224,0.1942697349,0.2264739
Set12,08.png,50,1,adaptive,14.6907246223942,0.123271909902754,6.8777088
Set12,08.png,50,1,bilateral,16.1867575746819,0.147286118265972,1.3151348
Set12,08.png,50,1,guided,16.5854237396245,0.152849258571955,0.0189252
Set12,08.png,50,1,l0,17.3113037171801,0.197423519705203,3.2855452
Set12,08.png,50,1,lgss,15.9431427473,0.1731753716,4.506135
Set12,08.png,50,1,original,17.37442337997,0.242017189762108,5.7170892
Set12,08.png,50,1,tv,12.8346092997,0.0866606291,1.8435578
Set12,09.png,50,1,adaptive,14.8383337300153,0.209193480518443,5.3428967
Set12,09.png,50,1,bilateral,16.210724926224,0.236716502884528,0.9065067
Set12,09.png,50,1,guided,16.6244671720536,0.244803139022296,0.0231362
Set12,09.png,50,1,l0,16.9637399308679,0.276820138665099,2.3229177
Set12,09.png,50,1,lgss,15.8968285446,0.2744311434,4.2191203
Set12,09.png,50,1,original,17.1717996407029,0.342891717616279,4.4370405
Set12,09.png,50,1,tv,13.0007657013,0.1541827833,1.4985937
Set12,10.png,50,1,adaptive,14.6870118710139,0.168240555203253,6.2104082
Set12,10.png,50,1,bilateral,16.1242883256775,0.19377970741707,1.0378223
Set12,10.png,50,1,guided,16.4876743189327,0.199566264471671,0.0133522
Set12,10.png,50,1,l0,16.9787258819057,0.234898915126464,2.4540711
Set12,10.png,50,1,lgss,15.5213261249,0.2118631174,4.2437879
Set12,10.png,50,1,original,17.0164502527942,0.278950069287051,4.8138198
Set12,10.png,50,1,tv,12.8054641648,0.1216650742,1.6914828
Set12,11.png,50,1,adaptive,14.7269533577998,0.15066302370506,5.7542919
Set12,11.png,50,1,bilateral,16.1940534882308,0.177236866395041,0.9754994
Set12,11.png,50,1,guided,16.5900578909762,0.183207468139721,0.0140407
Set12,11.png,50,1,l0,17.2399223686941,0.224176450925284,2.9710989
Set12,11.png,50,1,lgss,15.5647238196,0.1954472193,5.6553565
Set12,11.png,50,1,original,17.3445653477091,0.276278778380816,6.4803718
Set12,11.png,50,1,tv,12.8792059314,0.1062647995,1.7906925
Set12,12.png,50,1,adaptive,14.6327315001582,0.177406489104215,5.822531
Set12,12.png,50,1,bilateral,16.0589026811509,0.203461771779781,1.1865766
Set12,12.png,50,1,guided,16.4132332107585,0.208894329759875,0.0213502
Set12,12.png,50,1,l0,16.8004196069624,0.225935630875773,2.8045093
Set12,12.png,50,1,lgss,15.4100397882,0.2042171664,5.0305394
Set12,12.png,50,1,original,16.8278094879927,0.26182999731661,5.1785027
Set12,12.png,50,1,tv,12.7474985698,0.1255721586,1.8923429
custom,custom_01.png,10,1,adaptive,26.1311212192071,0.789699342267868,1.4145876
custom,custom_01.png,10,1,bilateral,31.9280642425255,0.895499299159867,0.1837866
custom,custom_01.png,10,1,guided,30.4392432728717,0.87740150427868,0.0972626
custom,custom_01.png,10,1,l0,24.7122564425549,0.768890822511189,0.7098377
custom,custom_01.png,10,1,original,22.0444139132377,0.706985090555844,2.3819026
custom,custom_02.png,10,1,adaptive,22.4655775925354,0.726537837851887,1.6208795
custom,custom_02.png,10,1,bilateral,30.9676362060136,0.919003613140277,0.2953252
custom,custom_02.png,10,1,guided,28.9418109151082,0.887190419962654,0.0279659
custom,custom_02.png,10,1,l0,21.9294849724357,0.710609972063975,0.7359199
custom,custom_02.png,10,1,lgss,25.1110404255,0.8071895547,1.1947932
custom,custom_02.png,10,1,original,19.5848066580943,0.610687223736606,1.5064988
custom,custom_02.png,10,1,tv,17.3865079393,0.351362204,0.2486486
custom,custom_03.png,10,1,adaptive,20.6666622961982,0.664951531151093,8.5826803
custom,custom_03.png,10,1,bilateral,32.7184231612403,0.874501475349159,0.8455541
custom,custom_03.png,10,1,guided,31.3225872944754,0.857796286889241,0.0129231
custom,custom_03.png,10,1,l0,22.6082681698589,0.682660518769389,2.2510357
custom,custom_03.png,10,1,lgss,23.5366604934,0.7500861158,5.0557424
custom,custom_03.png,10,1,original,18.6735899923739,0.604328333877601,6.5716408
custom,custom_03.png,10,1,tv,17.0980645553,0.1766293287,1.7169797
custom,custom_01.png,20,1,adaptive,26.5002247163325,0.785431245611619,1.3825375
custom,custom_01.png,20,1,bilateral,27.372697894916,0.669722920981046,0.1785301
custom,custom_01.png,20,1,guided,26.5428330892768,0.653996890912737,0.008273
custom,custom_01.png,20,1,l0,24.6007450696841,0.766396164438212,0.6778964
custom,custom_01.png,20,1,lgss,27.0308651902,0.8427446415,1.5846105
custom,custom_01.png,20,1,original,22.9659283994035,0.725707211302939,1.2537288
custom,custom_01.png,20,1,tv,17.2091975104,0.2555572124,0.3130886
custom,custom_02.png,20,1,adaptive,24.7507726646373,0.785095392761938,2.3758068
custom,custom_02.png,20,1,bilateral,26.3671743743601,0.720282823636612,0.3430135
custom,custom_02.png,20,1,guided,25.1448556993414,0.6838734525085,0.0047731
custom,custom_02.png,20,1,l0,22.3940466581428,0.724271479246174,0.8602038
custom,custom_02.png,20,1,lgss,25.0258735502,0.8173935532,1.1661929
custom,custom_02.png,20,1,original,20.0884557113189,0.636143765094524,1.602543
custom,custom_02.png,20,1,tv,16.8820225114,0.333993039,0.2860759
custom,custom_03.png,20,1,adaptive,24.4993834425916,0.71742295971177,5.5137139
custom,custom_03.png,20,1,bilateral,27.4407286245955,0.606942191993325,0.990693
custom,custom_03.png,20,1,guided,27.2722662823837,0.60291990842448,0.0118165
custom,custom_03.png,20,1,l0,23.0297382935931,0.692681950438858,2.4274873
custom,custom_03.png,20,1,lgss,24.2083866267,0.769844609,4.4976005
custom,custom_03.png,20,1,original,19.0953053191302,0.615838177947912,4.8156145
custom,custom_03.png,20,1,tv,16.6905490101,0.1667945901,1.5608614
custom,custom_01.png,25,1,adaptive,24.0378194381081,0.612472506018788,1.3958075
custom,custom_01.png,25,1,bilateral,24.7103887643102,0.528045497623785,0.1799615
custom,custom_01.png,25,1,guided,24.3310441067835,0.5202651367065,0.0059961
custom,custom_01.png,25,1,l0,24.4267420368921,0.757817618924493,0.6733125
custom,custom_01.png,25,1,lgss,25.527769994,0.8164971983,0.9485395
custom,custom_01.png,25,1,original,23.5074698452242,0.741051197583867,1.2726484
custom,custom_01.png,25,1,tv,16.5195500139,0.2377641987,0.250617
custom,custom_02.png,25,1,adaptive,23.216321760427,0.634721206630869,1.6086244
custom,custom_02.png,25,1,bilateral,23.8401094237991,0.598214961650806,0.1891844
custom,custom_02.png,25,1,guided,23.153041338256,0.572763732351619,0.0035646
custom,custom_02.png,25,1,l0,22.4378210420709,0.729708275398063,0.7359599
custom,custom_02.png,25,1,lgss,24.0315115256,0.7865787476,0.7665024
custom,custom_02.png,25,1,original,20.4075101148271,0.65021928552326,1.6126698
custom,custom_02.png,25,1,tv,16.2454597267,0.3129705805,0.1698408
custom,custom_03.png,25,1,adaptive,24.0270951105305,0.507654076837228,5.5069068
custom,custom_03.png,25,1,bilateral,24.5899490608809,0.448357409826614,1.0057467
custom,custom_03.png,25,1,guided,24.7169850795676,0.450468315382481,0.0125518
custom,custom_03.png,25,1,l0,23.6466355245072,0.697297807218751,4.5159021
custom,custom_03.png,25,1,lgss,24.3251001028,0.7364092139,4.6820606
custom,custom_03.png,25,1,original,19.461299083309,0.624602715235855,4.7721617
custom,custom_03.png,25,1,tv,16.0622001537,0.1513204902,1.6262975
custom,custom_01.png,50,1,adaptive,15.1215757906042,0.208315038417106,1.3824526
custom,custom_01.png,50,1,bilateral,16.4431326916777,0.226471419159593,0.181708
custom,custom_01.png,50,1,guided,16.7702530746502,0.229391168819574,0.0049126
custom,custom_01.png,50,1,l0,17.3840852474253,0.294826476653641,0.7297436
custom,custom_01.png,50,1,lgss,16.4177424818,0.3203976911,1.0202857
custom,custom_01.png,50,1,original,17.4253300035722,0.353139370213585,1.2485341
custom,custom_01.png,50,1,tv,13.1691872837,0.158058969,0.2998475
custom,custom_02.png,50,1,adaptive,14.8319516824929,0.27252545106718,1.4798596
custom,custom_02.png,50,1,bilateral,16.1116197702202,0.301343567735927,0.2058862
custom,custom_02.png,50,1,guided,16.3693189298487,0.301932960725922,0.0044453
custom,custom_02.png,50,1,l0,17.1812075798087,0.355079985279042,0.7776487
custom,custom_02.png,50,1,lgss,15.7884380711,0.3097549448,0.7572008
custom,custom_02.png,50,1,original,17.3582954850523,0.391910977468753,1.407185
custom,custom_02.png,50,1,tv,13.0334999457,0.2140007306,0.1698184
custom,custom_03.png,50,1,adaptive,14.6907246223942,0.123271909902754,5.3480448
custom,custom_03.png,50,1,bilateral,16.1867575746819,0.147286118265972,1.0447936
custom,custom_03.png,50,1,guided,16.5854237396245,0.152849258571955,0.0152722
custom,custom_03.png,50,1,l0,17.3113037171801,0.197423519705203,2.4715431
custom,custom_03.png,50,1,lgss,15.9431427473,0.1731753716,4.6434004
custom,custom_03.png,50,1,original,17.37442337997,0.242017189762108,6.9561675
custom,custom_03.png,50,1,tv,12.8346092997,0.0866606291,2.6563624
